Time,Objective value
0.0028629302978515625,6666
0.0028743743896484375,6666
0.002885580062866211,6666
