Time,Objective value
0.002488374710083008,6730
0.0024962425231933594,6730
0.002504587173461914,6730
