Time,Objective value
0.0018477439880371094,6732
0.0018553733825683594,6732
0.0018618106842041016,6732
