Time,Objective value
0.0022301673889160156,6854
0.002238750457763672,6854
0.0022459030151367188,6854
