Time,Objective value
0.0023136138916015625,6868
0.0023195743560791016,6868
0.0023262500762939453,6868
