Time,Objective value
0.0028486251831054688,6820
0.002858877182006836,6820
0.002870321273803711,6820
