Time,Objective value
0.0034246444702148438,6906
0.003435850143432617,6906
0.003448009490966797,6906
