Time,Objective value
0.004304170608520508,3908
0.0043103694915771484,3908
0.007727622985839844,3820
0.010016202926635742,3820
0.012406110763549805,3820
0.014795303344726562,3820
0.01674628257751465,3780
0.018630504608154297,3780
0.02112102508544922,3780
0.02316427230834961,3780
0.025238513946533203,3780
0.026899337768554688,3780
0.02872300148010254,3780
0.030503034591674805,3780
0.03219914436340332,3780
0.03386807441711426,3780
0.03611254692077637,3780
0.0389096736907959,3780
0.041310787200927734,3780
0.04382777214050293,3768
0.04573249816894531,3768
0.04754972457885742,3768
0.04920649528503418,3768
0.051611900329589844,3768
0.05381202697753906,3768
0.055913448333740234,3768
0.0559234619140625,3768
