Time,Objective value
0.003392934799194336,3854
0.0033998489379882812,3854
0.005185604095458984,3854
0.008187055587768555,3854
0.009944915771484375,3826
0.012187480926513672,3826
0.013955354690551758,3826
0.016295671463012695,3826
0.017997264862060547,3826
0.019908666610717773,3796
0.02206563949584961,3796
0.024213075637817383,3796
0.025950193405151367,3796
0.028145313262939453,3796
0.029958724975585938,3796
0.03149700164794922,3796
0.034026384353637695,3796
0.035654306411743164,3796
0.03752279281616211,3796
0.039322853088378906,3796
0.04226040840148926,3796
0.043862342834472656,3796
0.0457158088684082,3796
0.04755210876464844,3796
0.05013847351074219,3796
0.05137276649475098,3796
0.05138206481933594,3796
