Time,Objective value
14.949279069900513,151270
14.950526714324951,151270
22.793463468551636,148870
30.792100191116333,148818
38.00346350669861,148682
44.92849516868591,148574
52.34398341178894,148472
59.211158990859985,148394
66.12652897834778,148394
73.530353307724,148368
79.520339012146,148196
86.27148962020874,148196
92.65358591079712,148196
99.41214799880981,148166
105.0223617553711,148166
105.02302241325378,148166
