Time,Objective value
0.0034275054931640625,726313066
0.003434419631958008,726313066
0.0061702728271484375,726313066
0.009197235107421875,650466120
0.011264562606811523,650466120
0.013787031173706055,650466120
0.016620635986328125,650466120
0.018735170364379883,650466120
0.020790576934814453,650466120
0.022754192352294922,650466120
0.025162935256958008,650466120
0.028009891510009766,650466120
0.030444860458374023,650466120
0.03322935104370117,650466120
0.03562450408935547,650466120
0.03806495666503906,650466120
0.04011344909667969,650466120
0.04285597801208496,650466120
0.0449833869934082,650466120
0.04746222496032715,650466120
0.04953956604003906,650466120
0.05239582061767578,650466120
0.05477643013000488,650466120
0.05761313438415527,650466120
0.059995174407958984,650466120
0.0633091926574707,650466120
0.06332230567932129,650466120
