Time,Objective value
0.0053920745849609375,721387505
0.005401134490966797,721387505
0.009589910507202148,721387505
0.012889385223388672,721387505
0.016361713409423828,721387505
0.02068948745727539,721387505
0.024843931198120117,714310648
0.028163909912109375,652133234
0.03150534629821777,652133234
0.036190032958984375,652133234
0.040198326110839844,652133234
0.04345369338989258,652133234
0.047048091888427734,652133234
0.051619529724121094,652133234
0.05625557899475098,652133234
0.06072092056274414,652133234
0.0634455680847168,652133234
0.06723356246948242,652133234
0.0694417953491211,652133234
0.07203292846679688,652133234
0.07471084594726562,652133234
0.07737946510314941,652133234
0.07957744598388672,652133234
0.08220696449279785,652133234
0.08566927909851074,652133234
0.08875536918640137,652133234
0.08877778053283691,652133234
