Time,Objective value
0.004911899566650391,722586880
0.004918098449707031,722586880
0.008436203002929688,722586880
0.011505842208862305,719352523
0.01459956169128418,719352523
0.018598556518554688,719352523
0.022960424423217773,719352523
0.026103496551513672,719352523
0.031099319458007812,719352523
0.03612208366394043,719352523
0.0398259162902832,719352523
0.04559063911437988,719352523
0.04919743537902832,719352523
0.05305218696594238,719352523
0.05757403373718262,719352523
0.062076568603515625,713319676
0.0659646987915039,713319676
0.0702657699584961,713319676
0.07549095153808594,713319676
0.07914876937866211,713319676
0.08292746543884277,713319676
0.08722400665283203,713319676
0.09092855453491211,713319676
0.0961754322052002,713319676
0.09998488426208496,713319676
0.10458755493164062,713319676
0.10460400581359863,713319676
