Time,Objective value
0.00571131706237793,732211616
0.0057220458984375,732211616
0.009396791458129883,728796972
0.01256704330444336,720579241
0.01592421531677246,720579241
0.020784378051757812,719299664
0.0261838436126709,719226976
0.030432939529418945,719226976
0.03526020050048828,719226976
0.03940725326538086,719226976
0.04418468475341797,719226976
0.04682040214538574,719226976
0.048905372619628906,719226976
0.05137467384338379,719226976
0.053827524185180664,715403060
0.05662798881530762,715403060
0.05917072296142578,651619931
0.06161618232727051,651619931
0.06410574913024902,651619931
0.06616926193237305,651619931
0.0687558650970459,650870625
0.07304930686950684,650870625
0.07659053802490234,650870625
0.08002281188964844,650870625
0.0833430290222168,650870625
0.0867605209350586,650870625
0.08677554130554199,650870625
