Time,Objective value
0.004995822906494141,726313066
0.005001544952392578,726313066
0.00922250747680664,726313066
0.014510869979858398,650466120
0.018132686614990234,650466120
0.022485971450805664,650466120
0.02756500244140625,650466120
0.03135490417480469,650466120
0.03519248962402344,650466120
0.03866982460021973,650466120
0.04274249076843262,650466120
0.04771614074707031,650466120
0.05187845230102539,650466120
0.05685091018676758,650466120
0.06136655807495117,650466120
0.06603813171386719,650466120
0.0699455738067627,650466120
0.07508635520935059,650466120
0.07883930206298828,650466120
0.0831444263458252,650466120
0.08674049377441406,650466120
0.09174704551696777,650466120
0.0959625244140625,650466120
0.1009368896484375,650466120
0.10556244850158691,650466120
0.1114962100982666,650466120
0.1115121841430664,650466120
