Time,Objective value
0.005698680877685547,722586880
0.005708217620849609,722586880
0.009699106216430664,722586880
0.013166666030883789,719352523
0.017248153686523438,719352523
0.021224260330200195,719352523
0.025934457778930664,719352523
0.029406309127807617,719352523
0.03415489196777344,719352523
0.038903236389160156,719352523
0.04252290725708008,719352523
0.04802370071411133,719352523
0.05150604248046875,719352523
0.055138349533081055,719352523
0.05920743942260742,719352523
0.06338787078857422,713319676
0.06709480285644531,713319676
0.07124543190002441,713319676
0.07594776153564453,713319676
0.0795431137084961,713319676
0.0832829475402832,713319676
0.08646678924560547,713319676
0.08927726745605469,713319676
0.09225106239318848,713319676
0.09443092346191406,713319676
0.09694504737854004,713319676
0.09695672988891602,713319676
