Time,Objective value
0.005792856216430664,757844434
0.005801677703857422,757844434
0.009670734405517578,728079458
0.013787269592285156,728079458
0.017170429229736328,728079458
0.020851850509643555,723687850
0.026653051376342773,723687850
0.03146958351135254,723078819
0.036370277404785156,722721263
0.04046201705932617,722721263
0.04457449913024902,722721263
0.048722267150878906,722721263
0.05345869064331055,699889026
0.05696272850036621,699889026
0.06249594688415527,699889026
0.06595778465270996,699889026
0.06883811950683594,699889026
0.07091784477233887,699889026
0.07340478897094727,699889026
0.07587599754333496,699889026
0.07828545570373535,699889026
0.08079862594604492,690608461
0.08324503898620605,690608461
0.08576035499572754,690608461
0.08826184272766113,690608461
0.0908060073852539,690608461
0.09081649780273438,690608461
