Time,Objective value
0.004203081130981445,723819590
0.004210472106933594,723819590
0.006791114807128906,723819590
0.008867740631103516,723380399
0.010952949523925781,721866876
0.013346672058105469,721866876
0.015754222869873047,721866876
0.017801284790039062,721866876
0.01984882354736328,721866876
0.022670507431030273,721199410
0.024686813354492188,721199410
0.026680707931518555,721199410
0.029075145721435547,721199410
0.031868696212768555,721199410
0.03460955619812012,721199410
0.036611318588256836,721199410
0.039786577224731445,721199410
0.04301309585571289,720861946
0.04535031318664551,720861946
0.04781317710876465,720861946
0.049846649169921875,720861946
0.052317142486572266,720861946
0.05436992645263672,720861946
0.05679178237915039,719780041
0.05890297889709473,719780041
0.06133294105529785,719780041
0.061339616775512695,719780041
