Time,Objective value
0.003147125244140625,792891370
0.0031528472900390625,792891370
0.005537986755371094,720763305
0.007979631423950195,720763305
0.010043621063232422,670412078
0.012451648712158203,670412078
0.01451563835144043,670412078
0.016920089721679688,670412078
0.019008398056030273,670412078
0.02100348472595215,670412078
0.02270984649658203,670412078
0.024671554565429688,670412078
0.027119874954223633,670412078
0.029909372329711914,670412078
0.032376766204833984,670412078
0.0348355770111084,670412078
0.036422014236450195,670412078
0.038910865783691406,670412078
0.04178762435913086,670412078
0.044150352478027344,670412078
0.04658031463623047,670412078
0.048700571060180664,670412078
0.05129861831665039,670412078
0.05392956733703613,670412078
0.056806325912475586,670412078
0.060901641845703125,670412078
0.06092023849487305,670412078
