Time,Objective value
0.006031990051269531,724115926
0.0060405731201171875,724115926
0.01024627685546875,724115926
0.013848304748535156,723837819
0.018106460571289062,721540200
0.022469520568847656,721540200
0.02681255340576172,721540200
0.030895233154296875,721540200
0.03506636619567871,721540200
0.039792776107788086,721540200
0.04327058792114258,659211991
0.047152042388916016,659211991
0.05250978469848633,659211991
0.057076454162597656,659211991
0.061078548431396484,653299038
0.06516051292419434,653299038
0.06883764266967773,653299038
0.07314443588256836,653299038
0.07675051689147949,653299038
0.08024811744689941,653299038
0.08375144004821777,653299038
0.08873581886291504,653299038
0.09239053726196289,653299038
0.09685182571411133,653299038
0.10135650634765625,651109424
0.10608839988708496,651109424
0.10610651969909668,651109424
