Time,Objective value
0.003551483154296875,3968
0.003557443618774414,3968
0.005579233169555664,3790
0.007134675979614258,3790
0.00851297378540039,3790
0.009836196899414062,3790
0.011188030242919922,3790
0.012720108032226562,3790
0.014046192169189453,3790
0.015366077423095703,3790
0.016750335693359375,3790
0.018076419830322266,3788
0.01943349838256836,3788
0.021162033081054688,3788
0.02296161651611328,3788
0.024317264556884766,3788
0.025669336318969727,3788
0.027027606964111328,3788
0.028349876403808594,3788
0.029991865158081055,3788
0.031564950942993164,3788
0.033132314682006836,3788
0.0349423885345459,3788
0.036565542221069336,3788
0.037909507751464844,3788
0.03903055191040039,3788
0.03903818130493164,3788
