Time,Objective value
0.0038614273071289062,3818
0.0038671493530273438,3818
0.005644083023071289,3800
0.0069811344146728516,3776
0.008800029754638672,3776
0.010168790817260742,3776
0.01150655746459961,3776
0.012855768203735352,3776
0.014658689498901367,3776
0.015966415405273438,3776
0.017511606216430664,3776
0.019073963165283203,3776
0.02042555809020996,3776
0.02200484275817871,3776
0.023349761962890625,3776
0.024701833724975586,3776
0.0262606143951416,3776
0.027570486068725586,3776
0.029106855392456055,3776
0.03044748306274414,3776
0.03180193901062012,3776
0.03287529945373535,3776
0.03446388244628906,3776
0.03580164909362793,3776
0.03737688064575195,3776
0.038965702056884766,3776
0.03897452354431152,3776
