Time,Objective value
0.003904581069946289,4026
0.00391077995300293,4026
0.005496025085449219,3872
0.007302761077880859,3854
0.009174823760986328,3854
0.010937929153442383,3854
0.012324094772338867,3854
0.013640165328979492,3854
0.015206575393676758,3854
0.016545534133911133,3854
0.01808953285217285,3756
0.0196993350982666,3756
0.02147650718688965,3756
0.02306532859802246,3756
0.024896860122680664,3756
0.026451587677001953,3756
0.02778005599975586,3756
0.029134273529052734,3756
0.030651569366455078,3756
0.032242774963378906,3756
0.03358173370361328,3756
0.03515434265136719,3756
0.03667426109313965,3756
0.038228511810302734,3756
0.03953671455383301,3756
0.04064774513244629,3756
0.04065561294555664,3756
