Time,Objective value
0.0032918453216552734,3970
0.003298044204711914,3970
0.004890918731689453,3970
0.00651097297668457,3848
0.00830221176147461,3834
0.010110616683959961,3806
0.011464595794677734,3806
0.012830495834350586,3806
0.014404058456420898,3806
0.015480995178222656,3806
0.017007112503051758,3780
0.01836538314819336,3780
0.019943714141845703,3780
0.02127814292907715,3780
0.022666215896606445,3780
0.024212360382080078,3780
0.025558948516845703,3780
0.027127742767333984,3780
0.02842569351196289,3780
0.02997303009033203,3780
0.03174710273742676,3780
0.03331875801086426,3780
0.034895896911621094,3780
0.03650856018066406,3780
0.03807783126831055,3780
0.0394587516784668,3780
0.03946733474731445,3780
