Time,Objective value
0.005373239517211914,3758
0.0053827762603759766,3758
0.007689952850341797,3758
0.009826898574829102,3758
0.011958837509155273,3758
0.014180421829223633,3758
0.016797542572021484,3758
0.019462108612060547,3758
0.021742820739746094,3758
0.023929595947265625,3758
0.0265047550201416,3758
0.028592824935913086,3758
0.031023263931274414,3758
0.03312849998474121,3758
0.03567910194396973,3758
0.03828549385070801,3758
0.04068899154663086,3758
0.04307365417480469,3758
0.04558920860290527,3758
0.04861855506896973,3758
0.05113506317138672,3758
0.05456113815307617,3758
0.0580136775970459,3758
0.06045055389404297,3758
0.06342959403991699,3754
0.06607508659362793,3754
0.06609225273132324,3754
