Time,Objective value
1.4202473163604736,489196352
1.4212069511413574,489196352
2.180432081222534,461619993
2.9967052936553955,461616277
3.6981430053710938,461616277
4.275942325592041,461150654
4.674694538116455,461150654
5.465909481048584,461016109
5.917625188827515,461016109
6.7096476554870605,460974362
7.513412237167358,460974362
8.425583839416504,460974362
9.307373523712158,460974362
10.080942153930664,460974362
10.876124858856201,460974362
11.72966194152832,460974362
12.517387628555298,460974362
13.403702974319458,460974362
14.247767448425293,460974362
14.813021183013916,460974362
15.240961790084839,460974362
15.989194869995117,460974362
16.85258960723877,460974362
17.431652784347534,460974362
17.86185908317566,460974362
18.303701162338257,460974362
18.73616933822632,460974362
19.389925003051758,460974362
20.305216073989868,460974362
21.247642040252686,460974362
21.77355933189392,460974362
22.25276255607605,460973537
23.028133153915405,460941179
23.91623854637146,460941179
24.428544282913208,460941179
24.877152681350708,460941179
25.309722900390625,460941179
25.31033730506897,460941179
