Time,Objective value
0.8107833862304688,466435344
0.8117465972900391,466435344
1.647148609161377,463125945
2.3733766078948975,463125067
3.0889365673065186,463032330
3.8980202674865723,463032330
4.598708152770996,462772390
4.993889808654785,462341906
5.386630296707153,462341906
5.7840187549591064,462341906
6.114410638809204,461650017
6.512625694274902,461650017
6.9031946659088135,461650017
7.291693449020386,461650017
7.655257225036621,461595314
8.034252405166626,461595314
8.506202220916748,461595314
8.924028158187866,461594896
9.33474063873291,461594896
9.726536989212036,461574221
10.09124493598938,461532101
10.510672092437744,461318731
10.959745645523071,461318731
11.374891519546509,461318731
11.818525314331055,461318731
12.280782222747803,461318731
12.846391201019287,461318731
13.668697118759155,461158774
14.555006504058838,461158774
15.469309329986572,461158774
16.213281393051147,461158774
16.96500325202942,460918273
17.392025470733643,460676932
17.841971397399902,460676932
18.292245626449585,460676932
18.693292140960693,460676932
19.086158275604248,460676932
19.475452661514282,460676932
19.822686433792114,460676932
20.243924617767334,460676932
20.68739652633667,460676932
21.384570837020874,460676932
21.833351612091064,460676932
22.35324001312256,460676932
22.78144645690918,460676932
23.174043655395508,460676932
23.595112800598145,460676932
23.978851079940796,460676932
24.380778074264526,460676932
25.074261903762817,460630419
25.075221300125122,460630419
