Time,Objective value
0.7308259010314941,465617090
0.7313992977142334,465617090
1.1256170272827148,462060152
1.5565712451934814,461768000
1.9576525688171387,461768000
2.318479299545288,461220881
2.7268917560577393,461220881
3.1242949962615967,461203213
3.5185625553131104,461203213
3.9167518615722656,460878560
4.266980886459351,460878560
4.965654611587524,460878560
5.6359543800354,460878560
6.034045934677124,460878560
6.425602912902832,460878560
6.8644936084747314,460878560
7.269859313964844,460878560
7.6700732707977295,460878560
8.07584524154663,460803005
8.496346712112427,460803005
8.871595859527588,460803005
9.235114812850952,460802339
9.609370708465576,460703228
10.03187894821167,460703228
10.417210817337036,460703228
10.805591106414795,460703228
11.259107112884521,460703228
11.62033486366272,460703228
12.015599489212036,460703228
12.468817472457886,460703228
12.909913539886475,460703228
13.363645792007446,460703228
13.79142165184021,460703228
14.194759607315063,460630419
14.673471212387085,460630419
15.05158805847168,460630419
15.463002681732178,460630419
15.89394474029541,460630419
16.34076476097107,460630419
16.75099802017212,460630419
17.2066388130188,460630419
17.598522901535034,460630419
18.033056497573853,460630419
18.451367378234863,460630419
18.864330768585205,460630419
19.23856544494629,460630419
19.632851123809814,460630419
20.062859773635864,460630419
20.510444402694702,460630419
20.955387115478516,460630419
21.33149528503418,460630419
21.843163013458252,460630419
22.298710346221924,460630419
22.75312304496765,460630419
23.21559190750122,460630419
23.625283241271973,460630419
24.06573796272278,460630419
24.523638486862183,460630419
24.945509672164917,460630419
25.354146480560303,460630419
25.35468363761902,460630419
