Time,Objective value
0.7150211334228516,497190757
0.7155818939208984,497190757
1.1146900653839111,461773337
1.453596830368042,461706184
1.8750455379486084,461603190
2.28694486618042,461603190
2.6956663131713867,461420547
3.0940487384796143,461296184
3.461378574371338,461296184
3.8337783813476562,461296184
4.166813373565674,461253172
4.572599172592163,461084567
5.0262086391448975,461036151
5.412924289703369,461036151
5.814324855804443,461036151
6.211766481399536,461024738
6.601972818374634,461024738
7.033013343811035,461024738
7.413941144943237,461024738
7.926790237426758,461024738
8.326250553131104,461024738
8.800633192062378,461024738
9.248787879943848,461024738
9.646608829498291,461024738
10.020026206970215,461005347
10.415990352630615,461005347
10.835870027542114,461005347
11.258798837661743,460994040
11.71912145614624,460974362
12.129542112350464,460974362
12.539012432098389,460974362
12.95318078994751,460974362
13.383545398712158,460974362
13.809793710708618,460974362
14.244771003723145,460974362
14.687618494033813,460957581
15.123182535171509,460957581
15.588324546813965,460957581
16.415189504623413,460957581
16.873226642608643,460859303
17.337061405181885,460852055
17.774963855743408,460749697
18.2225501537323,460749697
18.692857027053833,460749697
19.093125343322754,460749697
19.461731910705566,460749697
19.868003606796265,460749697
20.341986179351807,460749697
20.810994625091553,460749697
21.207254886627197,460749697
21.666929006576538,460749697
22.090975999832153,460749697
22.51265549659729,460749697
22.926369428634644,460749697
23.335853338241577,460702358
23.796610593795776,460702358
24.169821739196777,460702358
24.546579122543335,460702358
24.935725688934326,460702358
25.33720898628235,460702358
25.337806701660156,460702358
