Time,Objective value
1.4234333038330078,466365796
1.4244115352630615,466365796
2.280083417892456,462601998
3.0167458057403564,462154943
3.6142892837524414,461534912
4.03384256362915,461534912
4.768806219100952,461534912
5.532404661178589,461354674
6.252911806106567,461354674
7.065029859542847,461354674
7.675130605697632,461271157
8.05694317817688,461176418
8.425105810165405,461176418
8.844511032104492,461026028
9.596614360809326,461026028
10.276016473770142,461026028
10.705989122390747,461005347
11.26401138305664,460974362
11.777718544006348,460974362
12.295900821685791,460974362
13.06653881072998,460974362
14.055758237838745,460974362
14.911333322525024,460974362
15.609480857849121,460974362
16.02900743484497,460946285
16.48090410232544,460946285
16.904540300369263,460946285
17.304709672927856,460946285
17.735992193222046,460946285
18.16150140762329,460946285
18.59434485435486,460946285
18.99973225593567,460946285
19.3938627243042,460946285
20.210513830184937,460946285
21.074851512908936,460946285
21.884742975234985,460852055
22.614331007003784,460852055
23.377398252487183,460852055
24.16786241531372,460852055
24.937649965286255,460819454
25.484537601470947,460790708
25.485153198242188,460790708
