Time,Objective value
0.057442665100097656,49624
0.05745387077331543,49624
0.1049809455871582,49624
0.15112686157226562,49624
0.18955612182617188,49624
0.24273252487182617,49624
0.28173327445983887,49624
0.3212141990661621,49338
0.392000675201416,49338
0.43218517303466797,49338
0.4858245849609375,49338
0.541252613067627,49338
0.5705442428588867,49338
0.6174685955047607,49272
0.657811164855957,49272
0.7045462131500244,49272
0.7325882911682129,49272
0.7613286972045898,49272
0.7939484119415283,49272
0.817253828048706,49272
0.8412153720855713,49272
0.8687291145324707,49272
0.8923273086547852,49272
0.9189362525939941,49272
0.9419834613800049,49272
0.9685113430023193,49096
0.9685201644897461,49096
