Time,Objective value
0.020732879638671875,50078
0.020738840103149414,50078
0.047712087631225586,49818
0.0757293701171875,49582
0.10813403129577637,49530
0.14358258247375488,49196
0.17575478553771973,49196
0.19493675231933594,49196
0.2187206745147705,49196
0.24230599403381348,49196
0.2660863399505615,49196
0.28946995735168457,49196
0.3089468479156494,49196
0.33679795265197754,49196
0.3682680130004883,49196
0.39618730545043945,49196
0.4197719097137451,49196
0.4435255527496338,49196
0.4677572250366211,49196
0.49183201789855957,49196
0.5116591453552246,49196
0.5395889282226562,49196
0.5664300918579102,49196
0.5910277366638184,49196
0.606787919998169,49196
0.6308572292327881,49196
0.6308691501617432,49196
