Time,Objective value
0.024555206298828125,49824
0.024562597274780273,49824
0.053019046783447266,49802
0.07682013511657715,49802
0.10020947456359863,49742
0.1281888484954834,49742
0.1644268035888672,49554
0.1877765655517578,49554
0.2112140655517578,49056
0.23396062850952148,49056
0.2612111568450928,49056
0.2856311798095703,49056
0.30953335762023926,49056
0.33266663551330566,49056
0.35192012786865234,49056
0.3751537799835205,49056
0.3987851142883301,49056
0.4229607582092285,49056
0.45027995109558105,49056
0.47443127632141113,49056
0.5064520835876465,49056
0.5304627418518066,49056
0.5546927452087402,49056
0.5749332904815674,49056
0.595374345779419,49056
0.6154508590698242,49056
0.6154594421386719,49056
