Time,Objective value
0.048821210861206055,49790
0.04883456230163574,49790
0.09439754486083984,49790
0.1412506103515625,49458
0.19536900520324707,49434
0.2335071563720703,49434
0.27947449684143066,49422
0.32637548446655273,49318
0.3653237819671631,49318
0.4250826835632324,49318
0.4633467197418213,49318
0.5332639217376709,49318
0.5802714824676514,49318
0.6265692710876465,49318
0.6727426052093506,49290
0.7190659046173096,49290
0.7653193473815918,49240
0.8188672065734863,49240
0.8719687461853027,49016
0.9093570709228516,49016
0.943986177444458,49016
0.9794344902038574,49016
1.0162875652313232,49016
1.0622577667236328,49016
1.1128740310668945,49016
1.145542860031128,49016
1.1455583572387695,49016
