Time,Objective value
0.029162883758544922,49890
0.029174327850341797,49890
0.05693554878234863,49890
0.07709050178527832,49870
0.10071039199829102,49870
0.12488365173339844,49870
0.14853596687316895,49680
0.17189884185791016,49680
0.1960153579711914,49480
0.22357821464538574,49378
0.2466449737548828,49378
0.26674938201904297,49378
0.29123973846435547,49378
0.31480860710144043,49378
0.35030508041381836,49378
0.3776817321777344,49378
0.3933701515197754,49378
0.4133121967315674,49378
0.4336826801300049,49378
0.4564042091369629,49328
0.48000597953796387,49328
0.5038466453552246,49328
0.5269296169281006,49328
0.5460412502288818,49328
0.5697770118713379,49328
0.6004533767700195,49328
0.6004607677459717,49328
