Time,Objective value
0.025700807571411133,49596
0.02570819854736328,49596
0.05422329902648926,49160
0.07841897010803223,49160
0.10284781455993652,49160
0.12598037719726562,49160
0.14645671844482422,49160
0.1660904884338379,49160
0.1892688274383545,49160
0.2125847339630127,49160
0.24372410774230957,49160
0.2708427906036377,49160
0.2941317558288574,49160
0.3181166648864746,49160
0.35016393661499023,49160
0.3689594268798828,49160
0.3892683982849121,49160
0.4084305763244629,49160
0.4360830783843994,49160
0.4605293273925781,49160
0.4842214584350586,49160
0.50705885887146,49160
0.5260000228881836,49160
0.5588319301605225,49160
0.5858120918273926,49160
0.612952709197998,49160
0.612959623336792,49160
