Time,Objective value
0.05094408988952637,12490441
0.050955772399902344,12490441
0.05096769332885742,12490441
