Time,Objective value
0.04062962532043457,12490441
0.04064178466796875,12490441
0.04065418243408203,12490441
