Time,Objective value
0.02914881706237793,12490441
0.02915644645690918,12490441
0.02916431427001953,12490441
