Time,Objective value
0.032805442810058594,67466
0.03281426429748535,67466
0.0328214168548584,67466
