Time,Objective value
0.04147481918334961,67414
0.041486501693725586,67414
0.04149818420410156,67414
