Time,Objective value
0.07784581184387207,68338
0.07785916328430176,68338
0.07787179946899414,68338
