Time,Objective value
0.03283953666687012,68294
0.03284740447998047,68294
0.032854557037353516,68294
