Time,Objective value
0.061835289001464844,67944
0.06184720993041992,67944
0.0618596076965332,67944
