Time,Objective value
0.03259873390197754,67654
0.03260684013366699,67654
0.03261375427246094,67654
