Time,Objective value
0.07784891128540039,162240
0.07785558700561523,162240
0.155320405960083,162240
0.23241257667541504,162088
0.3092072010040283,161740
0.38648509979248047,161506
0.4632272720336914,161166
0.540428638458252,161166
0.6175529956817627,161166
0.6946990489959717,161166
0.7720067501068115,160710
0.8488152027130127,160552
0.9261229038238525,160552
1.0033304691314697,160552
1.080841302871704,160552
1.1580431461334229,160552
1.2351913452148438,160432
1.3119540214538574,160094
1.3892323970794678,160094
1.4662551879882812,160044
1.5429129600524902,160044
1.6196298599243164,159636
1.6968166828155518,159636
1.774017095565796,159636
1.851114273071289,159636
1.9284069538116455,159636
1.9284136295318604,159636
