Time,Objective value
0.1551516056060791,163540
0.15516233444213867,163540
0.3211221694946289,160740
0.4878108501434326,160710
0.6538598537445068,160410
0.8200180530548096,160410
0.986379861831665,160210
1.1526429653167725,160210
1.3186538219451904,160126
1.4850032329559326,160126
1.6512484550476074,160126
1.8177037239074707,160126
1.9849669933319092,160126
2.1509578227996826,160126
2.3135087490081787,157684
2.473259210586548,157500
2.6329686641693115,157500
2.7925496101379395,157500
2.9521164894104004,157500
3.114035129547119,157500
3.274517059326172,157500
3.434114933013916,157500
3.593557119369507,157500
3.7527172565460205,157272
3.9120290279388428,157272
4.071349859237671,157272
4.071361303329468,157272
