Time,Objective value
0.1670544147491455,164512
0.16706323623657227,164512
0.3340322971343994,161830
0.4994192123413086,161772
0.6667184829711914,161604
0.8318319320678711,161604
0.997018575668335,161604
1.1627156734466553,161434
1.3259050846099854,160458
1.4916160106658936,159504
1.6549227237701416,159504
1.8180582523345947,158818
1.984621286392212,158818
2.150499105453491,158690
2.3141791820526123,158690
2.4744515419006348,158690
2.634371757507324,158690
2.7944767475128174,158690
2.950995683670044,158690
3.1093688011169434,158690
3.266294002532959,158690
3.4011476039886475,158690
3.4759023189544678,158552
3.5495035648345947,158552
3.623272180557251,158552
3.6967732906341553,158552
3.6967806816101074,158552
