Time,Objective value
0.07736968994140625,163250
0.0773773193359375,163250
0.15453028678894043,162040
0.2317969799041748,162040
0.30894947052001953,161250
0.38590049743652344,160858
0.46295905113220215,160252
0.5399730205535889,160252
0.6169536113739014,160252
0.6938693523406982,159098
0.7708711624145508,159098
0.8479840755462646,159098
0.9250442981719971,159098
1.0019514560699463,159098
1.07900071144104,159042
1.156043529510498,159042
1.233079195022583,158716
1.3100662231445312,158332
1.3871166706085205,158332
1.4641804695129395,158332
1.5412185192108154,158332
1.6181485652923584,158332
1.695133924484253,158332
1.7722270488739014,158332
1.8492059707641602,158332
1.9261407852172852,158332
1.9261479377746582,158332
