Time,Objective value
0.0808706283569336,161782
0.08087825775146484,161782
0.15818381309509277,161280
0.2352893352508545,161280
0.31235361099243164,161280
0.3894319534301758,161280
0.466433048248291,161280
0.5435717105865479,160968
0.6206858158111572,160968
0.697770357131958,160968
0.8606855869293213,160968
1.0277960300445557,160456
1.195263385772705,160456
1.3642373085021973,160456
1.5316901206970215,160456
1.700453758239746,160456
1.8691787719726562,160456
2.037644624710083,160456
2.2055094242095947,160456
2.374452590942383,160456
2.5396769046783447,160010
2.6987850666046143,160010
2.8577351570129395,159994
3.0194435119628906,159994
3.183589458465576,159994
3.3461031913757324,159584
3.3461148738861084,159584
