Time,Objective value
0.10280656814575195,163906
0.10281682014465332,163906
0.26873183250427246,162416
0.43363404273986816,160996
0.6008038520812988,160470
0.765723466873169,160470
0.9305522441864014,160470
1.0719225406646729,159906
1.1488711833953857,159906
1.2256824970245361,159906
1.3025164604187012,159906
1.379403829574585,159560
1.4565367698669434,159362
1.5334320068359375,157868
1.6104230880737305,157868
1.6873466968536377,157868
1.7645432949066162,157778
1.8413028717041016,157778
1.9182946681976318,157778
1.996504545211792,157778
2.0745434761047363,157778
2.151578664779663,157778
2.2284646034240723,157778
2.3052594661712646,157678
2.3823225498199463,157678
2.4593536853790283,157678
2.4593613147735596,157678
