Time,Objective value
0.09608602523803711,164578
0.09609198570251465,164578
0.1732616424560547,162824
0.250241756439209,161640
0.3275184631347656,161640
0.4045734405517578,161288
0.48151612281799316,160990
0.558868408203125,160990
0.6360063552856445,160990
0.7131125926971436,160648
0.7900390625,160648
0.8668813705444336,160468
0.9440968036651611,160310
1.0209591388702393,160310
1.09804105758667,160310
1.1749451160430908,159854
1.2522308826446533,159854
1.3295338153839111,159346
1.4064350128173828,159274
1.4836039543151855,159274
1.5608670711517334,158662
1.6377124786376953,158662
1.7147173881530762,158662
1.7916085720062256,158468
1.8687732219696045,158044
1.9462885856628418,158044
1.9463002681732178,158044
