Time,Objective value
0.07786917686462402,163064
0.07787752151489258,163064
0.15494728088378906,161972
0.23178911209106445,161972
0.3085923194885254,161606
0.38540053367614746,161606
0.4624006748199463,160772
0.5391871929168701,160772
0.6159188747406006,159408
0.6926941871643066,159408
0.7696821689605713,159408
0.8465509414672852,159336
0.9233884811401367,159336
1.0002694129943848,159336
1.0771105289459229,159336
1.1540906429290771,159336
1.2309908866882324,159336
1.3078439235687256,158768
1.3848772048950195,158768
1.461749792098999,158768
1.538818359375,158746
1.6157188415527344,158746
1.6926090717315674,158746
1.7695086002349854,158746
1.8463282585144043,158700
1.923238754272461,158700
1.9232449531555176,158700
