Time,Objective value
0.05568075180053711,72378
0.055687904357910156,72378
0.10978531837463379,71542
0.16391944885253906,71542
0.2182159423828125,71542
0.27222681045532227,71414
0.32631731033325195,71382
0.38043785095214844,71382
0.43476009368896484,71176
0.4885690212249756,70684
0.5429015159606934,70684
0.597020149230957,70684
0.6514017581939697,70684
0.7054615020751953,70684
0.7598369121551514,70684
0.8139493465423584,70684
0.8682904243469238,70684
0.9223203659057617,70684
0.9767107963562012,69956
1.0305428504943848,69956
1.0846121311187744,69956
1.1383593082427979,69956
1.1924943923950195,69956
1.24637770652771,69956
1.3003325462341309,69956
1.3605375289916992,69956
1.3605451583862305,69956
