Time,Objective value
0.05964970588684082,72004
0.059655189514160156,72004
0.11363768577575684,71336
0.16753268241882324,71336
0.22128701210021973,71336
0.27506399154663086,71144
0.3289368152618408,71144
0.38285326957702637,71144
0.4367802143096924,71144
0.4908430576324463,71144
0.544734001159668,71144
0.5985770225524902,71144
0.6524918079376221,71144
0.706324577331543,71144
0.7601795196533203,71032
0.8140392303466797,71032
0.8678662776947021,70520
0.9216690063476562,70520
0.97574782371521,70520
1.0296835899353027,70520
1.0836384296417236,70520
1.1374149322509766,70520
1.1913306713104248,70520
1.2452998161315918,70520
1.2992148399353027,70520
1.3532145023345947,70520
1.353226661682129,70520
