Time,Objective value
0.11491537094116211,71146
0.11492490768432617,71146
0.22994089126586914,70612
0.34496378898620605,70612
0.45942211151123047,70612
0.57375168800354,70612
0.6883642673492432,70612
0.8029031753540039,70612
0.9175641536712646,70512
1.0321645736694336,70512
1.146794080734253,70512
1.2612073421478271,70512
1.376002311706543,70512
1.4909460544586182,70512
1.6059496402740479,70512
1.7162160873413086,70512
1.8258492946624756,70512
1.9353837966918945,70512
2.047318935394287,70512
2.1569645404815674,70512
2.267507791519165,70512
2.377063751220703,70370
2.4866561889648438,70370
2.549407720565796,70370
2.6034610271453857,70370
2.655592679977417,70370
2.6556003093719482,70370
