Time,Objective value
0.1149892807006836,71814
0.11499786376953125,71814
0.22999024391174316,71814
0.34491395950317383,70792
0.4595816135406494,70792
0.5146334171295166,70722
0.5687131881713867,70722
0.6228489875793457,70722
0.6770064830780029,70722
0.7310175895690918,70722
0.7851133346557617,70722
0.8392245769500732,70722
0.8934009075164795,70722
0.9475128650665283,70722
1.001462697982788,70722
1.0556669235229492,70722
1.109769344329834,70722
1.1639652252197266,70722
1.2180912494659424,70722
1.2721872329711914,70722
1.3263111114501953,70722
1.3809552192687988,70722
1.4354925155639648,70722
1.48966383934021,70722
1.5437276363372803,70722
1.5977849960327148,70722
1.597792625427246,70722
