Time,Objective value
0.05440998077392578,71376
0.054416656494140625,71376
0.1084902286529541,71334
0.16271543502807617,70896
0.2166140079498291,70896
0.2704610824584961,70896
0.324359655380249,70896
0.3781270980834961,70760
0.43238329887390137,70760
0.48658204078674316,70760
0.5407519340515137,70760
0.5949075222015381,70656
0.6487727165222168,70656
0.7026360034942627,70656
0.7565486431121826,70656
0.8103151321411133,70656
0.8641879558563232,70656
0.9180424213409424,70656
0.9719114303588867,70098
1.0261025428771973,70098
1.080397605895996,70098
1.1345152854919434,70098
1.1887555122375488,70098
1.2430195808410645,70098
1.2972559928894043,70098
1.3515114784240723,70098
1.3515183925628662,70098
