Time,Objective value
0.05421161651611328,71800
0.05421781539916992,71800
0.10812520980834961,71206
0.16203665733337402,71206
0.21589899063110352,71206
0.2696976661682129,71206
0.32349538803100586,71206
0.37737298011779785,71206
0.43119001388549805,71206
0.4849579334259033,70842
0.5386912822723389,70842
0.5924193859100342,70842
0.646312952041626,70842
0.7000491619110107,70842
0.7538888454437256,70842
0.8077383041381836,70842
0.8614687919616699,70842
0.9153232574462891,70842
0.9691119194030762,70458
1.0228526592254639,70458
1.0766322612762451,70458
1.1304583549499512,70458
1.1843132972717285,70458
1.2381391525268555,70458
1.2919831275939941,70458
1.345630168914795,70458
1.3456368446350098,70458
