Time,Objective value
0.05763554573059082,71376
0.05764317512512207,71376
0.11846303939819336,71334
0.2130908966064453,70896
0.32797813415527344,70896
0.4430274963378906,70896
0.557924747467041,70896
0.6728005409240723,70760
0.7872097492218018,70760
0.9017374515533447,70760
1.0160799026489258,70760
1.1302824020385742,70656
1.2451980113983154,70656
1.3602931499481201,70656
1.4757542610168457,70656
1.5911900997161865,70656
1.7066102027893066,70656
1.8218505382537842,70656
1.9368963241577148,70098
2.052382707595825,70098
2.1681206226348877,70098
2.283702850341797,70098
2.3993680477142334,70098
2.5151779651641846,70098
2.6274325847625732,70098
2.7382800579071045,70098
2.7382917404174805,70098
