Time,Objective value
0.11477208137512207,70582
0.11478185653686523,70582
0.22925043106079102,70582
0.3436908721923828,70582
0.45819687843322754,70582
0.5726299285888672,70582
0.6870806217193604,70582
0.8015036582946777,70582
0.9160654544830322,70582
1.0305283069610596,70582
1.1448876857757568,70582
1.2593073844909668,70582
1.3744843006134033,70582
1.4886362552642822,70276
1.60090970993042,70276
1.7109906673431396,70276
1.8214268684387207,70276
1.9314122200012207,70276
2.0436949729919434,70276
2.1537606716156006,70276
2.2644734382629395,70276
2.3743324279785156,70276
2.484365224838257,70276
2.594407796859741,70276
2.704706907272339,70276
2.8139216899871826,70276
2.813930034637451,70276
