Time,Objective value
0.0557706356048584,71506
0.05577874183654785,71506
0.10978507995605469,71326
0.16382145881652832,70696
0.21776962280273438,70696
0.27161741256713867,70696
0.3255620002746582,70696
0.3793201446533203,70696
0.43323779106140137,70696
0.48704981803894043,70696
0.5939648151397705,70696
0.7082960605621338,70696
0.8228070735931396,70696
0.9370925426483154,70696
1.0516483783721924,70470
1.1662096977233887,70470
1.2807590961456299,70470
1.3956055641174316,70470
1.5107653141021729,70470
1.625460147857666,70470
1.7398841381072998,70470
1.8496320247650146,70470
1.9595398902893066,70470
2.073899269104004,70470
2.1850063800811768,70470
2.294987440109253,70470
2.2949981689453125,70470
