Time,Objective value
0.05404400825500488,71888
0.05405116081237793,71888
0.10790872573852539,71354
0.16170334815979004,70626
0.21552038192749023,70626
0.26932501792907715,70626
0.32312965393066406,70626
0.37688446044921875,70626
0.43062615394592285,70626
0.48445773124694824,70626
0.5381286144256592,70626
0.5919256210327148,70626
0.6457550525665283,70626
0.6995618343353271,70626
0.7532892227172852,70626
0.8070528507232666,70626
0.8608555793762207,70626
0.9146709442138672,70216
0.9684014320373535,70216
1.0274176597595215,70216
1.1418397426605225,70216
1.2560479640960693,69888
1.3705132007598877,69888
1.4852962493896484,69888
1.5994353294372559,69888
1.7135722637176514,69888
1.7135837078094482,69888
