Time,Objective value
0.00022864341735839844,184156
0.0011632442474365234,177196
0.0020689964294433594,176000
0.003081798553466797,175964
0.004095315933227539,175942
0.005076169967651367,174890
0.006064414978027344,174890
0.007225513458251953,173106
0.008129119873046875,172530
0.009130239486694336,172174
0.010052204132080078,172174
0.011096477508544922,170946
0.01239323616027832,170486
0.01322627067565918,170486
0.01417231559753418,167558
0.015082597732543945,167558
0.01616072654724121,167558
0.017089128494262695,167558
0.018044471740722656,167558
0.01912999153137207,167316
0.020227670669555664,167040
0.021241426467895508,167040
0.022463083267211914,167040
0.023016691207885742,167040
0.024044275283813477,167040
0.025223970413208008,167040
0.026474475860595703,167040
0.027154207229614258,166602
0.028789043426513672,165016
0.02961587905883789,165016
0.030304431915283203,165016
0.03173255920410156,165016
0.0325016975402832,165016
0.03330087661743164,165016
0.03414177894592285,165016
0.035926103591918945,165016
0.03689980506896973,165016
0.0378265380859375,165016
0.03855538368225098,165016
0.03945779800415039,165016
0.040400028228759766,164960
0.04131937026977539,164614
0.042305707931518555,164022
0.043332576751708984,163666
0.04438185691833496,163654
0.04523873329162598,163654
0.04713129997253418,163654
0.04882526397705078,163654
0.05086469650268555,163654
0.053106069564819336,163654
0.0550537109375,163654
0.05708050727844238,163654
0.05916452407836914,163278
0.061773061752319336,162542
0.06434178352355957,162542
0.06670618057250977,162542
0.0694122314453125,162542
0.07134461402893066,162542
0.07404184341430664,162542
0.07667946815490723,162542
0.07928705215454102,162542
0.0818166732788086,162542
0.08438515663146973,162542
0.08738946914672852,162504
0.09032940864562988,161506
0.0934751033782959,161222
0.09680795669555664,161222
0.09977221488952637,161222
0.10284233093261719,161222
0.10589885711669922,160728
0.10957789421081543,160534
0.1127173900604248,160534
0.1161048412322998,160534
0.11944699287414551,160534
0.12261056900024414,160534
0.1258995532989502,160534
0.12934398651123047,160534
0.1322951316833496,160534
0.13607192039489746,160236
0.13983154296875,160236
0.13984894752502441,160236
