Time,Objective value
0.00021600723266601562,179338
0.0010058879852294922,177548
0.0020368099212646484,176554
0.0031418800354003906,175934
0.0041239261627197266,174408
0.005145549774169922,172774
0.006264925003051758,172774
0.007169008255004883,172774
0.008219242095947266,171528
0.009201765060424805,171528
0.010403633117675781,170176
0.011139869689941406,170176
0.012234926223754883,170176
0.013118982315063477,170176
0.014344453811645508,169852
0.01520681381225586,169852
0.016212940216064453,168374
0.0172271728515625,168374
0.018266677856445312,168374
0.019328594207763672,168374
0.02031397819519043,168374
0.021413803100585938,167898
0.02203202247619629,167898
0.02322530746459961,167898
0.02448105812072754,167898
0.025056838989257812,167796
0.026468992233276367,167370
0.027169227600097656,167370
0.02866339683532715,167300
0.02943706512451172,167206
0.030121564865112305,166326
0.03165316581726074,165428
0.03248167037963867,165428
0.03325533866882324,165406
0.034032583236694336,164440
0.03570675849914551,164440
0.0366058349609375,163850
0.03767061233520508,163728
0.03870248794555664,163716
0.03974771499633789,163284
0.04076337814331055,163284
0.04157376289367676,163284
0.042455434799194336,163284
0.04345536231994629,163284
0.04452800750732422,163284
0.045502424240112305,163142
0.04671192169189453,162926
0.04802560806274414,162484
0.04918074607849121,162484
0.05061602592468262,161896
0.05180788040161133,161896
0.05309557914733887,161896
0.05426287651062012,161896
0.05562138557434082,161896
0.05667257308959961,161896
0.05768728256225586,161896
0.05901336669921875,161896
0.06032371520996094,161896
0.06167483329772949,161896
0.06291055679321289,161896
0.06434273719787598,161896
0.06558609008789062,161896
0.06672549247741699,161896
0.06813454627990723,161896
0.06932640075683594,161870
0.07066154479980469,161216
0.07232093811035156,161208
0.07369780540466309,161208
0.07526326179504395,160718
0.07663536071777344,160718
0.07808828353881836,160442
0.07947754859924316,160442
0.08121395111083984,160442
0.0827481746673584,160442
0.08434581756591797,160442
0.08611202239990234,160294
0.08791470527648926,159902
0.08969783782958984,159902
0.08970904350280762,159902
