Time,Objective value
0.0002181529998779297,179786
0.0010786056518554688,177084
0.002106904983520508,175848
0.003006458282470703,175118
0.0042078495025634766,175118
0.00522923469543457,174010
0.006068706512451172,174010
0.007219791412353516,172816
0.008126020431518555,172816
0.009048700332641602,172816
0.010144233703613281,169550
0.011342048645019531,169550
0.012090921401977539,169550
0.013334035873413086,169550
0.014198064804077148,169550
0.015117645263671875,168178
0.01613473892211914,166766
0.017179012298583984,166528
0.01838850975036621,166528
0.019459962844848633,166528
0.020371198654174805,166528
0.02138233184814453,166528
0.022402286529541016,166528
0.023024320602416992,166528
0.024734973907470703,164774
0.02555680274963379,164774
0.026174068450927734,164774
0.02768540382385254,164774
0.028403282165527344,164774
0.029227733612060547,164774
0.030827045440673828,164774
0.03168916702270508,164774
0.03263115882873535,164220
0.03372979164123535,164220
0.03464055061340332,164220
0.035646677017211914,164220
0.03646564483642578,164220
0.03743886947631836,164220
0.03833484649658203,164220
0.03902935981750488,164220
0.04071450233459473,164220
0.04159045219421387,164220
0.04240536689758301,164220
0.04324984550476074,164220
0.04416465759277344,163374
0.04517865180969238,163374
0.04608654975891113,163374
0.047806739807128906,163374
0.04900550842285156,163374
0.05012178421020508,163374
0.05128908157348633,163242
0.05249905586242676,163208
0.05375218391418457,162900
0.0549626350402832,162900
0.0563807487487793,162508
0.05766582489013672,162508
0.05900120735168457,162508
0.060280799865722656,162508
0.061791181564331055,162508
0.06284976005554199,162508
0.06390142440795898,162508
0.06502914428710938,162508
0.06604599952697754,162508
0.06728219985961914,162508
0.06834030151367188,162508
0.06994318962097168,161920
0.07127737998962402,161912
0.07296586036682129,161126
0.07460260391235352,161126
0.0759119987487793,161126
0.07739782333374023,161126
0.07916116714477539,160114
0.08093380928039551,160114
0.08240842819213867,160114
0.0841681957244873,160114
0.08559799194335938,160114
0.08734250068664551,160114
0.08870816230773926,160114
0.0904703140258789,160114
0.09047651290893555,160114
