Time,Objective value
0.016603708267211914,35126
0.016609907150268555,35126
0.029128313064575195,35126
0.04414176940917969,35126
0.05912423133850098,35046
0.07167434692382812,35046
0.0866539478302002,35046
0.09926319122314453,35046
0.11436748504638672,35046
0.12638068199157715,35046
0.14180469512939453,35046
0.1569352149963379,35046
0.1791846752166748,35046
0.19140863418579102,35046
0.20142126083374023,35046
0.21657133102416992,35010
0.7551002502441406,34994
1.4463837146759033,34942
2.0175046920776367,34862
2.479957103729248,34862
3.6620073318481445,34816
5.156038999557495,34680
6.318551540374756,34680
7.609179258346558,34680
8.36742353439331,34680
9.04930853843689,34680
9.666701316833496,34680
10.222331762313843,34680
10.881357669830322,34680
11.371404647827148,34680
11.861799001693726,34680
12.41343355178833,34680
13.022910594940186,34680
13.6188383102417,34680
14.136255741119385,34680
14.816277742385864,34680
15.42068076133728,34680
16.098618030548096,34680
16.658548593521118,34680
17.29245090484619,34680
18.010114669799805,34680
18.59229564666748,34680
19.2869815826416,34680
19.75983762741089,34680
20.42701029777527,34680
21.113743782043457,34680
21.6220703125,34680
22.270357131958008,34680
23.28139901161194,34680
24.564773082733154,34680
25.818615436553955,34680
26.80849862098694,34680
27.369242668151855,34680
28.266242265701294,34680
29.497718572616577,34680
30.450555562973022,34680
31.54289150238037,34680
31.54290771484375,34680
