Time,Objective value
0.027993440628051758,35768
0.02800297737121582,35768
0.06238913536071777,35484
0.09764218330383301,35344
0.12139463424682617,35344
0.15016961097717285,35322
0.18419337272644043,35322
0.20769453048706055,35322
0.24192380905151367,35054
0.2705991268157959,34990
0.2996339797973633,34990
0.32860875129699707,34990
0.3533058166503906,34990
0.381763219833374,34990
0.40570974349975586,34990
0.43569016456604004,34990
1.8300108909606934,34862
2.8797740936279297,34818
3.5501163005828857,34818
4.206264972686768,34810
4.80465030670166,34810
5.546752452850342,34758
6.2316367626190186,34758
6.9360175132751465,34758
7.626757860183716,34758
8.287582397460938,34758
8.847747325897217,34758
9.638715982437134,34758
10.28647756576538,34758
11.180076837539673,34758
12.665992975234985,34758
13.67175817489624,34758
14.201436519622803,34724
14.910141944885254,34724
15.511812210083008,34706
16.25473690032959,34706
16.91871929168701,34706
17.61095881462097,34642
18.11467432975769,34642
18.768027305603027,34628
19.418838500976562,34600
20.103824377059937,34576
20.77722716331482,34562
21.258979320526123,34562
21.898092031478882,34562
22.525676012039185,34562
22.975063800811768,34562
23.432521104812622,34562
23.88708209991455,34562
24.60619044303894,34562
25.183974742889404,34562
25.73336124420166,34562
26.422452688217163,34562
27.269303560256958,34562
27.85412359237671,34562
28.509482860565186,34562
29.235888957977295,34562
29.929415702819824,34562
30.549105644226074,34562
31.198010444641113,34562
31.74073028564453,34562
31.74074101448059,34562
