Time,Objective value
0.015561819076538086,35330
0.015568733215332031,35330
0.03341245651245117,34742
0.05085563659667969,34742
0.06304073333740234,34742
0.07807397842407227,34742
0.09282684326171875,34742
0.1127467155456543,34742
0.1272907257080078,34742
0.14497041702270508,34742
0.15995407104492188,34742
0.17239665985107422,34742
0.18744921684265137,34742
0.19989466667175293,34742
0.2196340560913086,34742
0.2316422462463379,34742
0.8373367786407471,34742
1.4740750789642334,34742
2.166078805923462,34742
2.7384583950042725,34742
3.2172510623931885,34688
3.7937426567077637,34688
4.396759271621704,34688
5.051806449890137,34688
5.6533379554748535,34688
6.40074610710144,34688
7.005598306655884,34688
7.717635154724121,34688
8.302903890609741,34688
8.953313112258911,34688
9.582644701004028,34688
10.246642112731934,34688
10.756325244903564,34658
11.33509874343872,34658
11.999709367752075,34658
12.59282922744751,34658
13.166991472244263,34658
13.760998964309692,34658
14.338874816894531,34658
14.91285228729248,34658
15.545015335083008,34658
16.062947511672974,34658
16.44795560836792,34658
16.95148491859436,34658
17.554885864257812,34658
18.08091449737549,34658
18.715874910354614,34658
19.172008991241455,34658
19.829227209091187,34658
20.433969497680664,34658
21.100526809692383,34658
21.661808967590332,34658
22.19749164581299,34658
22.826610326766968,34658
23.45908522605896,34658
24.063730239868164,34658
24.779096126556396,34658
25.407132387161255,34658
26.067460298538208,34658
26.675837516784668,34658
27.375781297683716,34658
28.05583953857422,34658
28.704849243164062,34658
29.363741159439087,34658
30.067617893218994,34658
30.583975315093994,34658
31.105583667755127,34658
31.75587010383606,34658
31.755881786346436,34658
