Time,Objective value
0.013068914413452148,35660
0.013074636459350586,35660
0.0281219482421875,35300
0.04368138313293457,35212
0.056058406829833984,35212
0.07563972473144531,35038
0.0904092788696289,35038
0.1027824878692627,35038
0.11539530754089355,34976
0.12996912002563477,34976
0.14005327224731445,34976
0.15245962142944336,34976
0.16470861434936523,34976
0.18206071853637695,34976
0.19900035858154297,34976
0.21149182319641113,34976
0.8890383243560791,34898
1.791856288909912,34898
2.7640340328216553,34860
3.4767045974731445,34848
4.116610527038574,34848
4.7369256019592285,34774
5.460435628890991,34774
6.421968460083008,34774
7.402445316314697,34774
8.511595249176025,34774
9.17716360092163,34706
9.824422597885132,34660
10.51707410812378,34642
11.052594661712646,34626
11.701282978057861,34612
12.255957841873169,34578
12.955336570739746,34578
13.629091739654541,34578
14.5749831199646,34576
15.117618799209595,34576
15.717670917510986,34576
16.50849676132202,34576
17.103235244750977,34576
17.736641883850098,34576
18.364733695983887,34576
19.005308389663696,34576
19.476585149765015,34576
20.14852809906006,34576
20.7599880695343,34576
21.573614597320557,34576
22.808915615081787,34576
23.994223594665527,34576
25.19270372390747,34576
25.849901914596558,34576
26.40238928794861,34576
26.981723070144653,34576
27.505456924438477,34576
28.170039892196655,34576
28.757450580596924,34576
29.664101362228394,34576
30.912357807159424,34576
32.24769377708435,34576
32.247711181640625,34576
