Time,Objective value
0.0005474090576171875,8531520
0.0012156963348388672,7831796
0.002549886703491211,7606000
0.003222227096557617,7584806
0.004569292068481445,7584806
0.005234718322753906,7580008
0.006568431854248047,7580008
0.0072329044342041016,7562326
0.008579015731811523,7562326
0.009244441986083984,7562326
0.010580778121948242,7542576
0.01124429702758789,7542576
0.012587785720825195,7541388
0.013251304626464844,7541388
0.014591455459594727,7541388
0.015255928039550781,7541388
0.016590118408203125,7537548
0.017253875732421875,7534870
0.018596410751342773,7530636
0.019259214401245117,7530636
0.020589828491210938,7530636
0.021253347396850586,7530636
0.022583484649658203,7530636
0.023246288299560547,7530636
0.024596214294433594,7530636
0.025261402130126953,7530636
0.026593446731567383,7530636
0.02725529670715332,7530636
0.028586149215698242,7530636
0.02924942970275879,7530636
0.030582666397094727,7530636
0.031245708465576172,7530636
0.03258681297302246,7530636
0.03325033187866211,7530636
0.034590721130371094,7530636
0.03525495529174805,7530636
0.03658795356750488,7530636
0.03725123405456543,7530636
0.038594722747802734,7530636
0.03925943374633789,7530636
0.040592193603515625,7530636
0.04125499725341797,7530636
0.0425875186920166,7530636
0.043250322341918945,7530636
0.044591426849365234,7530636
0.04525589942932129,7530636
0.04658842086791992,7530636
0.04725193977355957,7530636
0.04859185218811035,7530636
0.049254655838012695,7530636
0.05058550834655762,7530636
0.051249027252197266,7530636
0.05258059501647949,7530636
0.05324292182922363,7530636
0.0545802116394043,7530636
0.05524444580078125,7530636
0.05657649040222168,7530636
0.05658245086669922,7530636
