Time,Objective value
0.0006561279296875,8608994
0.0017333030700683594,7860972
0.0025594234466552734,7775084
0.0033957958221435547,7732884
0.00420832633972168,7649642
0.005143404006958008,7614702
0.006281137466430664,7597724
0.007487058639526367,7597724
0.008354902267456055,7597724
0.009215116500854492,7597724
0.01007699966430664,7585012
0.011500835418701172,7539292
0.012161731719970703,7539292
0.0135040283203125,7539292
0.014169931411743164,7539080
0.015501976013183594,7539080
0.01616525650024414,7539080
0.017520904541015625,7539080
0.018182754516601562,7539080
0.01952528953552246,7539080
0.020188331604003906,7539080
0.02152872085571289,7539080
0.022190332412719727,7539080
0.023543596267700195,7539080
0.02420639991760254,7539080
0.025537729263305664,7539080
0.0261995792388916,7539080
0.027550697326660156,7539080
0.028213024139404297,7539080
0.029552459716796875,7539080
0.030214309692382812,7539080
0.031575918197631836,7539080
0.032242774963378906,7539080
0.0335996150970459,7539080
0.03428363800048828,7539080
0.035619497299194336,7539080
0.03630232810974121,7539080
0.0376429557800293,7539080
0.03831076622009277,7539080
0.03964042663574219,7539080
0.040323734283447266,7539080
0.041654109954833984,7539080
0.042334556579589844,7539080
0.04366636276245117,7539080
0.04433417320251465,7539080
0.04566240310668945,7539080
0.04633021354675293,7539080
0.047662973403930664,7539080
0.04833340644836426,7539080
0.04966545104980469,7539080
0.050348758697509766,7539080
0.05101299285888672,7539080
0.05235028266906738,7539080
0.05301523208618164,7539080
0.05434989929199219,7539080
0.05501389503479004,7539080
0.05634617805480957,7539080
0.05701017379760742,7539080
0.05836319923400879,7539080
0.05902743339538574,7539080
0.059699296951293945,7539080
