Time,Objective value
0.0004863739013671875,8548064
0.0012409687042236328,7888792
0.0025637149810791016,7709402
0.0032281875610351562,7685506
0.004564523696899414,7656770
0.005230903625488281,7628650
0.006554365158081055,7578056
0.007218122482299805,7532760
0.00853872299194336,7484090
0.009203910827636719,7484090
0.010525226593017578,7479530
0.011188268661499023,7479530
0.012520074844360352,7462430
0.013187646865844727,7462430
0.014524221420288086,7462430
0.015195846557617188,7462430
0.016530752182006836,7462430
0.01721501350402832,7462430
0.018550634384155273,7462430
0.019220590591430664,7462430
0.02055215835571289,7462430
0.021221399307250977,7462430
0.022547006607055664,7462430
0.023215770721435547,7462430
0.024558305740356445,7462430
0.02522754669189453,7462430
0.02655649185180664,7462430
0.02722334861755371,7462430
0.0285494327545166,7462430
0.029215335845947266,7462430
0.030539512634277344,7462430
0.03120899200439453,7462430
0.03254103660583496,7462430
0.03320908546447754,7462430
0.03455471992492676,7462430
0.03522515296936035,7462430
0.03655052185058594,7462430
0.03721785545349121,7462430
0.03854560852050781,7462430
0.03921222686767578,7462430
0.04053831100463867,7462430
0.04120612144470215,7462430
0.04253387451171875,7462430
0.043199777603149414,7462430
0.044554948806762695,7462430
0.04522848129272461,7462430
0.04657101631164551,7462430
0.047264814376831055,7462430
0.04861712455749512,7462430
0.04929924011230469,7462430
0.05066418647766113,7462430
0.05134916305541992,7462430
0.05203962326049805,7462430
0.05339384078979492,7462430
0.05408787727355957,7462430
0.055435895919799805,7462430
0.05611419677734375,7462430
0.056792497634887695,7462430
