Time,Objective value
0.0004553794860839844,8484794
0.001234292984008789,7884834
0.0025620460510253906,7737464
0.0032258033752441406,7703382
0.0045757293701171875,7645196
0.005254268646240234,7635646
0.0065882205963134766,7621484
0.007277250289916992,7608204
0.008626699447631836,7593284
0.009296655654907227,7593284
0.01066136360168457,7593284
0.01132822036743164,7593284
0.012655496597290039,7593284
0.013338565826416016,7593284
0.014007329940795898,7593284
0.015334844589233398,7593284
0.016664743423461914,7593284
0.017332792282104492,7593284
0.01801586151123047,7593284
0.0193479061126709,7593284
0.02001500129699707,7593284
0.021341323852539062,7593284
0.02200627326965332,7593284
0.02332901954650879,7593284
0.02465367317199707,7593284
0.025321006774902344,7593284
0.026647567749023438,7593284
0.027314424514770508,7593284
0.028659820556640625,7593284
0.029327869415283203,7593284
0.030655622482299805,7593284
0.03132343292236328,7593284
0.032651662826538086,7593284
0.033318281173706055,7593284
0.03464484214782715,7593284
0.03531217575073242,7593284
0.0366511344909668,7593284
0.03732037544250488,7593284
0.038663625717163086,7593284
0.03933072090148926,7593284
0.04065847396850586,7593284
0.04132485389709473,7593284
0.042649269104003906,7593284
0.04331326484680176,7593284
0.04463815689086914,7593284
0.045302391052246094,7593284
0.046628475189208984,7593284
0.04729652404785156,7593284
0.04863882064819336,7593284
0.049306631088256836,7593284
0.05063366889953613,7593284
0.0512995719909668,7593284
0.052628278732299805,7593284
0.05329585075378418,7593284
0.05463886260986328,7593284
0.05531024932861328,7593284
0.05665326118469238,7593284
0.05666089057922363,7593284
