Time,Objective value
0.013457298278808594,481077252
0.01346445083618164,481077252
0.013471126556396484,481077252
