Time,Objective value
0.02656245231628418,486464924
0.02657485008239746,486464924
0.026586532592773438,486464924
