Time,Objective value
0.012101888656616211,463158546
0.012110233306884766,463158546
0.012117147445678711,463158546
