Time,Objective value
0.2315068244934082,8319908
0.23151350021362305,8319908
0.385282039642334,8319908
0.5393292903900146,8319908
0.693657636642456,8262676
0.8480706214904785,8262676
1.0023655891418457,8262676
1.2092313766479492,8262676
1.5113091468811035,8262676
1.8137164115905762,8262676
2.0153727531433105,8240394
2.1692583560943604,8240394
2.324368715286255,8240394
2.479097843170166,8240394
2.6328749656677246,8240394
2.7873218059539795,8240394
2.9424874782562256,8240394
3.0962581634521484,8240394
3.2553791999816895,8240394
3.409210443496704,8240394
3.564044952392578,8240394
3.7188117504119873,8240394
3.8968682289123535,8240394
4.199019908905029,8240394
4.502383708953857,8240394
4.80325984954834,8240394
4.8032755851745605,8240394
