Time,Objective value
0.07721328735351562,167156
0.07721972465515137,167156
0.2277529239654541,167156
0.3940858840942383,165410
0.5591592788696289,165410
0.7258737087249756,165410
0.8928067684173584,165410
1.0597283840179443,165410
1.2264378070831299,165410
1.39314866065979,165410
1.5597257614135742,165410
1.7265558242797852,163846
1.892136573791504,163846
2.0583386421203613,163846
2.222193956375122,163846
2.380655288696289,163846
2.53910493850708,163846
2.697443962097168,163846
2.855816602706909,163846
3.0141844749450684,163846
3.1765379905700684,163846
3.3418877124786377,163846
3.507535696029663,163846
3.6735715866088867,163846
3.839111566543579,163846
4.004467248916626,163846
4.004480361938477,163846
