Time,Objective value
0.07743430137634277,166658
0.07744097709655762,166658
0.15460729598999023,165204
0.23159241676330566,165204
0.30855345726013184,165204
0.3854203224182129,165204
0.462416410446167,165204
0.5393683910369873,165204
0.6162409782409668,165204
0.6931431293487549,165204
0.7700169086456299,165204
0.8469693660736084,165204
0.9237782955169678,165204
1.0007169246673584,165204
1.0776457786560059,165204
1.1546745300292969,165204
1.2316429615020752,165204
1.3085556030273438,165204
1.3854448795318604,165204
1.462334156036377,165204
1.5392746925354004,165204
1.6162447929382324,165204
1.6930606365203857,165204
1.7699918746948242,164796
1.847111701965332,164796
1.9242346286773682,164796
1.9242472648620605,164796
