Time,Objective value
0.07745170593261719,165422
0.07745933532714844,165422
0.15457701683044434,165422
0.2314624786376953,165422
0.3084142208099365,165422
0.3853580951690674,165422
0.46224141120910645,165422
0.5391583442687988,165422
0.6161148548126221,165422
0.6930322647094727,163522
0.8218529224395752,163522
0.9877147674560547,163522
1.1536643505096436,163522
1.3193671703338623,163522
1.4850211143493652,163522
1.6510088443756104,163522
1.8168981075286865,163522
1.9831311702728271,163522
2.1493067741394043,163522
2.3149123191833496,163522
2.481271982192993,163522
2.6419734954833984,163522
2.800769805908203,163522
2.9591259956359863,163522
3.1187009811401367,163522
3.2522785663604736,163522
3.2522919178009033,163522
