Time,Objective value
0.16452741622924805,166040
0.1645371913909912,166040
0.3297257423400879,166040
0.49478912353515625,166040
0.6606535911560059,166040
0.825955867767334,166040
0.9907727241516113,166040
1.1558465957641602,166040
1.3209033012390137,166040
1.485990285873413,166040
1.651122808456421,165364
1.8162002563476562,165028
1.982654094696045,165028
2.146946907043457,165028
2.307622194290161,165028
2.467759370803833,165028
2.6269969940185547,165028
2.785693883895874,165028
2.944509983062744,165028
3.1038777828216553,165028
3.266278028488159,165028
3.424635887145996,165028
3.5827317237854004,165028
3.7411561012268066,165028
3.8990416526794434,165028
4.057223081588745,165028
4.057234287261963,165028
