Time,Objective value
0.1280674934387207,151974
0.12807512283325195,151974
0.1280820369720459,151974
