Time,Objective value
0.11854958534240723,152770
0.11855745315551758,152770
0.11856460571289062,152770
