Time,Objective value
0.185927152633667,151944
0.18593907356262207,151944
0.18594908714294434,151944
