Time,Objective value
0.08523368835449219,153284
0.08524203300476074,153284
0.08524918556213379,153284
