Time,Objective value
0.2087416648864746,152782
0.20875310897827148,152782
0.20876455307006836,152782
