Time,Objective value
0.11227869987487793,19698842
0.11394596099853516,19698842
0.2096238136291504,17997928
0.30135583877563477,17937024
0.38857579231262207,17937024
0.47148895263671875,17937024
0.5519773960113525,17937024
0.6255819797515869,17937024
0.7038693428039551,17937024
0.7761762142181396,17937024
0.8438963890075684,17937024
0.9179391860961914,17937024
0.9972295761108398,17937024
1.075343370437622,17937024
1.1430070400238037,17937024
1.2076330184936523,17937024
1.2802767753601074,17937024
1.3585665225982666,17937024
1.4323935508728027,17937024
1.4949719905853271,17937024
1.561962366104126,17937024
1.6407139301300049,17937024
1.7075564861297607,17937024
1.7833597660064697,17937024
1.8530550003051758,17937024
1.9200317859649658,17937024
1.976609468460083,17937024
2.0403757095336914,17937024
2.1041808128356934,17937024
2.16501784324646,17937024
2.2242050170898438,17937024
2.2749555110931396,17937024
2.330183982849121,17937024
2.3911728858947754,17937024
2.455646514892578,17937024
2.520749568939209,17937024
2.5763776302337646,17937024
2.635777473449707,17937024
2.688286304473877,17937024
2.7408080101013184,17937024
2.791823625564575,17937024
2.8440165519714355,17937024
2.895108699798584,17937024
2.9435813426971436,17937024
3.0042619705200195,17937024
3.063523530960083,17937024
3.1158127784729004,17937024
3.162132740020752,17937024
3.2121171951293945,17937024
3.2660298347473145,17937024
3.324397325515747,17937024
3.383467674255371,17937024
3.4359192848205566,17937024
3.490114450454712,17937024
3.537792682647705,17937024
3.591390609741211,17937024
3.643824577331543,17937024
3.6455025672912598,17937024
