Time,Objective value
0.20496892929077148,19698842
0.20769858360290527,19698842
0.37151145935058594,17937024
0.5124726295471191,17937024
0.6517410278320312,17937024
0.8043179512023926,17937024
0.9319171905517578,17937024
1.0421802997589111,17937024
1.1111781597137451,17937024
1.1845872402191162,17937024
1.2530021667480469,17937024
1.3201532363891602,17937024
1.385000467300415,17937024
1.450476884841919,17937024
1.5097532272338867,17937024
1.5721855163574219,17937024
1.6302659511566162,17937024
1.6886794567108154,17937024
1.7462069988250732,17937024
1.806215524673462,17937024
1.8635292053222656,17937024
1.9211719036102295,17937024
1.978288173675537,17937024
2.0436081886291504,17937024
2.1067774295806885,17937024
2.1670076847076416,17937024
2.2318150997161865,17937024
2.294787645339966,17937024
2.3608880043029785,17937024
2.4209296703338623,17937024
2.4839603900909424,17937024
2.5476481914520264,17937024
2.606433629989624,17937024
2.6686594486236572,17937024
2.7268664836883545,17937024
2.7846899032592773,17937024
2.8453025817871094,17937024
2.901940107345581,17937024
2.9590888023376465,17937024
3.016453742980957,17937024
3.0768496990203857,17937024
3.138681411743164,17937024
3.1960339546203613,17937024
3.257279634475708,17937024
3.3101751804351807,17937024
3.3676202297210693,17937024
3.4210710525512695,17937024
3.4825830459594727,17937024
3.5752687454223633,17937024
3.6686997413635254,17937024
3.671156644821167,17937024
