Time,Objective value
0.11250829696655273,19698842
0.11421966552734375,19698842
0.2148890495300293,17997928
0.30619120597839355,17997928
0.3897843360900879,17937024
0.46399831771850586,17937024
0.5441715717315674,17937024
0.6238815784454346,17937024
0.6977555751800537,17937024
0.7770822048187256,17937024
0.8520441055297852,17937024
0.9264776706695557,17937024
0.9985418319702148,17937024
1.0734796524047852,17937024
1.1469595432281494,17937024
1.2103157043457031,17937024
1.2891457080841064,17937024
1.3666582107543945,17937024
1.4406015872955322,17937024
1.5105466842651367,17937024
1.5770189762115479,17937024
1.6435043811798096,17937024
1.720862627029419,17937024
1.7978549003601074,17937024
1.9149343967437744,17937024
2.029064416885376,17937024
2.1296143531799316,17937024
2.241713285446167,17937024
2.3519678115844727,17937024
2.461446762084961,17937024
2.565598964691162,17937024
2.6649324893951416,17937024
2.765709400177002,17937024
2.8582515716552734,17937024
2.947026014328003,17937024
3.0336713790893555,17937024
3.1363463401794434,17937024
3.238600015640259,17937024
3.326718330383301,17937024
3.4133033752441406,17937024
3.4682776927948,17937024
3.5254547595977783,17937024
3.58638858795166,17937024
3.6445846557617188,17937024
3.6464428901672363,17937024
