Time,Objective value
0.11217689514160156,19698842
0.1138601303100586,19698842
0.20553183555603027,17997928
0.28975939750671387,17937024
0.37439680099487305,17937024
0.45675110816955566,17937024
0.5395872592926025,17937024
0.613447904586792,17937024
0.6878712177276611,17937024
0.7552354335784912,17937024
0.8219466209411621,17937024
0.883986234664917,17937024
0.950871467590332,17937024
1.0176029205322266,17937024
1.0847742557525635,17937024
1.1574711799621582,17937024
1.23514723777771,17937024
1.3053178787231445,17937024
1.3764073848724365,17937024
1.4540388584136963,17937024
1.5205717086791992,17937024
1.5852646827697754,17937024
1.6454057693481445,17937024
1.7100424766540527,17937024
1.7663888931274414,17937024
1.821019172668457,17937024
1.8725886344909668,17937024
1.9250447750091553,17937024
1.9868621826171875,17937024
2.051720142364502,17937024
2.11802339553833,17937024
2.178138494491577,17937024
2.2417986392974854,17937024
2.301318645477295,17937024
2.3591506481170654,17937024
2.426039457321167,17937024
2.487776756286621,17937024
2.5429983139038086,17937024
2.5993905067443848,17937024
2.646627902984619,17937024
2.6971704959869385,17937024
2.7434935569763184,17937024
2.792645215988159,17937024
2.841191053390503,17937024
2.892246723175049,17937024
2.9476044178009033,17937024
3.0024826526641846,17937024
3.055742025375366,17937024
3.1069016456604004,17937024
3.1661055088043213,17937024
3.230856418609619,17937024
3.2958617210388184,17937024
3.3498263359069824,17937024
3.411203622817993,17937024
3.468278646469116,17937024
3.5267653465270996,17937024
3.5876224040985107,17937024
3.641146659851074,17937024
3.6429684162139893,17937024
