Time,Objective value
0.11031413078308105,19698842
0.1120598316192627,19698842
0.19895052909851074,17997928
0.28903746604919434,17997928
0.3781595230102539,17937024
0.46111607551574707,17937024
0.5369479656219482,17937024
0.617462158203125,17937024
0.6847274303436279,17937024
0.7496998310089111,17937024
0.8170480728149414,17937024
0.8805999755859375,17937024
0.9465599060058594,17937024
1.0193777084350586,17937024
1.0969734191894531,17937024
1.1680467128753662,17937024
1.237809419631958,17937024
1.3081004619598389,17937024
1.3820278644561768,17937024
1.4588258266448975,17937024
1.5295281410217285,17937024
1.5925779342651367,17937024
1.6634495258331299,17937024
1.7406120300292969,17937024
1.8117485046386719,17937024
1.8730738162994385,17937024
1.9356191158294678,17937024
1.9963617324829102,17937024
2.053968906402588,17937024
2.102138042449951,17937024
2.159489870071411,17937024
2.207139730453491,17937024
2.261711597442627,17937024
2.3197879791259766,17937024
2.376434326171875,17937024
2.4339301586151123,17937024
2.497434377670288,17937024
2.5543856620788574,17937024
2.616325855255127,17937024
2.68125319480896,17937024
2.740734338760376,17937024
2.798668384552002,17937024
2.8644657135009766,17937024
2.9255802631378174,17937024
2.9824490547180176,17937024
3.0360472202301025,17937024
3.0962095260620117,17937024
3.1571309566497803,17937024
3.218635082244873,17937024
3.276738405227661,17937024
3.329216480255127,17937024
3.3818538188934326,17937024
3.438199043273926,17937024
3.492387056350708,17937024
3.5462305545806885,17937024
3.6117217540740967,17937024
3.6134889125823975,17937024
