Time,Objective value
0.2030797004699707,19698842
0.2055063247680664,19698842
0.3713350296020508,17997928
0.5159323215484619,17937024
0.6690235137939453,17937024
0.793647050857544,17937024
0.925067663192749,17937024
1.0536079406738281,17937024
1.1915712356567383,17937024
1.3176095485687256,17937024
1.4379549026489258,17937024
1.5736627578735352,17937024
1.7025299072265625,17937024
1.8226184844970703,17937024
1.9426136016845703,17937024
2.0709598064422607,17937024
2.203969955444336,17937024
2.329210042953491,17937024
2.4385738372802734,17937024
2.5567541122436523,17937024
2.6826164722442627,17937024
2.8043763637542725,17937024
2.9166483879089355,17937024
3.010735034942627,17937024
3.114851474761963,17937024
3.2151284217834473,17937024
3.3021881580352783,17937024
3.3865277767181396,17937024
3.4772491455078125,17937024
3.575136661529541,17937024
3.6821448802948,17937024
3.684880256652832,17937024
