Time,Objective value
0.02828192710876465,7481230
0.028288602828979492,7481230
0.02829575538635254,7481230
