Time,Objective value
0.020382165908813477,7523662
0.02039337158203125,7523662
0.02040553092956543,7523662
