Time,Objective value
0.02002239227294922,7481456
0.020030975341796875,7481456
0.020038366317749023,7481456
