Time,Objective value
0.012366771697998047,7563722
0.012375354766845703,7563722
0.01238393783569336,7563722
