Time,Objective value
0.025210857391357422,7542542
0.025222063064575195,7542542
0.02523517608642578,7542542
