Time,Objective value
0.0631558895111084,15145518
0.06316304206848145,15145518
0.14468073844909668,15145518
0.1821432113647461,12490441
0.24172306060791016,12490441
0.3002808094024658,12490441
0.36980748176574707,12490441
0.4282817840576172,12490441
0.5082671642303467,12490441
0.5782012939453125,12490441
0.6259982585906982,12490441
0.6637749671936035,12490441
0.7114381790161133,12490441
0.8029396533966064,12490441
0.8620991706848145,12490441
0.9202544689178467,12490441
6.820309162139893,12490441
13.25408935546875,12490441
18.60716462135315,12490441
25.49190640449524,12490441
32.68329930305481,12490441
40.47430896759033,12490441
46.13383150100708,12490441
53.2185800075531,12490441
58.37797737121582,12490441
63.44377112388611,12490441
68.26442265510559,12490441
72.73677730560303,12490441
77.73059320449829,12490441
82.75362372398376,12490441
82.75363230705261,12490441
