Time,Objective value
0.10246825218200684,15247386
0.10248160362243652,15247386
0.24827194213867188,15211357
0.37209153175354004,15175951
0.49410486221313477,15175951
0.6367933750152588,15175951
0.7607421875,15175951
0.8202540874481201,15131140
0.8898067474365234,15131140
0.9696543216705322,15131140
1.0623109340667725,15131140
1.1100599765777588,15131140
1.1579160690307617,15131140
1.2506675720214844,12490441
1.309178113937378,12490441
1.3790006637573242,12490441
6.649952173233032,12490441
11.844933271408081,12490441
16.89179253578186,12490441
21.754718780517578,12490441
26.39924693107605,12490441
30.479022979736328,12490441
35.30965304374695,12490441
39.72400379180908,12490441
45.052610635757446,12490441
50.68009901046753,12490441
55.90133333206177,12490441
63.478482723236084,12490441
73.52582907676697,12490441
78.17254185676575,12490441
85.42564845085144,12490441
85.42565941810608,12490441
