Time,Objective value
0.0705862045288086,15154987
0.07059311866760254,15154987
0.1298222541809082,15154987
0.17743253707885742,15154987
0.22532248497009277,15154987
0.28429460525512695,15154987
0.34287047386169434,15154987
0.4009387493133545,15154987
0.4588930606842041,15154987
0.5294325351715088,15153906
0.5889914035797119,15153906
0.6476936340332031,15153906
0.7068383693695068,15147706
0.7550845146179199,15147706
0.8131635189056396,15147706
0.8612997531890869,15147706
5.168859958648682,12490441
10.043664693832397,12490441
14.467249870300293,12490441
19.204737186431885,12490441
23.07048773765564,12490441
28.01041007041931,12490441
34.67045521736145,12490441
44.636674642562866,12490441
55.23935508728027,12490441
65.17177033424377,12490441
70.66343331336975,12490441
74.68067932128906,12490441
77.34670090675354,12490441
81.92206907272339,12490441
81.92207980155945,12490441
