Time,Objective value
1.1826002597808838,45007072
1.1826086044311523,45007072
1.1826164722442627,45007072
