Time,Objective value
1.3122947216033936,44963736
1.3123083114624023,44963736
1.3123207092285156,44963736
