Time,Objective value
0.00017380714416503906,68402486
0.0010118484497070312,23540226
0.0020232200622558594,23276672
0.003019094467163086,22805184
0.00403904914855957,22303208
0.005023002624511719,22164500
0.006053447723388672,22164084
0.007050514221191406,22164084
0.008069038391113281,22164084
0.009050607681274414,22164084
0.010035037994384766,22008682
0.011051416397094727,22008682
0.012074708938598633,22008682
0.013074874877929688,21958358
0.01401209831237793,21958358
0.015060663223266602,21958358
0.01606917381286621,21958358
0.0170133113861084,21958358
0.01805567741394043,21958358
0.019006967544555664,21958358
0.020042896270751953,21958358
0.021074771881103516,21958358
0.022022008895874023,21958358
0.023049354553222656,21958358
0.024013519287109375,21958358
0.024459123611450195,21958358
