Time,Objective value
0.00016689300537109375,60626140
0.0010247230529785156,18868508
0.0020618438720703125,18868508
0.003058910369873047,18430452
0.004075765609741211,18157912
0.005013227462768555,18101826
0.00600743293762207,18101826
0.007008075714111328,18101826
0.008098363876342773,18101826
0.009018182754516602,18101826
0.010095596313476562,18101826
0.011005640029907227,18101826
0.012021064758300781,18101826
0.013076305389404297,17987786
0.014059066772460938,17987786
0.015104293823242188,17987786
0.016081571578979492,17987786
0.017009258270263672,17961050
0.018047809600830078,17961050
0.019135475158691406,17961050
0.0200197696685791,17961050
0.02101922035217285,17961050
0.02206563949584961,17961050
0.02304673194885254,17940136
0.0241396427154541,17940136
0.02512979507446289,17940136
0.02603626251220703,17938112
0.027067184448242188,17938112
0.02808403968811035,17937624
0.029120206832885742,17937024
0.030027389526367188,17937024
0.031084775924682617,17937024
0.03214383125305176,17937024
0.033060312271118164,17937024
0.03412055969238281,17937024
0.035111427307128906,17937024
0.036017417907714844,17937024
0.0371096134185791,17937024
0.038022518157958984,17937024
0.03906536102294922,17937024
0.04011869430541992,17937024
0.04102182388305664,17937024
0.04118657112121582,17937024
