Time,Objective value
0.0001404285430908203,58621972
0.0010290145874023438,21206420
0.0020139217376708984,20100372
0.0030155181884765625,19919678
0.0040929317474365234,19721914
0.005025148391723633,19672948
0.006086111068725586,19672948
0.007028102874755859,19672948
0.00802469253540039,19672948
0.009007453918457031,19618506
0.010078907012939453,19618506
0.011076927185058594,19618506
0.012043476104736328,19618506
0.013055086135864258,19618506
0.014068841934204102,19618506
0.015053033828735352,19618506
0.0160067081451416,19616694
0.017081022262573242,19616694
0.018080711364746094,19616694
0.01906132698059082,19616694
0.02001047134399414,19616694
0.021074533462524414,19616694
0.022007226943969727,19616694
0.02300548553466797,19616694
0.024019718170166016,19616694
0.025064468383789062,19616694
0.025329113006591797,19616694
