Time,Objective value
0.0001475811004638672,68799550
0.0010211467742919922,24330202
0.0020258426666259766,23620126
0.0030133724212646484,23269368
0.004024982452392578,23125180
0.005032777786254883,23035358
0.006043434143066406,22994642
0.007052421569824219,22873224
0.008013725280761719,22873224
0.009076833724975586,22873224
0.010050773620605469,22873224
0.011022329330444336,22873224
0.012070894241333008,22826998
0.013047933578491211,22826998
0.014036178588867188,22826998
0.015013694763183594,22826998
0.016017913818359375,22826998
0.017058372497558594,22820186
0.018026113510131836,22820186
0.019062519073486328,22820186
0.020016193389892578,22820186
0.02105116844177246,22820186
0.022065162658691406,22820186
0.02301812171936035,22820186
0.023888826370239258,22820186
