Time,Objective value
0.0002338886260986328,41966984
0.0010178089141845703,19557474
0.0020105838775634766,18563190
0.003053426742553711,18168740
0.0040400028228759766,18168740
0.0050656795501708984,18085102
0.0060498714447021484,18028700
0.00703120231628418,18028700
0.008105278015136719,18017924
0.009038686752319336,18017924
0.010019779205322266,18017924
0.011043071746826172,17938712
0.012004375457763672,17938712
0.013077974319458008,17938712
0.014034509658813477,17938712
0.015050411224365234,17938712
0.016069889068603516,17938712
0.017017364501953125,17938712
0.018036842346191406,17938712
0.0190126895904541,17938712
0.02003931999206543,17937024
0.021084070205688477,17937024
0.02202606201171875,17937024
0.023078203201293945,17937024
0.024038314819335938,17937024
0.02508831024169922,17937024
0.02605605125427246,17937024
0.026941537857055664,17937024
