Time,Objective value
0.00013017654418945312,59181590
0.00101470947265625,22134244
0.0020270347595214844,20188400
0.0030393600463867188,19928520
0.0040476322174072266,19815646
0.0050051212310791016,19815646
0.006011962890625,19757292
0.007023334503173828,19654776
0.008004188537597656,19654776
0.00901937484741211,19654776
0.010004043579101562,19645872
0.011033773422241211,19645872
0.012074470520019531,19645872
0.013016462326049805,19645872
0.014088153839111328,19616694
0.015027046203613281,19616694
0.016063213348388672,19616694
0.01707625389099121,19616694
0.01801609992980957,19616694
0.019077539443969727,19616694
0.020029544830322266,19616694
0.021051883697509766,19616694
0.02208256721496582,19616694
0.023047924041748047,19616694
0.023927688598632812,19616694
