Time,Objective value
0.0002586841583251953,52456058
0.0010540485382080078,26116850
0.002043485641479492,23162696
0.0030236244201660156,22567390
0.004044055938720703,22286370
0.005021810531616211,22286370
0.006033420562744141,22250878
0.0070378780364990234,22217040
0.00808858871459961,22190294
0.009037971496582031,22070300
0.010007381439208984,22070300
0.011030912399291992,22044080
0.012082099914550781,22044080
0.013067007064819336,22044080
0.014029979705810547,22044080
0.015022993087768555,22044080
0.016079425811767578,21968530
0.017028331756591797,21968530
0.018070459365844727,21968530
0.019101858139038086,21968530
0.02001476287841797,21968530
0.021075010299682617,21968530
0.022009611129760742,21968530
0.02306985855102539,21968530
0.024120569229125977,21968530
0.02502131462097168,21968530
0.026085853576660156,21968530
0.027157068252563477,21968530
0.028069734573364258,21968530
0.02913045883178711,21968530
0.030040264129638672,21968530
0.03110504150390625,21968530
0.0320286750793457,21963122
0.03309130668640137,21963122
0.03400731086730957,21963122
0.03506731986999512,21963122
0.03612494468688965,21963122
0.03703022003173828,21963122
0.03809714317321777,21963122
0.03901028633117676,21963122
0.04007720947265625,21963122
0.04114866256713867,21963122
0.041327714920043945,21963122
