Time,Objective value
0.0020508766174316406,6570
0.002058267593383789,6570
0.0020651817321777344,6570
