Time,Objective value
0.0019884109497070312,6758
0.001995563507080078,6758
0.0020036697387695312,6758
