Time,Objective value
0.0018200874328613281,6686
0.0018405914306640625,6686
0.0018532276153564453,6686
