Time,Objective value
0.0030019283294677734,7210
0.003014087677001953,7210
0.003026247024536133,7210
