Time,Objective value
2.448411226272583,7480634
2.4505646228790283,7480634
3.8111870288848877,7424574
5.490588665008545,7395930
7.139224290847778,7395930
8.508708477020264,7379240
10.152298212051392,7379240
11.452201128005981,7379240
12.908257961273193,7379240
15.127890348434448,7376778
16.946677446365356,7368826
18.394078254699707,7352682
19.76365900039673,7352682
21.02326226234436,7352682
22.313926696777344,7350652
23.640679359436035,7350652
25.29810404777527,7350652
26.683336973190308,7341870
28.06298828125,7341870
29.544257640838623,7341870
30.824936389923096,7335230
32.20575213432312,7335230
33.618810176849365,7335230
35.16097354888916,7335230
36.749022245407104,7333090
36.75238490104675,7333090
