Time,Objective value
2.113802909851074,7542542
2.1159627437591553,7542542
3.343963384628296,7413968
4.59433126449585,7406106
5.877985000610352,7406106
7.285717248916626,7398654
8.6143057346344,7398654
9.902000904083252,7363118
11.136773109436035,7315392
12.44291353225708,7315392
14.652090311050415,7315392
16.44361901283264,7315392
17.70636248588562,7315392
19.700729608535767,7315392
21.78920555114746,7315392
23.13459062576294,7315392
24.490262985229492,7315392
26.19956135749817,7315392
27.592185258865356,7315392
29.030523538589478,7315392
30.532700300216675,7315392
31.959617137908936,7315392
33.76441240310669,7315392
36.52216458320618,7315392
36.52431511878967,7315392
