Time,Objective value
4.142028093338013,7485510
4.144240140914917,7485510
5.332002401351929,7407952
6.635835886001587,7404568
8.23577332496643,7376248
10.196893215179443,7375854
12.411284446716309,7372028
13.688993692398071,7366362
15.02114748954773,7350132
16.37226676940918,7350132
17.716571807861328,7350132
19.03310537338257,7342512
20.323782205581665,7342512
21.70929479598999,7336214
22.96777033805847,7331862
24.644734382629395,7326466
27.27525019645691,7326466
28.902801990509033,7326466
30.253320455551147,7326466
31.585938453674316,7313580
33.98779630661011,7313580
36.59038472175598,7313580
36.59251427650452,7313580
