Time,Objective value
4.421630382537842,67750
4.422747850418091,67750
7.0590598583221436,66912
9.433935165405273,66836
11.962515354156494,66784
14.446374654769897,66784
17.088810205459595,66658
19.4594087600708,66658
21.875627279281616,66658
24.157515287399292,66658
26.47652554512024,66586
29.04789924621582,66586
31.28607940673828,66586
33.70647978782654,66548
35.88125038146973,66548
38.19814109802246,66548
40.55562949180603,66534
43.14379596710205,66508
45.39601111412048,66508
47.83257341384888,66466
50.260207414627075,66466
52.103585958480835,66456
52.1047101020813,66456
