Time,Objective value
2.6914334297180176,68356
2.69205904006958,68356
4.409785270690918,66912
6.578687429428101,66906
7.75768256187439,66906
8.853024005889893,66786
10.099117755889893,66732
12.175173044204712,66662
13.821541547775269,66554
15.276559114456177,66554
16.736767292022705,66554
18.84819722175598,66554
20.336318254470825,66554
21.43475031852722,66514
22.60150718688965,66514
23.767308950424194,66514
24.873321294784546,66514
26.028197526931763,66490
27.902734756469727,66442
30.370668649673462,66442
32.04342246055603,66424
33.52463102340698,66424
34.86904835700989,66424
35.96154022216797,66376
36.980257987976074,66376
38.12704396247864,66376
39.28083276748657,66376
40.3470344543457,66376
41.598956823349,66376
42.919689416885376,66376
44.033504247665405,66376
45.22172522544861,66376
46.5624794960022,66376
47.68561339378357,66376
48.753108501434326,66376
49.75709772109985,66376
50.81310749053955,66376
51.989581823349,66376
51.9902024269104,66376
