Time,Objective value
4.46970009803772,67732
4.470341920852661,67732
6.352029323577881,66828
7.459539890289307,66828
8.502911567687988,66736
9.552249193191528,66680
10.59362006187439,66680
11.651729345321655,66588
13.275761842727661,66490
14.786993741989136,66490
15.907516479492188,66470
17.218722343444824,66470
18.4194917678833,66470
19.62962031364441,66456
20.82677960395813,66436
22.950215816497803,66436
24.026781797409058,66436
25.289923429489136,66408
26.391256093978882,66404
27.458664178848267,66404
28.533007621765137,66404
29.512173891067505,66384
30.4993155002594,66356
31.73207926750183,66356
32.80863690376282,66356
33.858885765075684,66332
34.911303997039795,66332
35.9054913520813,66318
36.96462965011597,66316
38.04341387748718,66316
39.1389057636261,66316
40.181720495224,66294
41.21945834159851,66294
42.244229555130005,66294
43.382697105407715,66286
44.46196746826172,66280
45.5016713142395,66280
46.524303913116455,66280
47.471168994903564,66280
48.49270439147949,66280
49.58643341064453,66280
50.605913400650024,66280
51.6710307598114,66280
52.61558151245117,66280
52.616188287734985,66280
