Time,Objective value
2.154386520385742,67712
2.154995918273926,67712
3.2961678504943848,66914
4.488641023635864,66898
5.586130619049072,66888
6.734161853790283,66866
7.90484094619751,66850
9.031776666641235,66746
10.195895433425903,66746
11.35760760307312,66738
12.438855171203613,66738
13.460386037826538,66738
14.528197526931763,66680
15.544826030731201,66680
16.65401339530945,66680
17.937523365020752,66680
19.02734136581421,66646
20.180879831314087,66646
21.312592267990112,66646
22.60139560699463,66646
23.9989652633667,66646
25.22252058982849,66646
26.457250118255615,66646
27.527806043624878,66612
28.720092058181763,66612
29.8859806060791,66612
31.05704426765442,66612
32.31389570236206,66612
33.56266975402832,66612
34.84654974937439,66612
35.992725133895874,66612
37.31418037414551,66612
38.46187973022461,66612
39.681053161621094,66582
40.85590958595276,66582
42.08294701576233,66582
43.178016901016235,66582
44.5198609828949,66564
45.74708580970764,66564
46.81473517417908,66564
48.03473401069641,66564
49.26918578147888,66564
50.424551248550415,66564
51.51209092140198,66564
52.67517280578613,66564
52.675808906555176,66564
