Time,Objective value
0.1798994541168213,151048
0.17990565299987793,151048
0.329923152923584,151048
0.5358924865722656,150402
0.6385817527770996,150402
0.7408394813537598,149578
0.8302810192108154,149578
0.9176585674285889,149578
1.0197279453277588,149578
1.151710033416748,149578
1.2712678909301758,149578
1.373849868774414,149578
1.4902067184448242,149578
1.5780093669891357,149578
1.6837971210479736,149578
1.7863757610321045,149578
9.809406995773315,149148
21.106988668441772,148590
29.226863861083984,148444
38.57144093513489,148354
48.03087520599365,148252
60.86970114707947,148252
71.45364165306091,148212
82.05827140808105,148212
91.28264665603638,148212
103.33007645606995,148212
103.33008551597595,148212
