Time,Objective value
0.13315153121948242,149744
0.13315796852111816,149744
0.23544788360595703,149744
0.31020021438598633,149744
0.42902207374572754,149744
0.5166382789611816,149744
0.6075689792633057,149744
0.6974856853485107,149744
0.7990202903747559,149744
0.8867893218994141,149744
0.9754106998443604,149744
1.076873540878296,149744
1.1651053428649902,149744
1.2990992069244385,149286
1.4653689861297607,149286
1.5957162380218506,149286
10.699811697006226,148898
18.480657815933228,148732
25.43917179107666,148732
36.94465351104736,148640
47.04234194755554,148554
56.21112632751465,148520
67.58698177337646,148520
79.58908653259277,148380
92.08407354354858,148380
104.10884046554565,148380
104.10885453224182,148380
