Time,Objective value
0.33052682876586914,155002
0.3305337429046631,155002
0.6885554790496826,153790
1.2219810485839844,153790
1.8039991855621338,153790
2.391225576400757,153790
2.7601799964904785,153790
3.087555170059204,153790
3.4399261474609375,153790
3.782447576522827,153790
4.129626512527466,153790
4.459919214248657,153790
4.806342124938965,153790
5.177851438522339,153790
5.645600318908691,153790
6.198648691177368,153790
6.682667255401611,153790
7.01376748085022,153790
7.36993145942688,153790
7.7001848220825195,153790
8.042873859405518,153790
8.363029956817627,153632
8.736034154891968,153632
9.084953308105469,153632
9.607497215270996,153578
10.187687635421753,153578
10.187701940536499,153578
