Time,Objective value
0.597219705581665,155450
0.5972278118133545,155450
1.0187416076660156,154080
1.344759225845337,154080
1.6856093406677246,154080
2.04815936088562,154080
2.413910150527954,154080
2.987262010574341,154080
3.4529271125793457,154080
4.025080919265747,154080
4.590129613876343,154080
5.021246910095215,154080
5.4373369216918945,153770
5.798944473266602,153770
6.158459424972534,153770
6.500990867614746,153770
6.827781677246094,153770
7.180894613265991,153770
7.524341821670532,153770
7.8523828983306885,153770
8.187045812606812,153770
8.538029909133911,153770
8.903059005737305,153770
9.234080791473389,153770
9.557953119277954,153770
9.91837453842163,153770
9.91838264465332,153770
