Time,Objective value
0.602757453918457,155612
0.6027674674987793,155612
1.2038333415985107,155612
1.7912695407867432,155356
2.2451531887054443,154402
2.692411184310913,154402
3.2717652320861816,154402
3.841139078140259,154402
4.38525652885437,154402
4.9491095542907715,154312
5.518576383590698,154312
6.1043009757995605,154312
6.719499111175537,153976
7.313457727432251,153976
7.898372650146484,153976
8.322880983352661,153976
8.651937484741211,153976
9.015042781829834,153976
9.365797519683838,153976
9.723785161972046,153976
10.08107328414917,153976
10.437362670898438,153976
10.856754064559937,153976
11.196109533309937,153976
11.525896310806274,153976
11.861347675323486,153976
11.86135458946228,153976
