Time,Objective value
0.5946609973907471,155098
0.5946707725524902,155098
1.2043991088867188,154084
1.7840924263000488,154084
2.335695743560791,154084
2.901276111602783,154084
3.4610772132873535,154084
4.048221111297607,154084
4.636841058731079,154084
5.202601194381714,154084
5.758671998977661,154084
6.19966721534729,154084
6.545429944992065,154084
6.886571407318115,154084
7.321072578430176,154084
7.90705418586731,154084
8.327006578445435,154084
8.689799070358276,154084
9.029784679412842,154084
9.389262199401855,154084
9.742293119430542,154084
10.081342220306396,154084
10.414591073989868,154084
10.76323652267456,154084
11.125847578048706,154084
11.467568159103394,154084
11.467576026916504,154084
