Time,Objective value
0.5856771469116211,154328
0.5856869220733643,154328
0.9927835464477539,154328
1.332000732421875,154292
1.658966302871704,154292
2.000589609146118,154188
2.3568615913391113,154188
2.7103474140167236,154188
3.140094757080078,154188
3.7229883670806885,154188
4.293651819229126,154188
4.8614654541015625,154188
5.297010183334351,154188
5.665595293045044,154188
6.007550239562988,153518
6.349366188049316,153518
6.882605314254761,153518
7.480701208114624,153518
7.853808641433716,153518
8.214531183242798,153518
8.582802772521973,153518
9.023529291152954,153518
9.444116830825806,153518
9.791461706161499,153518
10.157808065414429,153518
10.542731761932373,153518
10.542741298675537,153518
