Time,Objective value
0.09917879104614258,35426
0.09918761253356934,35426
0.19856548309326172,35426
0.29740023612976074,35252
0.3963296413421631,35018
0.49654102325439453,35018
0.5966930389404297,35018
0.6961359977722168,35018
0.7954919338226318,35018
0.8953967094421387,35018
0.9949796199798584,35018
1.0950028896331787,35018
1.194838523864746,35018
1.297614574432373,35018
1.3969838619232178,35018
1.4928174018859863,35018
1.5882585048675537,35018
1.6842453479766846,35018
1.7794625759124756,35018
1.8751640319824219,35018
1.9702785015106201,35018
2.0662646293640137,35018
2.1624467372894287,35018
2.259693145751953,35018
2.3542957305908203,35018
2.4489662647247314,35018
2.4489786624908447,35018
