Time,Objective value
0.019848346710205078,36244
0.019855022430419922,36244
0.04222226142883301,35984
0.06345200538635254,35984
0.08574151992797852,35956
0.10666918754577637,35956
0.12921714782714844,35956
0.1499934196472168,35956
0.17172598838806152,35956
0.19390106201171875,35956
0.21700549125671387,35956
0.23900771141052246,35956
0.26189589500427246,35894
0.2846035957336426,35852
0.3078958988189697,35806
0.32880115509033203,35806
0.35253477096557617,35806
0.37457871437072754,35806
0.397857666015625,35806
0.4193422794342041,35806
0.44126319885253906,35806
0.46362996101379395,35624
0.48606157302856445,35624
0.5095760822296143,35624
0.5323503017425537,35624
0.5551328659057617,35624
0.5551438331604004,35624
