Time,Objective value
0.01932525634765625,36128
0.019330263137817383,36128
0.04180097579956055,35678
0.06389093399047852,35678
0.08613705635070801,35678
0.10819768905639648,35678
0.13022112846374512,35678
0.1521313190460205,35678
0.17464375495910645,35678
0.19652581214904785,35678
0.2188119888305664,35678
0.24095797538757324,35678
0.2631256580352783,35678
0.2858002185821533,35678
0.30884480476379395,35678
0.33130431175231934,35678
0.3537330627441406,35678
0.3745996952056885,35678
0.3968198299407959,35678
0.4201169013977051,35678
0.4418599605560303,35678
0.4644339084625244,35678
0.4874746799468994,35678
0.5094847679138184,35678
0.5323894023895264,35676
0.5544743537902832,35676
0.554485559463501,35676
