Time,Objective value
0.09887123107910156,35298
0.09887981414794922,35298
0.19787383079528809,35298
0.29659342765808105,35298
0.3958444595336914,35190
0.49502086639404297,35190
0.5940330028533936,35190
0.6942441463470459,35190
0.7938656806945801,35190
0.8935301303863525,35190
0.9930121898651123,35190
1.092578411102295,35190
1.19160795211792,35190
1.2933831214904785,35190
1.3978188037872314,35190
1.4938960075378418,35190
1.5893974304199219,35190
1.6847202777862549,35190
1.779900312423706,35190
1.874959945678711,34974
1.9693140983581543,34974
2.0645437240600586,34974
2.1615681648254395,34974
2.2605714797973633,34974
2.3556101322174072,34974
2.4507501125335693,34974
2.450760841369629,34974
