Time,Objective value
0.019234895706176758,36144
0.0192415714263916,36144
0.04102516174316406,36144
0.06325268745422363,36144
0.08522629737854004,36034
0.10746479034423828,36034
0.12978458404541016,36034
0.15153002738952637,35978
0.17394781112670898,35922
0.1952071189880371,35922
0.21711230278015137,35834
0.2392880916595459,35834
0.2620532512664795,35834
0.2845742702484131,35834
0.3063051700592041,35834
0.32968950271606445,35834
0.3519871234893799,35636
0.3749692440032959,35636
0.3978416919708252,35636
0.41998887062072754,35636
0.44202280044555664,35636
0.46457409858703613,35636
0.48546457290649414,35636
0.5080142021179199,35636
0.5316553115844727,35636
0.5535027980804443,35636
0.5535092353820801,35636
