Time,Objective value
0.052887916564941406,52378
0.052895307540893555,52378
0.10364437103271484,51152
0.15473675727844238,50736
0.2057044506072998,50566
0.25660109519958496,50566
0.30730509757995605,49966
0.358142614364624,49966
0.4086766242980957,49938
0.45904541015625,49430
0.5095810890197754,49430
0.560307502746582,49430
0.6109106540679932,49410
0.661372184753418,49410
0.6881427764892578,49174
0.739037036895752,49174
0.7894861698150635,49174
0.8101813793182373,49140
0.8606319427490234,49140
0.8737554550170898,49132
0.892310619354248,49124
0.9426414966583252,49124
0.9930806159973145,49124
1.0436246395111084,49124
1.0643680095672607,49124
1.0961976051330566,49074
1.0962059497833252,49074
