Time,Objective value
0.05019354820251465,51596
0.05019998550415039,51596
0.10066413879394531,50612
0.15099048614501953,50612
0.2011885643005371,49974
0.25134849548339844,49974
0.3015904426574707,49856
0.3518548011779785,49856
0.4021916389465332,49856
0.45232701301574707,49798
0.5027487277984619,49798
0.5531051158905029,49798
0.6036379337310791,49798
0.6540451049804688,49798
0.7045347690582275,49798
0.7550427913665771,49798
0.8055341243743896,49622
0.8496818542480469,49268
0.9002294540405273,49268
0.9507555961608887,49268
1.001239538192749,49268
1.0516290664672852,49268
1.102135419845581,49268
1.1526803970336914,49268
1.2037155628204346,49268
1.2543222904205322,49268
1.2543339729309082,49268
