Time,Objective value
0.05113363265991211,51184
0.05114030838012695,51184
0.10146832466125488,50950
0.15161776542663574,50498
0.2017970085144043,50184
0.2519040107727051,50184
0.3020007610321045,50036
0.352069616317749,49674
0.4021596908569336,49674
0.4527475833892822,49674
0.5025272369384766,49386
0.5524945259094238,49386
0.6026041507720947,49332
0.6562891006469727,49182
0.7581443786621094,49182
0.8600418567657471,49182
0.9621050357818604,49182
1.0341300964355469,49182
1.135979413986206,49182
1.238309383392334,49182
1.3409595489501953,49182
1.443068027496338,49182
1.5454695224761963,49182
1.6444172859191895,49056
1.7422165870666504,49056
1.7629032135009766,49056
1.7629153728485107,49056
