Time,Objective value
0.10176396369934082,52222
0.10177350044250488,52222
0.2033083438873291,51590
0.3047749996185303,51350
0.40628671646118164,50688
0.5077033042907715,50688
0.6091017723083496,50176
0.7106325626373291,49904
0.8121304512023926,49904
0.9135594367980957,49904
1.0149872303009033,49768
1.1163992881774902,49748
1.2189159393310547,49426
1.2980256080627441,49426
1.3825373649597168,49256
1.4805693626403809,49256
1.5779294967651367,49256
1.6759183406829834,49256
1.773341178894043,49256
1.870478868484497,49256
1.9678959846496582,49256
2.016061544418335,49224
2.1151115894317627,49224
2.211642026901245,49224
2.2948431968688965,49224
2.325904130935669,49224
2.325916051864624,49224
