Time,Objective value
0.10265493392944336,52342
0.10266375541687012,52342
0.2046358585357666,51418
0.3066749572753906,50886
0.4087209701538086,50886
0.5107886791229248,50520
0.6127684116363525,50484
0.7148582935333252,50368
0.8168430328369141,50218
0.9186971187591553,50218
1.0207107067108154,50218
1.1229398250579834,50218
1.2020108699798584,50218
1.2528250217437744,49660
1.2938578128814697,49192
1.344609022140503,49192
1.3950769901275635,49192
1.4126596450805664,49192
1.4633703231811523,49192
1.5139150619506836,49192
1.5643432140350342,49192
1.614776849746704,49172
1.6651875972747803,49172
1.7156274318695068,49172
1.7267415523529053,49128
1.7774183750152588,49128
1.777430772781372,49128
