Time,Objective value
0.10243654251098633,51428
0.10245323181152344,51428
0.20618844032287598,51428
0.3076632022857666,50662
0.4091930389404297,49980
0.5106508731842041,49980
0.6122210025787354,49730
0.7137477397918701,49730
0.7935695648193359,49438
0.895115852355957,49414
0.9965152740478516,49414
1.0991687774658203,49414
1.2009696960449219,49414
1.2809250354766846,49328
1.3845274448394775,49328
1.3988220691680908,49328
1.4957895278930664,49328
1.5933606624603271,49328
1.6182334423065186,49328
1.715315818786621,49328
1.8123962879180908,49328
1.9098725318908691,49328
2.00754976272583,49328
2.109401226043701,49328
2.206955671310425,49328
2.304064989089966,49328
2.304077386856079,49328
