Time,Objective value
0.05078554153442383,52004
0.05079245567321777,52004
0.10123944282531738,51236
0.15153813362121582,50874
0.20193243026733398,50536
0.2520444393157959,50536
0.3024585247039795,50536
0.35262036323547363,50026
0.40287160873413086,50026
0.4529392719268799,50026
0.5003767013549805,49798
0.550588846206665,49798
0.6011929512023926,49798
0.6178493499755859,49696
0.6682865619659424,49696
0.7185530662536621,49696
0.7689785957336426,49696
0.8086915016174316,49696
0.8215236663818359,49696
0.8372759819030762,49660
0.8752610683441162,49660
0.9256377220153809,49660
0.9759833812713623,49660
1.0262484550476074,49660
1.0768685340881348,49660
1.105846643447876,49660
1.10585355758667,49660
