Time,Objective value
0.051148414611816406,52034
0.051156044006347656,52034
0.101287841796875,51468
0.151475191116333,50730
0.2016301155090332,50708
0.2518928050994873,50708
0.3022336959838867,50708
0.35256004333496094,50660
0.4028332233428955,50660
0.45308494567871094,50570
0.5033574104309082,50570
0.553565502166748,50570
0.6038622856140137,50570
0.6540746688842773,49936
0.7030191421508789,49414
0.7495899200439453,49414
0.7998683452606201,49414
0.850236177444458,49414
0.9006516933441162,49414
0.9510524272918701,49414
1.0013995170593262,49414
1.0514881610870361,49414
1.0855357646942139,49414
1.1274895668029785,49414
1.1780619621276855,49414
1.2286632061004639,49414
1.2286756038665771,49414
