Time,Objective value
0.05073285102844238,51736
0.05073833465576172,51736
0.10105276107788086,50954
0.1514885425567627,50638
0.20169925689697266,50134
0.2521541118621826,49792
0.30242204666137695,49792
0.3529360294342041,49792
0.4032003879547119,49792
0.4536442756652832,49792
0.5039353370666504,49774
0.5543122291564941,49774
0.6046028137207031,49458
0.6550641059875488,49458
0.7053873538970947,49458
0.7558956146240234,49458
0.8062152862548828,49458
0.8474857807159424,49214
0.898003101348877,49214
0.9270732402801514,49136
0.9774839878082275,49136
0.9851481914520264,49136
1.0355620384216309,49136
1.0860145092010498,49136
1.136368751525879,49136
1.1804213523864746,49102
1.1804282665252686,49102
