Time,Objective value
1.8244338035583496,35170
1.8264780044555664,35170
2.8475427627563477,34764
3.925635814666748,34762
4.914883375167847,34762
5.941442489624023,34752
6.93390417098999,34752
8.033606767654419,34666
9.087751388549805,34666
10.118956565856934,34614
11.2043936252594,34572
12.268532276153564,34558
13.296386003494263,34558
14.318608045578003,34540
15.389974117279053,34538
16.443317413330078,34530
17.505029678344727,34528
18.603232383728027,34522
19.681405544281006,34522
20.778759479522705,34522
21.77128291130066,34522
22.822354078292847,34514
23.907041549682617,34514
24.93909788131714,34514
25.995154857635498,34510
27.068182945251465,34494
28.143437147140503,34472
29.17485475540161,34472
30.225218057632446,34472
31.209242343902588,34472
32.225393772125244,34472
32.227490186691284,34472
