Time,Objective value
1.8337347507476807,35012
1.8358817100524902,35012
2.8431148529052734,34724
3.906226396560669,34618
5.510879755020142,34618
7.56328558921814,34568
9.0507972240448,34552
10.104813575744629,34552
11.110666036605835,34548
12.061161518096924,34512
13.162339925765991,34462
14.190164804458618,34462
15.221874952316284,34462
16.214759826660156,34462
17.17461061477661,34462
18.136777639389038,34462
19.132623434066772,34462
20.054466485977173,34462
21.08129334449768,34462
22.122193336486816,34462
23.166093111038208,34462
24.160590410232544,34462
25.16762351989746,34462
26.13166570663452,34462
27.08978509902954,34462
28.095080852508545,34462
29.184203624725342,34462
30.2389178276062,34462
31.299452781677246,34462
32.32937979698181,34462
32.33149337768555,34462
