Time,Objective value
1.828420639038086,35096
1.8305630683898926,35096
2.8332011699676514,34698
3.8901126384735107,34612
4.930622577667236,34612
5.915058374404907,34612
6.963570594787598,34612
8.013941526412964,34600
9.044406414031982,34600
10.147833108901978,34562
11.336549520492554,34562
12.335259437561035,34562
13.387595653533936,34562
14.509167909622192,34562
15.475879192352295,34562
16.49273681640625,34562
17.500301599502563,34544
18.559088706970215,34544
19.592248916625977,34544
20.560144186019897,34544
21.56794285774231,34544
22.607022523880005,34544
23.575122833251953,34544
24.68718695640564,34544
25.71117615699768,34544
26.730887413024902,34516
27.77932047843933,34516
28.861576318740845,34516
30.03547215461731,34516
31.002307415008545,34516
32.11515021324158,34516
32.117273807525635,34516
