Time,Objective value
3.6180548667907715,35098
3.621612787246704,35098
5.41605544090271,34818
7.415349960327148,34808
9.045546054840088,34634
11.078885793685913,34634
12.610763549804688,34592
13.586712837219238,34568
15.271764993667603,34568
17.42876124382019,34568
19.511265516281128,34546
21.010334253311157,34546
22.085676670074463,34546
23.23676824569702,34546
25.257375478744507,34546
27.146957397460938,34544
28.65631127357483,34542
29.612744092941284,34528
30.569581985473633,34524
31.563318014144897,34524
31.56536841392517,34524
