Time,Objective value
1.7971713542938232,35200
1.7992949485778809,35200
2.912180185317993,34784
3.9267125129699707,34748
4.924802303314209,34726
5.930831670761108,34694
7.647030353546143,34656
9.598957300186157,34656
10.73007082939148,34656
11.777142763137817,34636
12.858455657958984,34636
14.014588594436646,34630
15.10216498374939,34630
16.15181064605713,34594
17.146203994750977,34582
18.45051145553589,34582
20.474541902542114,34582
22.478088855743408,34576
23.45318341255188,34576
24.765601634979248,34574
26.690792560577393,34574
27.891584157943726,34530
28.946862936019897,34522
30.37137198448181,34522
31.483335733413696,34522
31.485476970672607,34522
