Time,Objective value
2.127614736557007,15150370
2.127833843231201,15150370
3.1948039531707764,15093649
4.216787815093994,15093649
5.2990546226501465,15093649
6.356814861297607,15082456
8.725812435150146,15082456
10.518100500106812,15057512
11.37385630607605,15057512
12.65552806854248,15057512
13.956725358963013,15046221
15.186842441558838,15046221
16.168797969818115,15036143
17.253971576690674,15036143
18.32139015197754,15036143
19.384443044662476,15036143
20.341070652008057,15028151
21.484917879104614,15028151
22.639711380004883,15028151
23.896345853805542,15028151
25.038991689682007,15028151
26.24931788444519,15028151
27.35024905204773,15028151
28.42470407485962,15028151
29.748430490493774,15028151
30.973098516464233,15028151
32.1450080871582,15028151
33.41460657119751,15028151
34.4169762134552,15028151
35.71426486968994,15028151
36.653438568115234,15024992
37.54078769683838,15024992
38.63024830818176,15022676
40.37908339500427,15022676
41.26559853553772,15015889
42.66799354553223,15015889
45.26408267021179,15015889
47.07284212112427,15012727
48.11620736122131,15012727
49.264763593673706,15012727
51.83763837814331,15012727
53.92709565162659,15012727
55.71247935295105,15012727
56.958763122558594,15012727
58.32182788848877,15012727
60.25498867034912,15010321
62.994773387908936,12490441
65.10235953330994,12490441
67.7409839630127,12490441
70.35542631149292,12490441
71.86766290664673,12490441
72.88200902938843,12490441
75.00968050956726,12490441
77.7923846244812,12490441
79.49646139144897,12490441
80.8520724773407,12490441
82.01058077812195,12490441
82.01079630851746,12490441
