Time,Objective value
1.907247543334961,15177028
1.9074535369873047,15177028
2.939847946166992,12490441
4.2221410274505615,12490441
5.350926876068115,12490441
6.595059394836426,12490441
7.85517692565918,12490441
8.939945220947266,12490441
10.223829984664917,12490441
11.357314109802246,12490441
12.623146057128906,12490441
13.627336025238037,12490441
14.817044019699097,12490441
16.088736295700073,12490441
17.18904709815979,12490441
18.26141881942749,12490441
20.714390993118286,12490441
23.2098708152771,12490441
25.58763074874878,12490441
28.074463367462158,12490441
30.547935724258423,12490441
31.664230346679688,12490441
32.89853262901306,12490441
34.04361701011658,12490441
35.26650023460388,12490441
37.33876395225525,12490441
39.57287836074829,12490441
41.92587614059448,12490441
43.15144658088684,12490441
44.465405225753784,12490441
46.00671434402466,12490441
48.61855888366699,12490441
50.75346612930298,12490441
53.17481350898743,12490441
54.542577505111694,12490441
55.83658313751221,12490441
58.19142031669617,12490441
61.46170926094055,12490441
63.03522753715515,12490441
64.65271306037903,12490441
65.72677326202393,12490441
66.77699637413025,12490441
68.0436282157898,12490441
69.40628600120544,12490441
70.61567044258118,12490441
72.19265556335449,12490441
73.79140329360962,12490441
75.62877106666565,12490441
77.3234691619873,12490441
79.48630976676941,12490441
82.8127875328064,12490441
82.81312322616577,12490441
