Time,Objective value
2.046804428100586,15156000
2.0470144748687744,15156000
3.2193472385406494,12490441
4.183409690856934,12490441
5.354816675186157,12490441
6.488232135772705,12490441
8.41920018196106,12490441
9.76898455619812,12490441
10.790943384170532,12490441
13.24158501625061,12490441
15.43143367767334,12490441
18.130229949951172,12490441
19.914265871047974,12490441
22.175572395324707,12490441
23.51229763031006,12490441
24.635319471359253,12490441
25.614660501480103,12490441
27.336461067199707,12490441
28.470650911331177,12490441
29.551007509231567,12490441
30.702927350997925,12490441
32.6622588634491,12490441
33.83831572532654,12490441
34.99420952796936,12490441
36.2618191242218,12490441
37.49909257888794,12490441
38.62063646316528,12490441
40.42049431800842,12490441
42.824162006378174,12490441
44.00295615196228,12490441
45.069815158843994,12490441
46.08960247039795,12490441
47.40123915672302,12490441
50.089454889297485,12490441
51.83935236930847,12490441
52.98198866844177,12490441
54.331427574157715,12490441
56.77020072937012,12490441
59.134479999542236,12490441
60.37631392478943,12490441
61.62238574028015,12490441
62.72018551826477,12490441
65.28474879264832,12490441
67.42035579681396,12490441
68.75477623939514,12490441
70.06614851951599,12490441
71.64844608306885,12490441
73.58816289901733,12490441
74.95211982727051,12490441
76.15995693206787,12490441
78.95021796226501,12490441
81.70710802078247,12490441
81.7074511051178,12490441
