Time,Objective value
4.6744279861450195,15161539
4.6747894287109375,15161539
7.116576910018921,15104759
8.160463809967041,15075054
10.469220638275146,12490441
11.979835271835327,12490441
13.131043195724487,12490441
14.216408967971802,12490441
16.287028074264526,12490441
18.51717710494995,12490441
20.883185625076294,12490441
23.022591829299927,12490441
24.300033807754517,12490441
25.497052431106567,12490441
28.020769357681274,12490441
30.82584309577942,12490441
31.94928240776062,12490441
33.844435691833496,12490441
35.794804096221924,12490441
37.28694200515747,12490441
38.52952527999878,12490441
39.85368371009827,12490441
41.107813358306885,12490441
42.30999970436096,12490441
44.20444440841675,12490441
46.998579025268555,12490441
48.12973427772522,12490441
49.518105268478394,12490441
50.69857430458069,12490441
51.74057960510254,12490441
53.364259481430054,12490441
54.64288663864136,12490441
56.021525621414185,12490441
57.27045249938965,12490441
59.35440182685852,12490441
62.73416757583618,12490441
64.46496391296387,12490441
65.72960829734802,12490441
67.72726607322693,12490441
70.61250352859497,12490441
72.33327531814575,12490441
73.98420858383179,12490441
75.6130735874176,12490441
76.98937392234802,12490441
78.45608854293823,12490441
80.26144909858704,12490441
81.90224742889404,12490441
81.90244698524475,12490441
