Time,Objective value
0.1940929889678955,2688
0.19668197631835938,2688
0.28298020362854004,2640
0.3723773956298828,2532
0.46076488494873047,2532
0.5502223968505859,2528
0.6403372287750244,2528
0.7323267459869385,2528
0.8262672424316406,2528
0.9155406951904297,2528
1.0111384391784668,2474
1.1101465225219727,2474
1.2045326232910156,2474
1.2986228466033936,2460
1.3959834575653076,2460
1.4912874698638916,2460
1.5801196098327637,2392
1.6708991527557373,2392
1.7718722820281982,2392
1.8708584308624268,2392
1.9648733139038086,2392
2.0518882274627686,2392
2.1517844200134277,2392
2.248248338699341,2392
2.3436200618743896,2392
2.4370813369750977,2392
2.517470598220825,2392
2.576770544052124,2392
2.6340479850769043,2392
2.6899964809417725,2392
2.7451329231262207,2392
2.797243356704712,2392
2.8531243801116943,2392
2.9117045402526855,2392
2.97295880317688,2392
3.0270843505859375,2392
3.0802180767059326,2392
3.136098623275757,2392
3.188335418701172,2392
3.2434334754943848,2392
3.2994871139526367,2392
3.355924367904663,2392
3.411259412765503,2392
3.46856427192688,2392
3.5242860317230225,2392
3.5769810676574707,2392
3.63134503364563,2392
3.691772937774658,2392
3.7456748485565186,2392
3.798382043838501,2392
3.854919672012329,2392
3.908877372741699,2392
3.9622371196746826,2392
4.018824577331543,2392
4.0204994678497314,2392
