Time,Objective value
0.10828089714050293,2708
0.10999846458435059,2708
0.16521358489990234,2506
0.2192695140838623,2506
0.27545857429504395,2506
0.33294105529785156,2506
0.38468074798583984,2506
0.4414656162261963,2506
0.49511027336120605,2506
0.5524730682373047,2506
0.6075761318206787,2492
0.6666529178619385,2492
0.7211790084838867,2488
0.7738842964172363,2488
0.8284237384796143,2488
0.8848512172698975,2488
0.9412362575531006,2398
0.9947507381439209,2398
1.048149824142456,2398
1.1008541584014893,2398
1.1570346355438232,2398
1.208216905593872,2374
1.2656426429748535,2374
1.3279588222503662,2374
1.3890280723571777,2374
1.4485561847686768,2374
1.5022778511047363,2374
1.5556635856628418,2374
1.6121571063995361,2374
1.6704542636871338,2374
1.7231571674346924,2374
1.7787902355194092,2374
1.8356707096099854,2374
1.8887600898742676,2374
1.946807861328125,2374
1.999859094619751,2374
2.0533103942871094,2374
2.1082592010498047,2374
2.167189598083496,2374
2.222203493118286,2374
2.2748711109161377,2374
2.3342204093933105,2374
2.3852145671844482,2374
2.443948268890381,2374
2.5064377784729004,2374
2.591981887817383,2374
2.6858975887298584,2374
2.77508544921875,2374
2.8661515712738037,2374
2.9583899974823,2374
3.0525801181793213,2374
3.1417665481567383,2374
3.238145112991333,2374
3.3260574340820312,2374
3.41580867767334,2374
3.5047967433929443,2374
3.597414493560791,2374
3.6890475749969482,2374
3.774813175201416,2374
3.8680384159088135,2374
3.9583847522735596,2374
4.051106929779053,2374
4.053601026535034,2374
