Time,Objective value
0.1947774887084961,2804
0.19741010665893555,2804
0.28890562057495117,2566
0.34509801864624023,2484
0.4028739929199219,2398
0.4587056636810303,2398
0.5139706134796143,2398
0.5675549507141113,2398
0.6226527690887451,2398
0.675957441329956,2398
0.7459361553192139,2398
0.8424625396728516,2374
0.9332036972045898,2374
1.0299031734466553,2374
1.1158452033996582,2374
1.2074477672576904,2374
1.2950303554534912,2374
1.3911552429199219,2374
1.4853487014770508,2374
1.5777156352996826,2374
1.669558048248291,2374
1.762007236480713,2374
1.8488988876342773,2374
1.9467720985412598,2374
2.047717332839966,2374
2.1520943641662598,2374
2.2439026832580566,2374
2.333261013031006,2374
2.42261004447937,2374
2.5164146423339844,2374
2.607665777206421,2374
2.691946268081665,2374
2.787447452545166,2374
2.8849921226501465,2374
2.975811004638672,2374
3.061915397644043,2374
3.151266098022461,2374
3.2438104152679443,2374
3.3339650630950928,2374
3.424454689025879,2374
3.5153772830963135,2374
3.6015937328338623,2374
3.6887142658233643,2374
3.7844550609588623,2374
3.8760998249053955,2374
3.9641823768615723,2374
4.061022996902466,2374
4.063776731491089,2374
