Time,Objective value
0.10247135162353516,152298
0.1024787425994873,152298
0.20824456214904785,151376
0.31279420852661133,151376
0.43096494674682617,151376
0.5207357406616211,151376
0.6078016757965088,151376
0.7268054485321045,151376
0.8298261165618896,151376
0.915391206741333,151376
1.006234884262085,151376
1.094594955444336,151376
1.2132654190063477,151376
1.3134965896606445,151376
1.4334235191345215,151376
1.5252201557159424,151376
13.796147108078003,150518
27.061716318130493,150518
40.58458971977234,150366
54.141818046569824,150280
66.61034178733826,150168
76.08183598518372,150032
85.47591161727905,149884
97.37849307060242,149880
106.18704557418823,149878
106.18705773353577,149878
