Time,Objective value
0.21332931518554688,151608
0.21333909034729004,151608
0.45636844635009766,151608
0.5748701095581055,151608
0.6896004676818848,151512
0.7903316020965576,151512
0.8762593269348145,151512
0.9813644886016846,151512
1.052121877670288,151512
1.1389522552490234,151512
1.2413232326507568,151512
1.3734185695648193,151512
1.4454548358917236,151512
1.5324633121490479,151000
1.6481425762176514,151000
1.749312162399292,151000
13.411458015441895,150772
24.565185070037842,150460
35.729620933532715,150342
43.69621396064758,150286
53.3242883682251,150116
64.9027259349823,150054
77.73525190353394,149980
89.64639496803284,149812
101.33178424835205,149808
101.33179974555969,149808
