Time,Objective value
0.13495874404907227,150646
0.1349658966064453,150646
0.2505309581756592,150646
0.35320305824279785,150646
0.4842703342437744,150646
0.5848710536956787,150646
0.7788543701171875,150646
1.0179524421691895,150646
1.2299401760101318,150646
1.5314643383026123,150646
1.7098565101623535,150646
1.9571726322174072,150646
2.1081008911132812,150646
2.3518500328063965,150646
2.61881947517395,150646
2.8364462852478027,150646
19.336158752441406,150386
29.531180381774902,150014
39.73994588851929,150014
56.815385580062866,149952
67.89986872673035,149896
77.76978588104248,149858
90.35268688201904,149844
101.7714171409607,149836
101.77142882347107,149836
