Time,Objective value
0.2564089298248291,151724
0.25641846656799316,151724
0.4466736316680908,151724
0.6354720592498779,150950
0.9120666980743408,150950
1.127249002456665,150950
1.3140931129455566,150950
1.5961217880249023,150950
1.8412656784057617,150950
2.0992581844329834,150950
2.2844176292419434,150950
2.4042415618896484,150950
2.53701114654541,150950
2.6384353637695312,150950
2.7435548305511475,150950
2.829287052154541,150950
12.062797546386719,150592
24.55491828918457,150138
40.28776001930237,150066
53.032519817352295,150066
62.551613330841064,150066
79.6797194480896,150066
92.13494920730591,150066
103.91786432266235,150066
103.91787672042847,150066
