Time,Objective value
0.0017292499542236328,2688
0.0017364025115966797,2688
0.0017440319061279297,2688
