Time,Objective value
0.0020210742950439453,3266
0.0020279884338378906,3266
0.002035379409790039,3266
