Time,Objective value
0.0015411376953125,3252
0.0015485286712646484,3252
0.0015556812286376953,3252
