Time,Objective value
0.002141237258911133,3190
0.002149820327758789,3190
0.0021598339080810547,3190
