Time,Objective value
0.0016679763793945312,3254
0.0016775131225585938,3254
0.0016884803771972656,3254
