Time,Objective value
0.0015339851379394531,3510
0.0015401840209960938,3510
0.0015463829040527344,3510
