Time,Objective value
0.014748096466064453,164860
0.014754772186279297,164860
0.029875993728637695,164666
0.04497838020324707,162920
0.06067013740539551,162920
0.07581233978271484,162920
0.09131288528442383,162920
0.1064000129699707,162920
0.1215524673461914,162920
0.13646531105041504,162920
0.1516878604888916,162920
0.16649508476257324,162920
0.1817457675933838,162920
0.19700026512145996,162920
0.21240234375,162920
0.22754907608032227,162920
0.24229001998901367,162920
0.25776028633117676,162920
0.27292656898498535,162920
0.28828954696655273,162920
0.3036673069000244,162920
0.31839656829833984,162920
0.3337697982788086,162920
0.3492889404296875,162920
0.36472034454345703,162920
0.3798246383666992,162920
0.37983131408691406,162920
