Time,Objective value
0.015099525451660156,164224
0.015105485916137695,164224
0.03098320960998535,163096
0.046015262603759766,163096
0.06139492988586426,163096
0.07666635513305664,163096
0.09194040298461914,163096
0.10700821876525879,163096
0.12227797508239746,163096
0.13785243034362793,163096
0.15364551544189453,163096
0.16858386993408203,163096
0.18363380432128906,163096
0.19938325881958008,163096
0.21449875831604004,163096
0.22946381568908691,163096
0.24482369422912598,163096
0.25992798805236816,163096
0.27536559104919434,163096
0.29038262367248535,163096
0.3056328296661377,163096
0.32013511657714844,163096
0.3356320858001709,163096
0.3514442443847656,162994
0.3665926456451416,162994
0.38222670555114746,162994
0.38223838806152344,162994
