Time,Objective value
0.015103578567504883,163988
0.015109777450561523,163988
0.02999591827392578,163988
0.04456377029418945,163988
0.05987906455993652,163296
0.0746605396270752,163296
0.08992505073547363,163296
0.10555768013000488,161860
0.12103390693664551,161860
0.1363208293914795,161860
0.15151143074035645,161860
0.1668717861175537,161860
0.18223953247070312,161860
0.1972653865814209,161860
0.21265697479248047,161860
0.22775864601135254,161860
0.24272370338439941,161860
0.25807976722717285,161860
0.2730834484100342,161860
0.28864121437072754,161860
0.3039822578430176,161860
0.31893181800842285,161860
0.33406615257263184,161860
0.349560022354126,161860
0.36489224433898926,161860
0.3800079822540283,161860
0.3800182342529297,161860
