Time,Objective value
0.030697345733642578,165272
0.030705928802490234,165272
0.061858177185058594,163088
0.09353470802307129,163088
0.1250765323638916,163088
0.15639901161193848,163088
0.1884770393371582,163088
0.21996688842773438,163088
0.25205397605895996,163088
0.2837049961090088,163088
0.31529951095581055,163088
0.34764909744262695,163088
0.3792548179626465,163088
0.4096643924713135,163088
0.4376530647277832,163088
0.4665391445159912,163088
0.4947776794433594,163088
0.5165555477142334,163088
0.5315549373626709,163088
0.5470185279846191,163088
0.5624029636383057,163014
0.5777783393859863,163014
0.5932648181915283,163014
0.6085143089294434,163014
0.623847246170044,163014
0.6388723850250244,163014
0.6388828754425049,163014
