Time,Objective value
0.020428895950317383,479642872
0.02044057846069336,479642872
0.020452022552490234,479642872
