Time,Objective value
0.010214567184448242,501141123
0.010222196578979492,501141123
0.01022958755493164,501141123
