Time,Objective value
0.020596027374267578,497886542
0.020607471466064453,497886542
0.020619630813598633,497886542
