Time,Objective value
0.019367456436157227,463143494
0.0193784236907959,463143494
0.019390106201171875,463143494
