Time,Objective value
0.050328969955444336,480304446
0.05033755302429199,480304446
0.09651756286621094,480304446
0.14363670349121094,480304446
0.1916518211364746,480304446
0.2386000156402588,471439050
0.28224992752075195,471439050
0.3298830986022949,471439050
0.3764519691467285,471439050
0.4230775833129883,471439050
0.4680039882659912,471439050
0.5095112323760986,471439050
0.5536403656005859,471439050
0.5979678630828857,471439050
0.6252212524414062,471439050
0.6612308025360107,471439050
0.7074217796325684,471439050
0.7474203109741211,471439050
0.7822999954223633,471439050
0.8065750598907471,468566183
0.831387996673584,468566183
0.8570497035980225,468566183
0.883392333984375,468566183
0.9070966243743896,468566183
0.9313473701477051,468566183
0.9556503295898438,468566183
0.955657958984375,468566183
