Time,Objective value
0.04784274101257324,513258825
0.047852277755737305,513258825
0.09570837020874023,504794990
0.1399085521697998,481941003
0.18078827857971191,481941003
0.22765064239501953,481941003
0.2731916904449463,481941003
0.3045344352722168,481941003
0.3316662311553955,481941003
0.355710506439209,481941003
0.3815040588378906,481941003
0.4087691307067871,481377533
0.4333760738372803,481377533
0.4582638740539551,479767628
0.48299646377563477,479767628
0.5124025344848633,479767628
0.538881778717041,479767628
0.5692117214202881,479767628
0.5956003665924072,479767628
0.6272563934326172,479767628
0.655634880065918,479767628
0.6825497150421143,476509388
0.7103989124298096,469945868
0.7376923561096191,469945868
0.7657470703125,469945868
0.7922947406768799,469945868
0.7923088073730469,469945868
