Time,Objective value
0.026806116104125977,472912228
0.026813507080078125,472912228
0.05494236946105957,472912228
0.08359265327453613,472912228
0.11125373840332031,472912228
0.138624906539917,472912228
0.16547870635986328,472912228
0.19161081314086914,472912228
0.2185230255126953,466900262
0.24615979194641113,464990366
0.2747676372528076,464990366
0.29934072494506836,464990366
0.32636404037475586,464990366
0.3533039093017578,464990366
0.38163089752197266,464990366
0.4079105854034424,464990366
0.43387269973754883,464990366
0.46457695960998535,464990366
0.491086483001709,464990366
0.5153577327728271,464990366
0.5428330898284912,464990366
0.5688228607177734,464990366
0.5960738658905029,464990366
0.6258804798126221,464990366
0.6558387279510498,464990366
0.68194580078125,464990366
0.681952953338623,464990366
