Time,Objective value
0.029012441635131836,512543918
0.029019832611083984,512543918
0.057126522064208984,502718101
0.08290791511535645,486153213
0.10875701904296875,486153213
0.13883161544799805,477149054
0.16654419898986816,477149054
0.1910264492034912,477149054
0.21952223777770996,477149054
0.24736452102661133,477149054
0.2725226879119873,477149054
0.3002438545227051,477149054
0.32581353187561035,470218835
0.3522980213165283,470218835
0.378002405166626,470218835
0.4057788848876953,470218835
0.43233609199523926,463324239
0.4625437259674072,463324239
0.4918203353881836,463324239
0.5168814659118652,463324239
0.5456333160400391,463324239
0.5701069831848145,463324239
0.594304084777832,463324239
0.6224210262298584,463324239
0.6515285968780518,463324239
0.679163932800293,463324239
0.6791753768920898,463324239
