Time,Objective value
0.04641580581665039,492389465
0.046425580978393555,492389465
0.09674215316772461,467287968
0.15053081512451172,467287968
0.19729328155517578,467287968
0.2416377067565918,467287968
0.289806604385376,467287968
0.33632898330688477,467287968
0.3818039894104004,467287968
0.4272923469543457,467287968
0.4728536605834961,467287968
0.5179286003112793,467287968
0.5710623264312744,467287968
0.6166341304779053,467287968
0.659630298614502,467287968
0.7038326263427734,467287968
0.7480378150939941,467287968
0.7955319881439209,467287968
0.8355858325958252,467287968
0.8795099258422852,467287968
0.9077785015106201,467287968
0.9342701435089111,467287968
0.9634466171264648,467287968
0.9913654327392578,467287968
1.015920639038086,467287968
1.0406198501586914,467287968
1.0406274795532227,467287968
