Time,Objective value
0.04294323921203613,489820448
0.04295086860656738,489820448
0.08999133110046387,481092576
0.13428211212158203,481092576
0.17708063125610352,481092576
0.22261500358581543,466840832
0.2708868980407715,466840832
0.3163878917694092,466840832
0.3604416847229004,466840832
0.40804338455200195,466840832
0.45351457595825195,466840832
0.5001769065856934,466840832
0.5446586608886719,466840832
0.5971343517303467,466840832
0.642899751663208,466840832
0.6858391761779785,466840832
0.7340154647827148,466840832
0.7637999057769775,466840832
0.7906584739685059,466840832
0.8178296089172363,466840832
0.8484475612640381,466840832
0.8773019313812256,466840832
0.9030406475067139,466840832
0.9270849227905273,466840832
0.9540607929229736,466840832
0.9808595180511475,466840832
0.9808676242828369,466840832
