Time,Objective value
0.0499570369720459,504780870
0.04996752738952637,504780870
0.09832119941711426,491195400
0.1502673625946045,485179107
0.2001173496246338,485179107
0.2566945552825928,485179107
0.2995584011077881,467500823
0.34412169456481934,467500823
0.3877842426300049,467500823
0.4316136837005615,467500823
0.4828367233276367,467500823
0.5329339504241943,467500823
0.5809316635131836,467500823
0.628312349319458,467500823
0.6717243194580078,467500823
0.7202291488647461,467500823
0.7762405872344971,467500823
0.8229315280914307,467500823
0.8718807697296143,467500823
0.922996997833252,467500823
0.9675474166870117,467500823
1.0151333808898926,467500823
1.0627195835113525,467500823
1.1036128997802734,467500823
1.1521520614624023,467500823
1.1973965167999268,467500823
1.1974074840545654,467500823
