Time,Objective value
0.032187700271606445,504780870
0.03219342231750488,504780870
0.06061863899230957,491195400
0.09083342552185059,485179107
0.11933565139770508,485179107
0.1510467529296875,485179107
0.17557477951049805,467500823
0.2016909122467041,467500823
0.22618842124938965,467500823
0.2513551712036133,467500823
0.28000712394714355,467500823
0.3085908889770508,467500823
0.3363828659057617,467500823
0.3631908893585205,467500823
0.3880486488342285,467500823
0.4158759117126465,467500823
0.4466552734375,467500823
0.4738337993621826,467500823
0.5023891925811768,467500823
0.5321121215820312,467500823
0.5589838027954102,467500823
0.5873689651489258,467500823
0.616347074508667,467500823
0.6409235000610352,467500823
0.6689600944519043,467500823
0.6966395378112793,467500823
0.6966524124145508,467500823
