Time,Objective value
0.029259204864501953,476056054
0.0292661190032959,476056054
0.05603170394897461,476056054
0.08277726173400879,476056054
0.10927748680114746,476056054
0.13737750053405762,476056054
0.16519498825073242,468663381
0.19383668899536133,468663381
0.2256031036376953,468663381
0.25311827659606934,468663381
0.27962684631347656,468663381
0.3085520267486572,468663381
0.3394749164581299,468663381
0.3667590618133545,468663381
0.3926715850830078,468663381
0.4199638366699219,468663381
0.4448411464691162,468663381
0.47409677505493164,468663381
0.49947476387023926,468663381
0.5292794704437256,468663381
0.5564577579498291,468663381
0.5812208652496338,468663381
0.6076757907867432,468663381
0.6356573104858398,468663381
0.6590430736541748,468663381
0.6847524642944336,468663381
0.6847596168518066,468663381
