Time,Objective value
0.032311439514160156,470322406
0.032317161560058594,470322406
0.06110525131225586,470322406
0.08920669555664062,470322406
0.1149587631225586,470322406
0.14019322395324707,466366185
0.16776514053344727,466204735
0.19622492790222168,466204735
0.22648000717163086,466204735
0.2540755271911621,466204735
0.2808048725128174,466204735
0.30812501907348633,466204735
0.33484864234924316,466204735
0.3596014976501465,466204735
0.3870840072631836,466204735
0.4158289432525635,466204735
0.4424855709075928,466204735
0.47062230110168457,466204735
0.4973185062408447,466204735
0.5239017009735107,466204735
0.5505802631378174,466204735
0.5795753002166748,466204735
0.6081993579864502,466204735
0.6345643997192383,466204735
0.6623556613922119,465774827
0.6910979747772217,465774827
0.6911106109619141,465774827
