Time,Objective value
0.028022289276123047,495791515
0.0280306339263916,495791515
0.05317544937133789,495791515
0.07827520370483398,484567792
0.10320901870727539,484567792
0.13109874725341797,484567792
0.15739774703979492,473266845
0.18603229522705078,473266845
0.21700406074523926,466253351
0.24245166778564453,466253351
0.2720165252685547,466253351
0.29912257194519043,466253351
0.3256988525390625,466253351
0.35057640075683594,466253351
0.3769862651824951,466253351
0.40536975860595703,466253351
0.4330432415008545,466253351
0.4611337184906006,466253351
0.49013590812683105,466253351
0.517545223236084,466253351
0.5425548553466797,466253351
0.5676846504211426,466253351
0.5948488712310791,466253351
0.6227028369903564,466253351
0.6498165130615234,466253351
0.6743185520172119,466253351
0.6743264198303223,466253351
