Time,Objective value
0.042906999588012695,489169069
0.042914628982543945,489169069
0.08853459358215332,489169069
0.13619089126586914,477408157
0.18213462829589844,477408157
0.22951793670654297,477408157
0.26387715339660645,477408157
0.29111695289611816,477408157
0.3162970542907715,477408157
0.3431539535522461,477408157
0.36844587326049805,469125309
0.3974268436431885,469125309
0.42645883560180664,469125309
0.4523344039916992,469125309
0.4789116382598877,469125309
0.5076401233673096,469125309
0.534454345703125,469125309
0.5598039627075195,469125309
0.586575984954834,469125309
0.6123578548431396,469125309
0.6364917755126953,469125309
0.6607003211975098,469125309
0.687401533126831,469125309
0.7147104740142822,469125309
0.7423908710479736,469125309
0.769683837890625,468021514
0.7696969509124756,468021514
