Time,Objective value
0.003964424133300781,730456177
0.003971576690673828,730456177
0.0039784908294677734,730456177
