Time,Objective value
0.0030329227447509766,727119906
0.0030405521392822266,727119906
0.003048419952392578,727119906
