Time,Objective value
0.005214691162109375,730371562
0.005227565765380859,730371562
0.00523829460144043,730371562
