Time,Objective value
0.0024836063385009766,200
0.0024895668029785156,200
0.002496004104614258,200
