Time,Objective value
0.0025281906127929688,204
0.002535581588745117,204
0.0025420188903808594,204
