Time,Objective value
0.003004789352416992,208
0.0030126571655273438,208
0.003019571304321289,208
