Time,Objective value
0.0024864673614501953,196
0.0024933815002441406,196
0.0025000572204589844,196
