Time,Objective value
1.5455336570739746,44928170
1.545541763305664,44928170
1.5455493927001953,44928170
