Time,Objective value
2.7479348182678223,44946334
2.747946262359619,44946334
2.747957706451416,44946334
