Time,Objective value
2.337541103363037,44928170
2.337552070617676,44928170
4.520304203033447,44928170
8.05617356300354,44928170
9.365869998931885,44909548
10.941952466964722,44909548
13.500069618225098,44909548
14.67981219291687,44909548
15.848453044891357,44909548
17.617520332336426,44909548
19.835071325302124,44909548
22.396584272384644,44895180
25.12043809890747,44893880
26.670523643493652,44893880
28.21472454071045,44893880
29.40117597579956,44893880
186.23515844345093,44876922
303.41182589530945,44861314
447.96796703338623,44861314
556.0501477718353,44861314
645.6561136245728,44859718
747.6712017059326,44856090
747.6712121963501,44856090
