Time,Objective value
1.5473463535308838,44895322
1.547353744506836,44895322
2.7259013652801514,44895322
3.904571056365967,44895322
5.080428600311279,44895322
6.254753351211548,44895322
7.693789958953857,44895322
9.89840292930603,44895322
12.135918140411377,44895322
14.365192174911499,44895322
16.606877088546753,44895322
18.839072942733765,44895322
21.068060159683228,44895322
24.001787424087524,44895322
26.24475932121277,44895322
28.47656798362732,44895322
153.42768263816833,44864274
273.0303158760071,44862550
408.7765681743622,44859324
515.3620190620422,44838912
622.1778373718262,44838328
736.1286895275116,44838328
736.1287007331848,44838328
