Time,Objective value
1.17281174659729,44978406
1.1728191375732422,44978406
2.349187135696411,44978406
3.53112530708313,44974262
4.705134630203247,44922552
6.468500375747681,44922552
7.640568733215332,44922552
9.179989576339722,44922552
10.643574953079224,44922552
11.845117092132568,44922552
13.039440870285034,44922552
14.213838577270508,44875466
15.39077115058899,44875466
16.565364599227905,44875466
18.116488218307495,44875466
18.92715549468994,44875466
130.6857030391693,44875466
228.7183222770691,44875466
362.90629601478577,44863330
467.21143674850464,44863330
581.4963722229004,44863330
708.5705060958862,44857622
708.5705225467682,44857622
