Time,Objective value
0.6066734790802002,151896
0.6066830158233643,151896
1.0316290855407715,151814
1.378880262374878,151814
1.7194392681121826,151814
2.084500312805176,151814
2.417945146560669,151814
2.7584424018859863,151814
3.0968127250671387,151632
3.450063705444336,151632
3.784849166870117,151632
4.139440536499023,151632
4.489880084991455,151632
4.816868305206299,151632
5.160775899887085,151632
5.498923301696777,151632
5.847370147705078,151526
6.163231134414673,150982
6.4835357666015625,150982
6.831755876541138,150982
7.170679569244385,150982
7.5005128383636475,150982
7.839990854263306,150982
8.180309295654297,150982
8.513628005981445,150982
8.867194414138794,150982
8.867202043533325,150982
