Time,Objective value
0.3842329978942871,151950
0.38424015045166016,151950
0.7349708080291748,151950
1.0804839134216309,151950
1.4220173358917236,151950
1.7696120738983154,151950
2.11557674407959,151950
2.4582204818725586,151950
2.8353447914123535,151950
3.170356273651123,151822
3.504412889480591,151822
3.8597776889801025,151822
4.190659761428833,151822
4.567112445831299,151822
4.912142753601074,151822
5.283426523208618,151822
5.646819353103638,151822
5.9861533641815186,151822
6.334799289703369,151822
6.695902585983276,151822
7.0599048137664795,151822
7.403669118881226,151822
7.7493743896484375,151822
8.073325157165527,151822
8.429213285446167,151822
8.761851787567139,151822
8.761863470077515,151822
