Time,Objective value
0.3409450054168701,151160
0.34095239639282227,151160
0.6842153072357178,151160
1.0505683422088623,151160
1.413661003112793,151160
1.7704977989196777,151160
2.1302683353424072,151160
2.487138032913208,151160
2.85374116897583,151160
3.2074813842773438,151160
3.550060749053955,151160
3.8920037746429443,151160
4.258773326873779,151160
4.6293816566467285,151160
4.986727952957153,151160
5.338193655014038,151160
5.7049338817596436,151160
6.057568311691284,151160
6.429716348648071,151160
6.802686929702759,151160
7.351499557495117,151160
7.959766387939453,151160
8.551234245300293,151160
9.112837791442871,151160
9.489904165267944,151160
9.837630987167358,151160
9.837640762329102,151160
