Time,Objective value
0.6064784526824951,154276
0.6064887046813965,154276
1.2106475830078125,153742
1.7736709117889404,151616
2.3012704849243164,151616
2.6752684116363525,151616
3.0398664474487305,151616
3.3876476287841797,151616
3.7279603481292725,151616
4.075074672698975,151616
4.437297105789185,151616
4.769492149353027,151616
5.1425182819366455,151616
5.467889070510864,151616
5.821948528289795,151616
6.161078214645386,151616
6.508055686950684,151616
6.876248121261597,151616
7.230294466018677,151616
7.600029706954956,151616
7.944725751876831,151082
8.295953273773193,151082
8.645448446273804,151082
9.02297043800354,151082
9.39915680885315,151082
9.730459213256836,151082
9.730467081069946,151082
