Time,Objective value
0.3454000949859619,152418
0.34540629386901855,152418
0.6871838569641113,152418
1.0426983833312988,152124
1.3787260055541992,152124
1.7305653095245361,152124
2.083103656768799,152124
2.4315390586853027,151584
2.7776172161102295,151584
3.1455013751983643,151584
3.479069948196411,151584
3.8512167930603027,151584
4.186779499053955,151584
4.54785418510437,151584
4.868772745132446,151584
5.225537538528442,151584
5.56026554107666,151584
5.893375873565674,151584
6.240644454956055,151584
6.606251239776611,151496
6.953587055206299,151496
7.325958967208862,151496
7.660599231719971,151496
8.004082679748535,151496
8.364070177078247,151496
8.695796012878418,151496
8.695804357528687,151496
