Time,Objective value
0.6588163375854492,152144
0.6588253974914551,152144
1.3045928478240967,152144
1.9140918254852295,152144
2.527071952819824,152144
3.1160454750061035,152080
3.6966331005096436,151666
4.266470193862915,151666
4.8867738246917725,151666
5.452623128890991,151666
6.0064780712127686,151666
6.6021833419799805,151666
7.165062189102173,151666
7.7353973388671875,151666
8.295947313308716,151648
8.86961817741394,151648
9.41303563117981,151648
9.97559118270874,151648
10.526830196380615,151648
11.082096099853516,151648
11.65671682357788,151648
12.23182225227356,151648
12.79167103767395,151648
13.371690034866333,151648
13.725069284439087,151648
14.088032007217407,151648
14.08804178237915,151648
