Time,Objective value
0.0054798126220703125,679200327
0.00548863410949707,679200327
0.010236740112304688,679200327
0.01503610610961914,679200327
0.01944136619567871,679200327
0.0247805118560791,679200327
0.02989482879638672,679200327
0.03463935852050781,649579159
0.038976430892944336,649579159
0.044216156005859375,649579159
0.04902982711791992,649579159
0.0536961555480957,649579159
0.058643341064453125,649579159
0.06302475929260254,649579159
0.06773757934570312,649579159
0.07293009757995605,649579159
0.07767724990844727,649579159
0.0823214054107666,649579159
0.08737015724182129,649579159
0.09163355827331543,649579159
0.09678316116333008,649579159
0.10148262977600098,649579159
0.10703849792480469,649579159
0.11169242858886719,649579159
0.11646008491516113,649579159
0.12113094329833984,649579159
0.12113809585571289,649579159
