Time,Objective value
0.005326032638549805,742090679
0.005333662033081055,742090679
0.010181188583374023,729759822
0.015344381332397461,729759822
0.01983189582824707,729759822
0.025124788284301758,648240842
0.029993772506713867,648240842
0.03475236892700195,648240842
0.03968334197998047,648240842
0.044003963470458984,648240842
0.04872012138366699,648240842
0.05409979820251465,648240842
0.05900168418884277,648240842
0.0644369125366211,648240842
0.06978964805603027,648240842
0.07456040382385254,648240842
0.0792534351348877,648240842
0.08414483070373535,648240842
0.08934736251831055,648240842
0.09396576881408691,648240842
0.09880757331848145,648240842
0.10357785224914551,648240842
0.10886001586914062,648240842
0.11403536796569824,648240842
0.11926651000976562,648240842
0.12419891357421875,648240842
0.12420940399169922,648240842
