Time,Objective value
0.005336284637451172,741105153
0.005343198776245117,741105153
0.010137081146240234,682164969
0.014915943145751953,682164969
0.019689321517944336,682164969
0.025498628616333008,682164969
0.031351566314697266,682164969
0.037201642990112305,682164969
0.04200291633605957,682164969
0.04714536666870117,682164969
0.05199384689331055,682164969
0.05628848075866699,682164969
0.061702728271484375,682164969
0.0668177604675293,682164969
0.07154464721679688,682164969
0.07652926445007324,678825462
0.08178997039794922,678825462
0.08683967590332031,678825462
0.0917203426361084,678825462
0.09617781639099121,643538266
0.1018521785736084,643538266
0.1067047119140625,643538266
0.11164426803588867,643538266
0.11680793762207031,643538266
0.12145495414733887,643538266
0.1259322166442871,643538266
0.12594223022460938,643538266
