Time,Objective value
0.0066988468170166016,746016703
0.006705522537231445,746016703
0.011556386947631836,714590549
0.017425537109375,714590549
0.022441387176513672,652809320
0.02715778350830078,652295570
0.031516313552856445,652295570
0.0361332893371582,652295570
0.040714263916015625,652295570
0.045526742935180664,641800412
0.05059552192687988,641800412
0.05529427528381348,641800412
0.05961036682128906,641800412
0.06445956230163574,641800412
0.06908535957336426,641800412
0.07426142692565918,641800412
0.07894396781921387,641800412
0.08363628387451172,641800412
0.08835625648498535,641800412
0.09419918060302734,641800412
0.09961724281311035,641800412
0.10436034202575684,641800412
0.10939359664916992,641800412
0.1140899658203125,641800412
0.11850285530090332,641800412
0.12318205833435059,641800412
0.12319445610046387,641800412
