Time,Objective value
0.005865335464477539,742326763
0.005872964859008789,742326763
0.011171579360961914,732733962
0.01601552963256836,732733962
0.021189451217651367,732733962
0.025979280471801758,732733962
0.033293724060058594,732733962
0.04224133491516113,681688187
0.05044913291931152,669623768
0.05809926986694336,669623768
0.06652188301086426,668935471
0.07459425926208496,656959145
0.08198237419128418,656959145
0.08942270278930664,656959145
0.09612011909484863,650098717
0.10167503356933594,650098717
0.10602879524230957,650098717
0.11034536361694336,650098717
0.11465787887573242,650098717
0.11977505683898926,650098717
0.12450575828552246,650098717
0.1291065216064453,650098717
0.13400626182556152,650098717
0.1393265724182129,650098717
0.14372777938842773,650098717
0.14811944961547852,650098717
0.14813017845153809,650098717
