Time,Objective value
0.005161285400390625,746016703
0.0051691532135009766,746016703
0.009675741195678711,714590549
0.015564918518066406,714590549
0.020711421966552734,652809320
0.02562880516052246,652295570
0.03018808364868164,652295570
0.035007476806640625,652295570
0.039742469787597656,652295570
0.04475593566894531,641800412
0.05007362365722656,641800412
0.055002450942993164,641800412
0.059488534927368164,641800412
0.06438088417053223,641800412
0.06916022300720215,641800412
0.0743863582611084,641800412
0.07916712760925293,641800412
0.08391571044921875,641800412
0.08870291709899902,641800412
0.09470295906066895,641800412
0.10025453567504883,641800412
0.10509657859802246,641800412
0.11021018028259277,641800412
0.1149294376373291,641800412
0.11937427520751953,641800412
0.1239469051361084,641800412
0.12395501136779785,641800412
