Time,Objective value
0.0001418590545654297,4798
0.0010247230529785156,4230
0.0020036697387695312,4150
0.003070831298828125,4014
0.004063844680786133,3962
0.00504302978515625,3962
0.006065845489501953,3886
0.007095813751220703,3834
0.008121728897094727,3826
0.0090179443359375,3826
0.010056018829345703,3826
0.011081218719482422,3826
0.012120723724365234,3826
0.013016939163208008,3826
0.014038562774658203,3826
0.015056610107421875,3804
0.016080856323242188,3782
0.017107009887695312,3776
0.018003225326538086,3772
0.019039630889892578,3772
0.020064115524291992,3772
0.021085500717163086,3772
0.022122621536254883,3770
0.02301931381225586,3764
0.02404165267944336,3760
0.025060653686523438,3760
0.026083946228027344,3760
0.026216983795166016,3760
