Time,Objective value
0.00012826919555664062,5038
0.0010058879852294922,4244
0.002009153366088867,4104
0.0030095577239990234,4042
0.004122018814086914,3816
0.0051195621490478516,3816
0.0060236454010009766,3816
0.007006168365478516,3788
0.008028984069824219,3788
0.009019613265991211,3788
0.010084152221679688,3788
0.011145353317260742,3788
0.012122869491577148,3788
0.013108968734741211,3784
0.014065980911254883,3764
0.015014171600341797,3764
0.016069412231445312,3764
0.017123699188232422,3764
0.018178462982177734,3764
0.019121885299682617,3764
0.020140886306762695,3764
0.021218538284301758,3744
0.02213883399963379,3744
0.02305293083190918,3744
0.024115562438964844,3744
0.02503204345703125,3744
0.02618718147277832,3744
0.02713298797607422,3744
0.02806377410888672,3744
0.02922677993774414,3744
0.030165910720825195,3744
0.031095027923583984,3744
0.032037973403930664,3744
0.03323173522949219,3744
0.03417563438415527,3744
0.035127878189086914,3744
0.036066293716430664,3744
0.037103891372680664,3744
0.038016319274902344,3744
0.0380251407623291,3744
