Time,Objective value
0.00013113021850585938,5054
0.0010418891906738281,4340
0.0020363330841064453,4232
0.0030341148376464844,4134
0.0041043758392333984,4024
0.005090236663818359,3958
0.0061533451080322266,3854
0.007090330123901367,3854
0.008055925369262695,3854
0.00908970832824707,3854
0.010109901428222656,3854
0.011127948760986328,3848
0.01203465461730957,3826
0.013055801391601562,3798
0.014073848724365234,3776
0.015093803405761719,3772
0.016112089157104492,3772
0.017004728317260742,3772
0.018024444580078125,3754
0.01905965805053711,3754
0.02008056640625,3754
0.02111530303955078,3754
0.022008419036865234,3754
0.023025989532470703,3754
0.024045228958129883,3754
0.02506566047668457,3754
0.026085376739501953,3754
0.0271151065826416,3754
0.02800774574279785,3754
0.028657913208007812,3754
