Time,Objective value
0.00014352798461914062,5240
0.0010182857513427734,4212
0.002018451690673828,4000
0.003106355667114258,3954
0.004027366638183594,3866
0.0050563812255859375,3866
0.0060787200927734375,3830
0.007097005844116211,3824
0.008129358291625977,3824
0.009030818939208984,3786
0.010054349899291992,3758
0.011092185974121094,3756
0.012112855911254883,3756
0.013129472732543945,3756
0.014017581939697266,3752
0.015051603317260742,3752
0.016078710556030273,3752
0.01709580421447754,3752
0.018131256103515625,3752
0.019043445587158203,3750
0.020068883895874023,3750
0.02109360694885254,3750
0.022116422653198242,3750
0.023009300231933594,3750
0.02403426170349121,3750
0.02505803108215332,3750
0.026079893112182617,3750
0.026215553283691406,3750
