Time,Objective value
0.6127204895019531,151210
0.6127307415008545,151210
1.2372877597808838,150692
1.8344650268554688,150692
2.4424242973327637,150680
3.0407443046569824,150680
3.647615432739258,150680
4.095560312271118,149436
4.4263482093811035,149436
4.750636339187622,149436
5.094688415527344,149436
5.436374187469482,149436
5.7923970222473145,149436
6.158730745315552,149436
6.50836443901062,149436
6.846203088760376,149436
7.19498872756958,149436
7.53546929359436,149436
7.869553089141846,149436
8.430869102478027,149436
8.890563011169434,149436
9.243850469589233,149436
9.576335668563843,149436
9.924169540405273,149436
10.273249387741089,149436
10.616915225982666,149436
10.616923570632935,149436
