Time,Objective value
0.5862109661102295,151476
0.5862185955047607,151476
1.1668651103973389,150498
1.750906229019165,150276
2.343378782272339,150276
2.9450902938842773,150276
3.5235841274261475,150276
4.097171068191528,150276
4.668349981307983,150276
5.280479431152344,150276
5.889105558395386,150276
6.46445631980896,150276
7.046524524688721,150276
7.648718595504761,150276
8.199738025665283,150276
8.737857341766357,150276
9.082602500915527,150276
9.421702146530151,150276
9.764506578445435,149938
10.125555276870728,149938
10.484466314315796,149938
10.816369771957397,149938
11.17037057876587,149508
11.49673080444336,149508
11.832772493362427,149508
12.17131233215332,149508
12.17132043838501,149508
