Time,Objective value
0.33277297019958496,151964
0.332780122756958,151964
0.690915584564209,151150
1.039959192276001,151150
1.3852393627166748,150454
1.7206666469573975,150454
2.0346107482910156,150454
2.3851616382598877,150454
2.739372730255127,150454
3.106337785720825,150454
3.433300733566284,150454
3.77815842628479,150002
4.119619846343994,150002
4.479589939117432,150002
4.857193470001221,150002
5.441569566726685,150002
5.989763021469116,150002
6.579581022262573,150002
7.206445693969727,150002
7.796967029571533,150002
8.24759030342102,150002
8.587804079055786,150002
8.932073593139648,150002
9.28518033027649,150002
9.6059091091156,150002
9.944047927856445,150002
9.944056272506714,150002
