Time,Objective value
0.3631472587585449,150602
0.36315369606018066,150602
0.7483000755310059,150602
1.360780954360962,150602
2.0145506858825684,150602
2.469388246536255,150602
2.8256187438964844,150288
3.195053815841675,150288
3.528857469558716,150288
3.9043757915496826,150288
4.216669082641602,150288
4.550179481506348,150288
4.883476734161377,150288
5.1986658573150635,150288
5.516653776168823,150288
5.83924412727356,149712
6.17483925819397,149712
6.499632358551025,149712
6.828818082809448,149712
7.1641318798065186,149712
7.513014554977417,149712
7.850100994110107,149712
8.176501750946045,149448
8.504252672195435,149448
8.842421293258667,149448
9.153976440429688,149448
9.153984308242798,149448
