Time,Objective value
0.35562944412231445,150670
0.3556351661682129,150670
0.7099404335021973,150670
1.0789737701416016,150670
1.4301836490631104,150070
1.7780828475952148,150070
2.0926382541656494,150070
2.456887722015381,149664
2.8000407218933105,149664
3.1360669136047363,149664
3.48952054977417,149664
3.838308334350586,149508
4.17702054977417,149508
4.520831108093262,149508
4.870145320892334,149508
5.204895257949829,149508
5.569227933883667,149508
5.890262126922607,149508
6.244920492172241,149508
6.567212820053101,149508
6.913815021514893,149508
7.2693727016448975,149508
7.602193117141724,149508
7.956269025802612,149508
8.286316871643066,149508
8.623921394348145,149508
8.623929023742676,149508
