Time,Objective value
0.3725430965423584,151210
0.37255048751831055,151210
0.7421631813049316,150692
1.0842621326446533,150692
1.4409666061401367,150680
1.787235975265503,150680
2.150158643722534,150680
2.496337652206421,149436
2.825692653656006,149436
3.1515486240386963,149436
3.498615264892578,149436
3.8450119495391846,149436
4.200179815292358,149436
4.570401430130005,149436
4.917961120605469,149436
5.257761716842651,149436
5.606604814529419,149436
5.949603319168091,149436
6.284073829650879,149436
6.628300428390503,149436
6.967735052108765,149436
7.31964635848999,149436
7.652735948562622,149436
7.99980616569519,149436
8.351709604263306,149436
8.74645471572876,149436
8.746467590332031,149436
