Time,Objective value
0.34124112129211426,152374
0.3412470817565918,152374
0.6708118915557861,151726
1.0203826427459717,151726
1.3687937259674072,151726
1.7056381702423096,151258
2.0429065227508545,151150
2.3698291778564453,150774
2.724701404571533,150774
3.0649590492248535,150624
3.4914987087249756,150624
4.100266695022583,150624
4.679588317871094,150386
5.2356555461883545,149772
5.836660146713257,149772
6.41798210144043,149772
7.008884906768799,149772
7.627797365188599,149352
8.244696140289307,149352
8.835906267166138,148892
9.452984809875488,148892
10.03792428970337,148892
10.611772537231445,148892
11.191195726394653,148892
11.772456645965576,148892
12.298292875289917,148892
12.298306465148926,148892
