Time,Objective value
0.6137127876281738,150634
0.6137235164642334,150634
1.2336440086364746,150634
1.7512216567993164,150634
2.1023759841918945,150634
2.4651503562927246,150634
2.8218607902526855,150492
3.148024320602417,150492
3.518751382827759,149552
3.8709847927093506,149552
4.203103065490723,149552
4.55482029914856,149552
4.916446208953857,149552
5.269242525100708,149552
5.620714426040649,149552
5.966907262802124,149552
6.284508943557739,149552
6.6321022510528564,149552
6.981209754943848,149552
7.32270073890686,149552
7.692308664321899,149552
8.045959949493408,149552
8.408794164657593,149552
8.764038324356079,149552
9.139597654342651,149552
9.446844339370728,149552
9.446851968765259,149552
