Time,Objective value
0.0008730888366699219,175040
0.0011184215545654297,172948
0.003155231475830078,160724
0.006429195404052734,157156
0.00954437255859375,155230
0.012599945068359375,154336
0.015670061111450195,153906
0.018774032592773438,153672
0.022433996200561523,153360
0.02608799934387207,153144
0.029752492904663086,153040
0.03340744972229004,152944
0.037061452865600586,152832
0.04072070121765137,152786
0.0443873405456543,152732
0.048059940338134766,152598
0.05172300338745117,152510
0.055388450622558594,152428
0.05905652046203613,152322
0.06272387504577637,152242
0.06637692451477051,152172
0.07005071640014648,152104
0.07371783256530762,151930
0.0773918628692627,151914
0.08106327056884766,151902
0.08473372459411621,151880
0.0884091854095459,151802
0.09211373329162598,151802
0.09586739540100098,151776
0.09961676597595215,151762
0.10333085060119629,151762
0.1070866584777832,151718
0.11086797714233398,151718
0.11469721794128418,151690
0.11853289604187012,151686
0.12229561805725098,151660
0.12607097625732422,151660
0.1298537254333496,151660
0.13357996940612793,151636
0.13737750053405762,151632
0.14115619659423828,151596
0.14491033554077148,151568
0.14870524406433105,151552
0.15252256393432617,151516
0.1562635898590088,151516
0.16004729270935059,151512
0.1639115810394287,151484
0.16773653030395508,151408
0.1714944839477539,151404
0.17523574829101562,151404
0.17903566360473633,151352
0.18281078338623047,151266
0.18658447265625,151240
0.18660449981689453,151240
