Time,Objective value
0.0008692741394042969,175710
0.0012578964233398438,173962
0.003994941711425781,161390
0.007635593414306641,157386
0.011278629302978516,155520
0.014879465103149414,154686
0.0184328556060791,154188
0.021990537643432617,153916
0.025547027587890625,153604
0.029091358184814453,153178
0.032645225524902344,153000
0.03619265556335449,152468
0.039742469787597656,152386
0.04329252243041992,152350
0.04683828353881836,152300
0.05039238929748535,152132
0.053946733474731445,151976
0.057496070861816406,151698
0.06104588508605957,151678
0.064605712890625,151538
0.0681917667388916,151476
0.07186317443847656,151476
0.0755009651184082,151470
0.07911348342895508,151470
0.08275723457336426,151416
0.08637475967407227,151414
0.09000611305236816,151346
0.09364724159240723,151346
0.0972588062286377,151332
0.10087466239929199,151332
0.10445594787597656,151294
0.10804390907287598,151262
0.11166930198669434,151252
0.11526942253112793,151252
0.11895608901977539,151252
0.12272191047668457,151252
0.1264035701751709,151252
0.13012027740478516,151252
0.13382482528686523,151244
0.13748955726623535,151244
0.14114975929260254,151224
0.14480113983154297,151194
0.1484363079071045,151146
0.15212416648864746,151098
0.15577077865600586,151076
0.15938568115234375,151040
0.16309905052185059,151040
0.16693687438964844,151010
0.17016959190368652,150972
0.1737055778503418,150972
0.177321195602417,150948
0.18059873580932617,150860
0.1838228702545166,150860
0.1838388442993164,150860
