Time,Objective value
0.0008614063262939453,174298
0.0012772083282470703,172436
0.003522157669067383,161218
0.007306814193725586,156816
0.011109352111816406,154908
0.014892578125,154388
0.018678903579711914,154142
0.022463083267211914,153992
0.02624988555908203,153664
0.030046701431274414,153470
0.03383040428161621,153252
0.03761744499206543,153160
0.04141402244567871,153006
0.045196533203125,152974
0.04898381233215332,152868
0.05277299880981445,152796
0.05655813217163086,152790
0.06035304069519043,152694
0.06413769721984863,152594
0.06792330741882324,152574
0.07169961929321289,152542
0.07491421699523926,152516
0.07813119888305664,152516
0.081207275390625,152476
0.08432388305664062,152424
0.08777308464050293,152424
0.0919487476348877,152420
0.0954751968383789,152420
0.09935140609741211,152420
0.10258817672729492,152410
0.10584759712219238,152410
0.10924983024597168,152410
0.1126091480255127,152410
0.11629891395568848,152406
0.11963343620300293,152406
0.12288546562194824,152390
0.12607526779174805,152328
0.1296243667602539,152288
0.13294696807861328,152254
0.13674116134643555,152250
0.14021658897399902,152232
0.14359259605407715,152230
0.147444486618042,152170
0.15072154998779297,152146
0.15407800674438477,152146
0.15771102905273438,152146
0.16123008728027344,152146
0.16481995582580566,152106
0.16853976249694824,152106
0.17179346084594727,152104
0.17534351348876953,152104
0.17882394790649414,152104
0.18216371536254883,152104
0.18218183517456055,152104
