Time,Objective value
0.0008690357208251953,175296
0.0012733936309814453,172984
0.0038557052612304688,159630
0.007550954818725586,155668
0.011247634887695312,154452
0.01494908332824707,153568
0.018643856048583984,153442
0.02235555648803711,152790
0.026046037673950195,152534
0.02974247932434082,152492
0.03343820571899414,152398
0.03713345527648926,152338
0.04082942008972168,151934
0.04453301429748535,151830
0.048230886459350586,151630
0.05193376541137695,151536
0.055628061294555664,151486
0.05932784080505371,151462
0.0630345344543457,151402
0.06673431396484375,151296
0.07042932510375977,151274
0.07415175437927246,151248
0.07790303230285645,151156
0.08166170120239258,151152
0.08542108535766602,151152
0.08914971351623535,151104
0.09292459487915039,151104
0.09667372703552246,151062
0.10040807723999023,151006
0.10413956642150879,150982
0.10785031318664551,150980
0.11158251762390137,150976
0.11532163619995117,150972
0.11905169486999512,150972
0.12279462814331055,150958
0.12652873992919922,150894
0.13025259971618652,150890
0.13398432731628418,150776
0.13770079612731934,150774
0.14142179489135742,150736
0.14499115943908691,150736
0.14818453788757324,150736
0.15137195587158203,150736
0.1545569896697998,150736
0.15773367881774902,150736
0.16093659400939941,150736
0.16415071487426758,150736
0.16733288764953613,150736
0.1705489158630371,150736
0.17380094528198242,150736
0.17702341079711914,150736
0.1802530288696289,150736
0.18350529670715332,150736
0.183518648147583,150736
