Time,Objective value
0.0008249282836914062,174494
0.001064300537109375,169886
0.003782510757446289,156248
0.005618572235107422,154606
0.007445335388183594,153838
0.009271860122680664,153456
0.011091232299804688,153022
0.012912750244140625,152790
0.014730691909790039,152546
0.0165402889251709,152228
0.01836562156677246,152070
0.020185232162475586,151932
0.022001981735229492,151882
0.023831605911254883,151824
0.025636672973632812,151708
0.027442216873168945,151652
0.029262781143188477,151634
0.031079530715942383,151620
0.03288626670837402,151612
0.03468918800354004,151550
0.03650522232055664,151390
0.03831195831298828,151316
0.04011964797973633,151292
0.0419313907623291,151218
0.04373431205749512,151196
0.045539140701293945,151146
0.04734611511230469,151056
0.049150943756103516,151056
0.050962209701538086,151056
0.05276679992675781,151056
0.05457139015197754,151056
0.05637502670288086,151056
0.05818033218383789,151056
0.059984683990478516,151056
0.0617976188659668,151056
0.06360244750976562,151056
0.06540942192077637,151056
0.0672142505645752,151056
0.06901955604553223,151056
0.0708317756652832,151056
0.07263565063476562,151056
0.07444000244140625,151056
0.07624530792236328,151056
0.07805061340332031,151056
0.07985496520996094,151056
0.0816640853881836,151056
0.08347129821777344,151056
0.08527851104736328,151056
0.08708381652832031,151056
0.08888936042785645,151056
0.09069252014160156,151056
0.09251570701599121,151056
0.09252285957336426,151056
