Time,Objective value
0.0008790493011474609,174378
0.0012242794036865234,171216
0.0026679039001464844,160446
0.005663394927978516,156546
0.00917959213256836,154990
0.012912511825561523,154338
0.016639232635498047,153932
0.020357131958007812,153470
0.02409052848815918,153264
0.027811288833618164,153072
0.03155779838562012,152754
0.03527212142944336,152584
0.038991451263427734,152454
0.04271101951599121,152332
0.04643106460571289,152240
0.05014157295227051,152162
0.05387377738952637,152072
0.05758857727050781,151934
0.06130623817443848,151874
0.0650334358215332,151748
0.06887054443359375,151730
0.07270145416259766,151728
0.07650303840637207,151634
0.08030080795288086,151582
0.08408808708190918,151548
0.0879056453704834,151548
0.09178638458251953,151536
0.09568047523498535,151502
0.09952354431152344,151436
0.1033782958984375,151436
0.10716605186462402,151432
0.110992431640625,151432
0.11488795280456543,151406
0.11874103546142578,151402
0.12264418601989746,151402
0.12650537490844727,151390
0.13032841682434082,151380
0.13414287567138672,151356
0.13803386688232422,151314
0.1419060230255127,151314
0.14572834968566895,151314
0.1495506763458252,151288
0.15340542793273926,151288
0.1572113037109375,151288
0.16101479530334473,151288
0.16493487358093262,151288
0.16890597343444824,151288
0.17270541191101074,151288
0.1764986515045166,151288
0.18047666549682617,151288
0.18425512313842773,151258
0.18804168701171875,151258
0.19207525253295898,151212
0.19208788871765137,151212
