Time,Objective value
0.0714719295501709,15126293
0.07148075103759766,15126293
0.07148885726928711,15126293
