Time,Objective value
0.05262041091918945,15190783
0.052626609802246094,15190783
0.052633047103881836,15190783
