Time,Objective value
0.09519410133361816,15235965
0.09520554542541504,15235965
0.09521842002868652,15235965
