Time,Objective value
0.09700536727905273,15212729
0.09701895713806152,15212729
0.0970306396484375,15212729
