Time,Objective value
0.08217978477478027,15211568
0.08218860626220703,15211568
0.08219647407531738,15211568
