Time,Objective value
0.08853340148925781,155212
0.08854150772094727,155212
0.08854889869689941,155212
