Time,Objective value
0.10141539573669434,154628
0.10142397880554199,154628
0.10143065452575684,154628
