Time,Objective value
0.1666421890258789,156364
0.16665267944335938,156364
0.16666388511657715,156364
