Time,Objective value
0.1061708927154541,154546
0.10617876052856445,154546
0.1061859130859375,154546
