Time,Objective value
0.26471638679504395,155384
0.2647242546081543,155384
0.26473140716552734,155384
