Time,Objective value
0.2088167667388916,154312
0.20882844924926758,154312
0.20884108543395996,154312
