Time,Objective value
0.10320639610290527,155710
0.10321426391601562,155710
0.10322093963623047,155710
