Time,Objective value
0.12501835823059082,155744
0.12502717971801758,155744
0.12503433227539062,155744
