Time,Objective value
0.10709953308105469,155864
0.10710740089416504,155864
0.10711431503295898,155864
