Time,Objective value
0.08917403221130371,154650
0.08918309211730957,154650
0.08919095993041992,154650
