Time,Objective value
0.10274028778076172,156098
0.10274958610534668,156098
0.10275721549987793,156098
