Time,Objective value
0.09351849555969238,154440
0.09352660179138184,154440
0.09353399276733398,154440
