Time,Objective value
0.21783852577209473,155076
0.2178514003753662,155076
0.2178640365600586,155076
