Time,Objective value
0.022629737854003906,2790
0.02263641357421875,2790
0.04531455039978027,2760
0.06792569160461426,2760
0.09046673774719238,2760
0.11298656463623047,2452
0.13556432723999023,2452
0.15839290618896484,2452
0.18097758293151855,2452
0.20422887802124023,2452
0.22682690620422363,2452
0.24940967559814453,2452
0.27217578887939453,2452
0.29471325874328613,2452
0.31735873222351074,2452
0.3401038646697998,2452
0.36263060569763184,2452
0.3851914405822754,2452
0.4076108932495117,2452
0.4296567440032959,2452
0.45126986503601074,2452
0.47298550605773926,2452
0.4945802688598633,2452
0.5161464214324951,2452
0.5377261638641357,2452
0.5592894554138184,2452
0.5592961311340332,2452
