Time,Objective value
0.02036881446838379,49786
0.020375728607177734,49786
0.02038264274597168,49786
