Time,Objective value
0.04508042335510254,50474
0.04509449005126953,50474
0.04510760307312012,50474
