Time,Objective value
0.025151491165161133,49800
0.025158166885375977,49800
0.02516484260559082,49800
