Time,Objective value
0.01983022689819336,50214
0.01983952522277832,50214
0.019846677780151367,50214
