Time,Objective value
0.0025835037231445312,6830
0.002589702606201172,6830
0.0034592151641845703,6830
0.004351615905761719,6830
0.004950046539306641,6830
0.0058705806732177734,6830
0.006644010543823242,6830
0.007776737213134766,6830
0.008282899856567383,6830
0.00909566879272461,6830
0.010184764862060547,6354
0.011016130447387695,6354
0.012040853500366211,6354
0.013141870498657227,6354
0.01461935043334961,6354
0.01601576805114746,6354
0.017104625701904297,6354
0.017961502075195312,6354
0.019031524658203125,6354
0.020006418228149414,6354
0.021203994750976562,6354
0.022107601165771484,6354
0.023000478744506836,6354
0.024158716201782227,6354
0.024907827377319336,6354
0.02491593360900879,6354
