Time,Objective value
0.0010466575622558594,6642
0.0010530948638916016,6642
0.0026214122772216797,6568
0.0032503604888916016,6568
0.004126548767089844,6568
0.0052258968353271484,6568
0.006662607192993164,6568
0.007645845413208008,6568
0.009074687957763672,6568
0.010329484939575195,6568
0.011350631713867188,6568
0.012670755386352539,6568
0.01374673843383789,6568
0.014989137649536133,6568
0.015753984451293945,6568
0.0168914794921875,6568
0.018149375915527344,6568
0.019199609756469727,6568
0.01984381675720215,6568
0.021192312240600586,6568
0.022185802459716797,6568
0.02314305305480957,6568
0.0237576961517334,6568
0.024481773376464844,6568
0.025281667709350586,6568
0.025288820266723633,6568
