Time,Objective value
0.0033829212188720703,7034
0.0033898353576660156,7034
0.004791259765625,7034
0.005666971206665039,6584
0.006184101104736328,6584
0.006929874420166016,6584
0.007927656173706055,6584
0.008824348449707031,6584
0.009663820266723633,6584
0.010808467864990234,6584
0.011739253997802734,6584
0.013012409210205078,6584
0.014123201370239258,6584
0.015107393264770508,6584
0.015921831130981445,6584
0.016726255416870117,6584
0.017746925354003906,6584
0.018644094467163086,6584
0.019401073455810547,6584
0.020308971405029297,6584
0.021312713623046875,6584
0.0222623348236084,6584
0.02338099479675293,6584
0.02411508560180664,6584
0.025285959243774414,6584
0.026252031326293945,6584
0.02625870704650879,6584
