Time,Objective value
0.004752159118652344,7096
0.004763126373291016,7096
0.007052898406982422,6686
0.00829315185546875,6686
0.010401248931884766,6686
0.012148380279541016,6686
0.014192342758178711,6686
0.015954971313476562,6686
0.017568111419677734,6686
0.01881241798400879,6686
0.020348310470581055,6686
0.022005319595336914,6686
0.023404359817504883,6686
0.024863481521606445,6686
0.026530981063842773,6686
0.02828812599182129,6686
0.0299224853515625,6686
0.03145742416381836,6686
0.032819271087646484,6686
0.034650325775146484,6686
0.03650856018066406,6686
0.03790020942687988,6686
0.039420127868652344,6686
0.041133880615234375,6686
0.04356050491333008,6686
0.045835018157958984,6686
0.04585075378417969,6686
