Time,Objective value
0.0026192665100097656,6924
0.0026254653930664062,6924
0.003715038299560547,6478
0.00496673583984375,6478
0.005906105041503906,6478
0.006641387939453125,6478
0.007336139678955078,6478
0.00809335708618164,6478
0.00904989242553711,6478
0.01001882553100586,6478
0.01071619987487793,6478
0.011850595474243164,6478
0.012567520141601562,6478
0.013226032257080078,6478
0.014098882675170898,6478
0.016059398651123047,6478
0.016936540603637695,6478
0.017695188522338867,6478
0.01853156089782715,6478
0.019449472427368164,6478
0.020606040954589844,6478
0.021826982498168945,6478
0.02251267433166504,6478
0.023827791213989258,6478
0.02383565902709961,6478
