Time,Objective value
0.003457784652709961,7566
0.003465890884399414,7566
0.005196332931518555,7386
0.006758928298950195,7094
0.00847172737121582,7094
0.009889364242553711,6900
0.011365890502929688,6900
0.01285696029663086,6736
0.014277458190917969,6736
0.01687765121459961,6610
0.01903676986694336,6610
0.021083593368530273,6610
0.02276754379272461,6610
0.024708271026611328,6610
0.02617502212524414,6610
0.028357267379760742,6610
0.03066563606262207,6610
0.03253316879272461,6610
0.03464484214782715,6610
0.036118268966674805,6610
0.03751969337463379,6610
0.03979992866516113,6526
0.0413663387298584,6526
0.04302191734313965,6526
0.044721364974975586,6526
0.04669499397277832,6526
0.04671478271484375,6526
