Time,Objective value
0.003525257110595703,6792
0.003534555435180664,6792
0.005190849304199219,6792
0.006404399871826172,6792
0.007968664169311523,6792
0.010022878646850586,6792
0.011605262756347656,6792
0.013273477554321289,6792
0.014511346817016602,6792
0.015917062759399414,6792
0.01683521270751953,6792
0.01875925064086914,6792
0.0204925537109375,6792
0.022214651107788086,6762
0.02396535873413086,6748
0.025860071182250977,6500
0.027444124221801758,6500
0.029007434844970703,6500
0.03043055534362793,6500
0.03196597099304199,6500
0.033596038818359375,6500
0.0349574089050293,6500
0.03603172302246094,6500
0.03765058517456055,6500
0.03988313674926758,6500
0.0413060188293457,6500
0.04132246971130371,6500
