Time,Objective value
0.0011065006256103516,6792
0.0011129379272460938,6792
0.0022766590118408203,6792
0.003448486328125,6792
0.004952907562255859,6792
0.006825923919677734,6792
0.008292198181152344,6792
0.009963274002075195,6792
0.011265993118286133,6792
0.012883901596069336,6792
0.013924598693847656,6792
0.01542520523071289,6792
0.01714491844177246,6792
0.0188906192779541,6762
0.020642757415771484,6748
0.022576570510864258,6500
0.024197816848754883,6500
0.02590632438659668,6500
0.027574777603149414,6500
0.029421567916870117,6500
0.03132510185241699,6500
0.03275752067565918,6500
0.033926963806152344,6500
0.035431861877441406,6500
0.03752326965332031,6500
0.038704633712768555,6500
0.038721323013305664,6500
