Time,Objective value
0.0026140213012695312,6950
0.002619504928588867,6950
0.0034105777740478516,6886
0.0043315887451171875,6886
0.004857063293457031,6886
0.005857229232788086,6866
0.006803274154663086,6866
0.007819414138793945,6866
0.00862741470336914,6866
0.009721994400024414,6866
0.010585308074951172,6866
0.011653661727905273,6698
0.01271510124206543,6698
0.013962745666503906,6698
0.014572620391845703,6698
0.015773296356201172,6684
0.01651787757873535,6684
0.0173947811126709,6684
0.01822805404663086,6684
0.0196075439453125,6684
0.020500659942626953,6684
0.022025585174560547,6684
0.022747278213500977,6684
0.023508548736572266,6684
0.024196624755859375,6684
0.024204015731811523,6684
