Time,Objective value
0.015181541442871094,165588
0.015187501907348633,165588
0.03936338424682617,163010
0.0714113712310791,162748
0.10570764541625977,162748
0.13936161994934082,162748
0.16744470596313477,162748
0.18375611305236816,162748
0.20018601417541504,162748
0.21698594093322754,162320
0.23211002349853516,162320
0.24772930145263672,162320
0.2635962963104248,162320
0.27915310859680176,162320
0.29462647438049316,162320
0.30986571311950684,162320
0.32517099380493164,162320
0.3399837017059326,162320
0.3559904098510742,160726
0.3726460933685303,160726
0.38915348052978516,160726
0.4062795639038086,160726
0.4235529899597168,160726
0.44028329849243164,160726
0.4566962718963623,160726
0.4733574390411377,160726
0.47336792945861816,160726
