Time,Objective value
0.015517711639404297,162408
0.015524864196777344,162408
0.030716657638549805,162408
0.04600715637207031,162408
0.061618804931640625,162408
0.07690048217773438,162408
0.09234166145324707,162408
0.10802268981933594,162408
0.1230323314666748,162408
0.13856911659240723,162408
0.15423798561096191,162386
0.16991662979125977,162386
0.18565702438354492,162386
0.20113468170166016,162386
0.2167491912841797,162386
0.23218345642089844,162386
0.24792909622192383,162386
0.26355671882629395,162386
0.27949094772338867,162386
0.2945902347564697,162386
0.3100411891937256,162386
0.3258059024810791,162386
0.34113645553588867,162386
0.35701465606689453,162386
0.372805118560791,162386
0.3882572650909424,162386
0.3882637023925781,162386
