Time,Objective value
0.030854463577270508,164200
0.030863523483276367,164200
0.06217622756958008,163546
0.09262204170227051,163546
0.12369036674499512,163300
0.15546822547912598,163300
0.18845891952514648,163300
0.220259428024292,163300
0.2536439895629883,162624
0.28510403633117676,162624
0.3173081874847412,162624
0.35090208053588867,162624
0.38381481170654297,162624
0.4167468547821045,162624
0.44956207275390625,162624
0.4814634323120117,162624
0.514552116394043,162624
0.5465025901794434,162624
0.577808141708374,162624
0.604759931564331,162624
0.6326417922973633,162624
0.6611082553863525,162624
0.6863634586334229,162624
0.7009592056274414,162624
0.7162392139434814,162624
0.7309753894805908,162624
0.7309813499450684,162624
