Time,Objective value
0.049402475357055664,35406
0.049408674240112305,35406
0.09880328178405762,35296
0.14795947074890137,35296
0.1971426010131836,35164
0.24665045738220215,35164
0.2959322929382324,35164
0.34546399116516113,35164
0.39452123641967773,35164
0.4442465305328369,35164
0.4934713840484619,35164
0.5429980754852295,35164
0.5920925140380859,35164
0.6413147449493408,35086
0.6906638145446777,35086
0.7398223876953125,35086
0.789034366607666,35086
0.8382015228271484,35086
0.8872978687286377,35086
0.936204195022583,35086
0.985032320022583,35086
1.0343217849731445,35086
1.083388328552246,35086
1.1323559284210205,34924
1.1817290782928467,34924
1.2312569618225098,34924
1.2312633991241455,34924
