Time,Objective value
1.6438298225402832,155400
1.6439158916473389,155400
2.479328155517578,152992
3.288797616958618,152752
4.1957848072052,152742
5.341651201248169,152664
7.020688056945801,152664
8.398787260055542,152664
9.053931713104248,152648
10.35256552696228,152648
11.248482465744019,152642
11.979446172714233,152634
13.100225925445557,152612
13.770614624023438,152494
14.53612470626831,152494
15.251404285430908,152494
16.083736181259155,152490
17.266639232635498,152490
17.876704454421997,152490
18.524816274642944,152490
19.10505199432373,152490
19.699604749679565,152482
20.352885246276855,152482
21.338592290878296,152482
22.6796658039093,152482
24.355736255645752,152482
25.635533809661865,152482
26.781660318374634,152482
28.244100332260132,152474
29.239348649978638,152474
29.821183681488037,152458
30.4722843170166,152458
31.022094011306763,152444
31.702423810958862,152444
32.441887617111206,152444
33.47471880912781,152438
34.96708106994629,152408
36.36646747589111,152408
37.67312288284302,152408
39.59092926979065,152408
41.339617013931274,152408
43.57916522026062,152388
45.0373637676239,152388
46.45018935203552,152360
47.92068839073181,152304
49.364163637161255,152304
50.2479133605957,152304
51.06290411949158,152304
51.90555238723755,152262
52.83331036567688,152262
53.59739398956299,152262
54.390164375305176,152262
55.864214181900024,152262
57.35898160934448,152244
58.827194929122925,152244
59.52260684967041,152244
60.16585922241211,152244
61.20570230484009,152212
62.072373151779175,152212
63.352545738220215,152212
64.53910899162292,152212
65.2654013633728,152212
65.99241280555725,152212
67.02031826972961,152210
68.36117482185364,152210
69.70612263679504,152210
71.37917304039001,152210
73.15303683280945,152210
73.86652755737305,152210
75.11966872215271,152210
76.83340001106262,152210
78.58131861686707,152210
80.78426814079285,152210
82.29166436195374,152198
83.94954133033752,152178
85.27841114997864,152178
86.42445158958435,152178
87.91448092460632,152178
89.65472030639648,152178
91.41357445716858,152178
93.4041976928711,152178
95.08129358291626,152156
97.19293689727783,152156
99.26290464401245,152156
100.12102913856506,152156
100.12110233306885,152156
