Time,Objective value
0.08883357048034668,160654
0.08883905410766602,160654
0.1770617961883545,160188
0.26563572883605957,160188
0.3539142608642578,159452
0.4424009323120117,159452
0.5315392017364502,159452
0.6207106113433838,159452
0.7100257873535156,159452
0.7994959354400635,159452
0.8890128135681152,159452
0.9778885841369629,159452
1.0665466785430908,159452
1.1563403606414795,159452
1.2449522018432617,159452
1.3335528373718262,159452
1.4220905303955078,159452
1.5102620124816895,159452
1.5994951725006104,159452
1.6876757144927979,159452
1.7768926620483398,159452
1.865457534790039,159290
1.9543898105621338,159290
2.043598175048828,159290
2.1331188678741455,159290
2.2225475311279297,159290
2.222560167312622,159290
