Time,Objective value
0.01605057716369629,169516
0.01605701446533203,169516
0.031168222427368164,169516
0.046324729919433594,167626
0.0617520809173584,167626
0.07709598541259766,166660
0.09279370307922363,166660
0.10754823684692383,166660
0.1226804256439209,166660
0.13812899589538574,166660
0.15337729454040527,166660
0.16891980171203613,166660
0.1842021942138672,166660
0.1990959644317627,166660
0.2140202522277832,166660
0.2295072078704834,166660
0.24432826042175293,166660
0.25939512252807617,166660
0.2745399475097656,166660
0.29013586044311523,166660
0.3057727813720703,166660
0.32103395462036133,166660
0.33609724044799805,166660
0.35153770446777344,166660
0.36682653427124023,166660
0.3821604251861572,166660
0.38216686248779297,166660
