Time,Objective value
0.014556884765625,170030
0.014562845230102539,170030
0.029512882232666016,168834
0.04474806785583496,168568
0.05968213081359863,168186
0.0749976634979248,168186
0.09038591384887695,168186
0.10576438903808594,167786
0.12172722816467285,167666
0.13723325729370117,167666
0.1525115966796875,167666
0.16773152351379395,167666
0.18268609046936035,167666
0.1973714828491211,167666
0.2125871181488037,167666
0.22773313522338867,167666
0.24280643463134766,167666
0.258148193359375,167666
0.2734949588775635,167666
0.28882908821105957,167666
0.30422067642211914,167666
0.3191368579864502,167666
0.3342275619506836,167666
0.34969043731689453,167666
0.3650388717651367,167666
0.38953280448913574,167666
0.38954901695251465,167666
