Time,Objective value
0.029246091842651367,169280
0.029254674911499023,169280
0.06033039093017578,169280
0.09167194366455078,168162
0.12208127975463867,168162
0.15270543098449707,167478
0.1843860149383545,167478
0.2156221866607666,167478
0.2471930980682373,167478
0.2792198657989502,167478
0.3109712600708008,167478
0.34189534187316895,167478
0.3738424777984619,167478
0.4061281681060791,166990
0.4382152557373047,166990
0.4698677062988281,166990
0.4997076988220215,166990
0.5317535400390625,166990
0.5632717609405518,166990
0.5931706428527832,166990
0.6230754852294922,166990
0.6521615982055664,166990
0.6814019680023193,166990
0.7109272480010986,166990
0.740910530090332,166990
0.7701218128204346,166990
0.7701318264007568,166990
