Time,Objective value
188.02238655090332,44948482
188.02681183815002,44948482
298.6932415962219,44892698
420.0193464756012,44887100
530.0089926719666,44887100
662.0245037078857,44883528
662.0289356708527,44883528
