Time,Objective value
206.68043756484985,44913234
206.68480157852173,44913234
312.45332527160645,44884860
437.05335330963135,44884860
566.9989228248596,44882186
674.0432150363922,44882186
674.0474526882172,44882186
