Time,Objective value
205.13456201553345,45007060
205.13930368423462,45007060
332.403151512146,44875348
460.5127215385437,44875348
582.973305940628,44866828
708.5574071407318,44866828
708.5618562698364,44866828
