Time,Objective value
198.20331811904907,45042608
198.20788598060608,45042608
317.53981137275696,44885232
429.21219086647034,44882718
543.3699777126312,44882718
665.9803092479706,44882718
665.9847507476807,44882718
