Time,Objective value
204.45138430595398,45011678
204.45594477653503,45011678
338.57325863838196,44880014
455.0880286693573,44874968
579.656641960144,44869796
725.3570847511292,44869796
725.3644835948944,44869796
