Time,Objective value
203.5883493423462,44932124
203.5928831100464,44932124
314.52187752723694,44863496
434.7931785583496,44859704
560.1120233535767,44857344
674.7978520393372,44845612
674.8025271892548,44845612
