Time,Objective value
0.011571407318115234,509316360
0.011582374572753906,509316360
0.03031301498413086,468442063
0.05935835838317871,468442063
0.08380532264709473,468442063
0.10491561889648438,468442063
0.12952971458435059,468442063
0.1545569896697998,468442063
0.17264533042907715,468442063
0.190840482711792,468442063
0.21044206619262695,468442063
0.23134994506835938,468442063
0.2485353946685791,468442063
0.26894235610961914,468442063
0.2899131774902344,468442063
0.30729246139526367,463167577
1.037337064743042,461941317
1.8548071384429932,461941317
2.4998114109039307,461565996
3.0522196292877197,461565996
3.6619203090667725,461565996
4.374659538269043,461565996
5.02736496925354,461565996
5.6807029247283936,461565996
6.076821565628052,461263480
6.957987070083618,461263480
7.61916446685791,461263480
8.332784652709961,461263480
8.951020240783691,461263480
9.434443950653076,461263480
9.747086763381958,461263480
10.307456016540527,461263480
10.955889225006104,461263480
11.555062294006348,461263480
12.104352235794067,461263480
12.885319948196411,461263480
13.353090524673462,461224685
13.703749656677246,461224685
14.329195737838745,461224685
14.987254858016968,461224685
15.60980224609375,461224685
16.334838390350342,461224685
16.976680994033813,461224685
17.47564125061035,461224685
18.00570583343506,461224685
18.475806951522827,461224685
18.647326946258545,461224685
18.82334566116333,461224685
19.366454362869263,461224685
19.883188724517822,461224685
20.300739526748657,461224685
20.600595235824585,461224685
20.978463172912598,461224685
21.721686124801636,461224685
22.14305305480957,461224685
22.40726089477539,461224685
22.880643844604492,461224685
23.366002798080444,461224685
23.749343633651733,461224685
24.239559650421143,461224685
24.800544023513794,461224685
25.370781183242798,461224685
25.37079405784607,461224685
