Time,Objective value
0.01919102668762207,485083822
0.01920032501220703,485083822
0.03693437576293945,485083822
0.057422637939453125,483555726
0.07531046867370605,483555726
0.09367203712463379,483555726
0.11816644668579102,473107574
0.13684439659118652,473107574
0.16543030738830566,473107574
0.18321466445922852,462354304
0.20814847946166992,462354304
0.2324833869934082,462354304
0.25379085540771484,462354304
0.2709994316101074,462354304
0.2883753776550293,462354304
0.30648303031921387,462354304
0.761005163192749,462354304
1.3005709648132324,462354304
1.8689377307891846,462354304
2.480459690093994,462354304
3.1578457355499268,462354304
3.3551878929138184,462354304
4.247256517410278,462354304
4.74064826965332,461900081
5.247298955917358,461802531
5.910290479660034,461223230
6.470867872238159,461223230
6.97209906578064,461223230
7.276256561279297,461223230
7.592933654785156,461223230
7.841304779052734,461223230
8.138801097869873,461223230
8.455903053283691,461223230
8.555372476577759,461223230
8.813388586044312,461223230
9.408759355545044,461223230
10.012766361236572,461223230
10.624191761016846,461223230
11.166720151901245,461223230
11.738568782806396,461223230
11.989916324615479,461223230
12.43068790435791,461223230
12.949048042297363,461223230
13.522791862487793,461223230
13.958534240722656,461223230
14.541439056396484,461223230
14.938240051269531,461223230
15.248900890350342,461223230
15.473927021026611,461223230
15.650810956954956,461223230
15.996267795562744,461223230
16.280395984649658,461223230
16.602007627487183,461223230
16.996800184249878,461223230
17.213618993759155,461223230
17.407064199447632,461223230
17.697550535202026,461223230
18.03019380569458,461057411
18.22223973274231,461057411
18.39582133293152,461057411
18.64093804359436,461057411
18.922538995742798,460726849
19.208810806274414,460726849
19.531955003738403,460726849
20.17688012123108,460726849
20.7794189453125,460726849
21.315064191818237,460726849
21.52776288986206,460726849
22.206684589385986,460726849
22.617653846740723,460726849
23.06829571723938,460726849
23.545180082321167,460726849
24.278536558151245,460726849
24.741437435150146,460726849
25.234411239624023,460726849
25.23442268371582,460726849
