Time,Objective value
0.0060882568359375,196
0.0060956478118896484,196
0.01079106330871582,196
0.015931367874145508,196
0.02118062973022461,196
0.026684284210205078,196
0.03127026557922363,196
0.036426544189453125,196
0.04155158996582031,196
0.04678678512573242,196
0.05187797546386719,196
0.05704188346862793,196
0.062174320220947266,192
0.06682181358337402,192
0.07235312461853027,192
0.0769815444946289,192
0.08205795288085938,192
0.08709573745727539,192
0.092620849609375,192
0.09711289405822754,192
0.10226845741271973,192
0.10722613334655762,192
0.11272478103637695,192
0.1178123950958252,192
0.12304472923278809,192
0.12863945960998535,192
0.1286485195159912,192
