Time,Objective value
0.006500244140625,220
0.00650787353515625,220
0.013506174087524414,200
0.01919102668762207,200
0.024940013885498047,192
0.03053760528564453,192
0.03601336479187012,192
0.04120755195617676,192
0.046484947204589844,192
0.05123186111450195,192
0.05644869804382324,192
0.06166362762451172,192
0.06676316261291504,192
0.07192730903625488,192
0.07765078544616699,192
0.08238029479980469,192
0.0871126651763916,192
0.09232044219970703,168
0.09789562225341797,168
0.10360217094421387,168
0.10880279541015625,168
0.11386370658874512,168
0.11910176277160645,168
0.1242671012878418,168
0.12889957427978516,168
0.13396120071411133,168
0.13396954536437988,168
