Time,Objective value
0.005952358245849609,192
0.0059587955474853516,192
0.01097416877746582,192
0.01598811149597168,192
0.020959854125976562,192
0.02595829963684082,192
0.030915260314941406,192
0.035996198654174805,192
0.04056096076965332,192
0.04557037353515625,192
0.05060768127441406,192
0.056206703186035156,192
0.0611722469329834,192
0.06608271598815918,192
0.07102441787719727,192
0.07606697082519531,192
0.08100247383117676,188
0.08605599403381348,188
0.09107756614685059,188
0.09611177444458008,188
0.10114645957946777,188
0.10613083839416504,188
0.11115860939025879,188
0.11615538597106934,188
0.12074160575866699,188
0.12584590911865234,188
0.1258554458618164,188
