Time,Objective value
0.00558161735534668,216
0.005587100982666016,216
0.010592937469482422,192
0.015624046325683594,192
0.021091699600219727,192
0.02617931365966797,192
0.031760215759277344,192
0.03681588172912598,192
0.041884422302246094,192
0.04736208915710449,192
0.052396297454833984,192
0.05738186836242676,192
0.062378883361816406,192
0.06745100021362305,168
0.07255864143371582,168
0.07806706428527832,168
0.08313322067260742,168
0.08770322799682617,168
0.09284615516662598,168
0.09793448448181152,168
0.1030116081237793,168
0.1081697940826416,168
0.11345100402832031,168
0.11811995506286621,168
0.12333416938781738,168
0.12888073921203613,168
0.1288914680480957,168
