Time,Objective value
0.009119510650634766,236
0.009127378463745117,236
0.016458988189697266,208
0.025427579879760742,204
0.03433370590209961,200
0.04170060157775879,200
0.048903465270996094,192
0.05692243576049805,192
0.06522846221923828,192
0.07359695434570312,192
0.08080363273620605,192
0.08941411972045898,192
0.09812140464782715,192
0.10620760917663574,192
0.11525988578796387,192
0.12427139282226562,192
0.13335657119750977,192
0.1416151523590088,192
0.15072250366210938,192
0.15948033332824707,192
0.16764283180236816,192
0.17695832252502441,192
0.18604207038879395,192
0.19396758079528809,192
0.1987934112548828,192
0.20427513122558594,192
0.2042844295501709,192
