Time,Objective value
0.009583234786987305,192
0.009593725204467773,192
0.018175363540649414,192
0.02703857421875,192
0.03560328483581543,192
0.04417705535888672,192
0.05286884307861328,192
0.06240510940551758,192
0.07081079483032227,192
0.07944560050964355,192
0.08817553520202637,192
0.09692192077636719,184
0.10626029968261719,184
0.11468911170959473,184
0.12320995330810547,184
0.13116121292114258,184
0.14040064811706543,184
0.14909744262695312,184
0.15674519538879395,184
0.1668109893798828,184
0.17611455917358398,184
0.1844015121459961,184
0.19273996353149414,184
0.20029783248901367,184
0.21030545234680176,184
0.21872186660766602,184
0.21873927116394043,184
