Time,Objective value
0.0001304149627685547,15730
0.001018524169921875,7332
0.002046823501586914,7204
0.0030574798583984375,6628
0.004013776779174805,6600
0.005063056945800781,6588
0.006094455718994141,6588
0.007038116455078125,6588
0.008094310760498047,6588
0.009041547775268555,6566
0.010088682174682617,6566
0.011030435562133789,6566
0.012079477310180664,6536
0.013022661209106445,6512
0.014079809188842773,6494
0.01502370834350586,6494
0.016074657440185547,6460
0.017024755477905273,6432
0.018080711364746094,6432
0.01902604103088379,6432
0.020087003707885742,6432
0.021036624908447266,6432
0.02208566665649414,6432
0.02303481101989746,6432
0.024094820022583008,6432
0.02431178092956543,6432
