Time,Objective value
0.00021958351135253906,14512
0.0010504722595214844,8338
0.002062082290649414,7362
0.0030922889709472656,7116
0.0041103363037109375,6812
0.005034685134887695,6812
0.006063699722290039,6812
0.0070917606353759766,6760
0.008004903793334961,6570
0.009033203125,6570
0.01006007194519043,6570
0.011086702346801758,6570
0.012021780014038086,6570
0.01307225227355957,6570
0.014019012451171875,6570
0.01506805419921875,6570
0.01604485511779785,6570
0.01701664924621582,6570
0.018078327178955078,6570
0.01903247833251953,6570
0.020103931427001953,6570
0.02105998992919922,6570
0.02202773094177246,6570
0.023087024688720703,6570
0.02404165267944336,6570
0.0250089168548584,6570
0.02608180046081543,6570
0.027036428451538086,6570
0.027043581008911133,6570
