Time,Objective value
0.0001690387725830078,17946
0.001008749008178711,7656
0.0020804405212402344,7022
0.0030291080474853516,7022
0.004057168960571289,7006
0.005064964294433594,6678
0.0060842037200927734,6666
0.0071027278900146484,6666
0.00813436508178711,6666
0.00902247428894043,6550
0.010076761245727539,6550
0.011024236679077148,6550
0.012078285217285156,6550
0.013031244277954102,6550
0.014087200164794922,6550
0.015051126480102539,6550
0.0160062313079834,6504
0.017061233520507812,6504
0.01801013946533203,6416
0.019073009490966797,6408
0.020023584365844727,6408
0.02107977867126465,6408
0.022028446197509766,6408
0.02309441566467285,6408
0.02404332160949707,6408
0.02509617805480957,6408
0.026042938232421875,6408
0.026780366897583008,6408
