Time,Objective value
0.0001957416534423828,19946
0.0010249614715576172,8562
0.002013683319091797,7554
0.003036022186279297,7482
0.004143238067626953,7160
0.00518035888671875,6998
0.006089925765991211,6998
0.007107734680175781,6998
0.00805974006652832,6998
0.009021997451782227,6708
0.010174751281738281,6314
0.011135339736938477,6236
0.01210641860961914,6236
0.013068437576293945,6236
0.014029741287231445,6236
0.015175342559814453,6236
0.016137123107910156,6236
0.01709914207458496,6236
0.018061161041259766,6236
0.019047975540161133,6236
0.020023822784423828,6236
0.021192312240600586,6236
0.02218461036682129,6236
0.023159265518188477,6236
0.024134159088134766,6236
0.02513861656188965,6236
0.02609872817993164,6236
0.027066469192504883,6236
0.028028488159179688,6236
0.029187679290771484,6236
0.030165910720825195,6236
0.03114008903503418,6236
0.03212380409240723,6236
0.0330965518951416,6236
0.03406715393066406,6236
0.03503537178039551,6236
0.0361943244934082,6236
0.03716278076171875,6236
0.03812551498413086,6236
0.0390927791595459,6236
0.04014706611633301,6236
0.04117321968078613,6236
0.04211711883544922,6236
0.043023109436035156,6236
0.043680429458618164,6236
