Time,Objective value
0.00012803077697753906,16136
0.0010492801666259766,7504
0.00202178955078125,7080
0.003105640411376953,6640
0.00409245491027832,6582
0.005047321319580078,6582
0.006104707717895508,6582
0.007054805755615234,6582
0.008008241653442383,6582
0.009063720703125,6582
0.010014533996582031,6582
0.011106491088867188,6582
0.012059211730957031,6582
0.013009309768676758,6582
0.014067888259887695,6480
0.01503443717956543,6480
0.016092300415039062,6480
0.017049312591552734,6450
0.018037080764770508,6450
0.019107818603515625,6450
0.020071029663085938,6450
0.02104949951171875,6450
0.022011518478393555,6450
0.023081541061401367,6450
0.02403736114501953,6450
0.024686098098754883,6450
