Time,Objective value
0.00012683868408203125,10262
0.0010309219360351562,7530
0.0020987987518310547,6952
0.003060579299926758,6828
0.0040302276611328125,6538
0.005088329315185547,6538
0.006038188934326172,6458
0.007058143615722656,6458
0.008011817932128906,6448
0.00906825065612793,6434
0.01003408432006836,6434
0.011089324951171875,6434
0.012038946151733398,6434
0.013014793395996094,6434
0.014162540435791016,6434
0.015220880508422852,6434
0.016153573989868164,6434
0.017100095748901367,6434
0.018141508102416992,6434
0.019057035446166992,6434
0.020114421844482422,6434
0.021015405654907227,6434
0.022077322006225586,6434
0.023158788681030273,6434
0.024013280868530273,6434
0.025072813034057617,6434
0.026096820831298828,6434
0.027141332626342773,6434
0.0281527042388916,6434
0.02902698516845703,6434
0.030080318450927734,6434
0.03101181983947754,6434
0.032190799713134766,6434
0.03284096717834473,6434
