Time,Objective value
0.0001900196075439453,19530
0.0010123252868652344,7808
0.002043008804321289,7384
0.0031003952026367188,7384
0.004147529602050781,7026
0.00509333610534668,7026
0.006096839904785156,6742
0.00704503059387207,6742
0.008169889450073242,6742
0.009046077728271484,6742
0.01018977165222168,6730
0.011142969131469727,6712
0.012092113494873047,6712
0.01305079460144043,6568
0.014191389083862305,6568
0.015146493911743164,6568
0.016098976135253906,6568
0.01706838607788086,6568
0.018018007278442383,6568
0.019158601760864258,6568
0.02010798454284668,6568
0.021059274673461914,6540
0.02201056480407715,6520
0.02315974235534668,6520
0.02413320541381836,6518
0.025115251541137695,6518
0.02608466148376465,6498
0.027077674865722656,6498
0.028052806854248047,6498
0.02902817726135254,6498
0.030185699462890625,6498
0.031144142150878906,6438
0.03210043907165527,6438
0.033060312271118164,6438
0.034027814865112305,6438
0.03518962860107422,6438
0.03616499900817871,6438
0.037146568298339844,6438
0.038116455078125,6438
0.03908562660217285,6438
0.04004788398742676,6438
0.04100966453552246,6438
0.04215812683105469,6438
0.04311561584472656,6438
0.044074058532714844,6438
0.044085025787353516,6438
