Time,Objective value
0.00014853477478027344,20748
0.0010259151458740234,8090
0.0020329952239990234,7110
0.003075122833251953,7110
0.004033803939819336,7110
0.005102396011352539,6986
0.006091594696044922,6796
0.0070836544036865234,6748
0.008036613464355469,6748
0.009006023406982422,6748
0.010067224502563477,6748
0.011018037796020508,6742
0.012088537216186523,6742
0.013044357299804688,6636
0.014100790023803711,6634
0.015067338943481445,6634
0.016019821166992188,6630
0.017086267471313477,6626
0.018048763275146484,6626
0.019003629684448242,6626
0.020067453384399414,6614
0.021017789840698242,6614
0.02207350730895996,6614
0.023024797439575195,6614
0.024082183837890625,6614
0.025033235549926758,6470
0.025360107421875,6470
