Time,Objective value
0.00022983551025390625,18270
0.0010693073272705078,8204
0.002163410186767578,7380
0.003069162368774414,7380
0.0040378570556640625,6880
0.005087137222290039,6880
0.006100177764892578,6880
0.0070171356201171875,6880
0.008159875869750977,6812
0.009108543395996094,6740
0.010050773620605469,6740
0.011179924011230469,6740
0.01212620735168457,6664
0.013070821762084961,6556
0.014021873474121094,6556
0.015154838562011719,6556
0.016100168228149414,6556
0.017044544219970703,6556
0.0181734561920166,6556
0.019125938415527344,6556
0.02006840705871582,6556
0.021010875701904297,6556
0.022142410278320312,6556
0.023085594177246094,6556
0.02404046058654785,6556
0.0251922607421875,6556
0.02616429328918457,6556
0.02713322639465332,6556
0.028096675872802734,6556
0.029062986373901367,6556
0.030028104782104492,6556
0.031178951263427734,6556
0.0321352481842041,6556
0.033095359802246094,6556
0.03407597541809082,6556
0.03504824638366699,6556
0.03601360321044922,6556
0.03717470169067383,6556
0.0381464958190918,6556
0.03913092613220215,6556
0.04010629653930664,6556
0.041075944900512695,6556
0.04204511642456055,6556
0.0430142879486084,6556
0.04393172264099121,6556
