Time,Objective value
0.08896780014038086,156860
0.0889749526977539,156860
0.18831539154052734,156860
0.3044567108154297,156796
0.4064450263977051,156792
0.4771440029144287,156792
0.6383235454559326,156412
0.7113845348358154,156412
0.8131258487701416,156412
0.9147820472717285,156412
1.015993595123291,155798
1.161614179611206,155798
1.2476880550384521,155798
1.3812601566314697,155798
1.4693048000335693,155798
1.55769944190979,155798
10.511548280715942,155418
20.39081907272339,154896
30.527514457702637,154808
38.10139441490173,154692
47.63003873825073,154602
56.53219485282898,154530
65.12689232826233,154530
78.19277787208557,154530
86.9581606388092,154530
96.1017918586731,154530
103.42421841621399,154530
103.42422747612,154530
