Time,Objective value
0.03368878364562988,67120
0.03369784355163574,67120
0.03370475769042969,67120
