Time,Objective value
0.027179241180419922,68024
0.027187585830688477,68024
0.027194738388061523,68024
