Time,Objective value
0.038608551025390625,67704
0.038616180419921875,67704
0.03862333297729492,67704
