Time,Objective value
0.002733469009399414,20282878
0.002739429473876953,20282878
0.003538370132446289,20282878
0.004096269607543945,20282878
0.005580425262451172,17937024
0.006506919860839844,17937024
0.007564544677734375,17937024
0.009051084518432617,17937024
0.010402917861938477,17937024
0.011700868606567383,17937024
0.012667417526245117,17937024
0.013761758804321289,17937024
0.014580726623535156,17937024
0.015813350677490234,17937024
0.01711106300354004,17937024
0.018508195877075195,17937024
0.019199609756469727,17937024
0.021332740783691406,17937024
0.023044347763061523,17937024
0.02402186393737793,17937024
0.024751901626586914,17937024
0.025974273681640625,17937024
0.027771711349487305,17937024
0.0294802188873291,17937024
0.030763626098632812,17937024
0.03161454200744629,17937024
0.03162240982055664,17937024
