Time,Objective value
0.004639863967895508,27351008
0.0046520233154296875,27351008
0.006399869918823242,27351008
0.008644342422485352,20282878
0.010187149047851562,20282878
0.012746095657348633,20282878
0.015462875366210938,20282878
0.018760204315185547,20282878
0.02094101905822754,19687460
0.022421836853027344,18128112
0.023881912231445312,18128112
0.02620244026184082,18128112
0.0283052921295166,18128112
0.029700517654418945,18128112
0.03219151496887207,17997928
0.03438448905944824,17997928
0.0372922420501709,17997928
0.03827357292175293,17997928
0.04018568992614746,17997928
0.0422060489654541,17997928
0.044365644454956055,17937024
0.04612851142883301,17937024
0.04957151412963867,17937024
0.05150127410888672,17937024
0.052808523178100586,17937024
0.05454659461975098,17937024
0.054557085037231445,17937024
