Time,Objective value
0.003437519073486328,20450386
0.0034449100494384766,20450386
0.005494356155395508,17937024
0.006675004959106445,17937024
0.007769346237182617,17937024
0.00899815559387207,17937024
0.010247468948364258,17937024
0.011153936386108398,17937024
0.012205839157104492,17937024
0.013159751892089844,17937024
0.014219284057617188,17937024
0.015520811080932617,17937024
0.016770362854003906,17937024
0.017809152603149414,17937024
0.019446134567260742,17937024
0.020267009735107422,17937024
0.021566390991210938,17937024
0.022421836853027344,17937024
0.023437976837158203,17937024
0.024340152740478516,17937024
0.025177001953125,17937024
0.026079654693603516,17937024
0.02693343162536621,17937024
0.028252601623535156,17937024
0.0297544002532959,17937024
0.030529022216796875,17937024
0.030535221099853516,17937024
