Time,Objective value
0.08508586883544922,151270
0.08509230613708496,151270
0.18468904495239258,150726
0.28397464752197266,150726
0.36819887161254883,150726
0.46840882301330566,150726
0.5528385639190674,150726
0.652355432510376,149954
0.7517859935760498,149954
0.8449318408966064,149954
0.9200820922851562,149954
1.0044786930084229,149954
1.1028108596801758,149954
1.187018632888794,149954
1.2865517139434814,149954
1.3706848621368408,149954
1.4548907279968262,149954
1.5541954040527344,149954
1.6384704113006592,149954
1.7228107452392578,149954
1.8069813251495361,149954
1.8911874294281006,149954
1.9753868579864502,149954
2.060497283935547,149954
2.145487070083618,149954
2.2296435832977295,149954
2.22965145111084,149954
