Time,Objective value
0.08795952796936035,150896
0.0879669189453125,150896
0.1741805076599121,150042
0.27382922172546387,150042
0.37346339225769043,149710
0.4726526737213135,149710
0.5580248832702637,149710
0.6423296928405762,149710
0.7377645969390869,149710
0.8371767997741699,149710
0.9366576671600342,149710
1.022038459777832,149710
1.111025094985962,149710
1.2049446105957031,149710
1.2894678115844727,149710
1.37367844581604,149710
1.45927095413208,149710
1.5585627555847168,149710
1.6428687572479248,149710
1.7421164512634277,149710
1.8314805030822754,149710
1.9154624938964844,149710
2.022777557373047,149710
2.1495285034179688,149710
2.248964309692383,149416
2.3487961292266846,149416
2.3488078117370605,149416
