Time,Objective value
0.09477734565734863,151334
0.09478974342346191,151334
0.18001222610473633,151334
0.273667573928833,151004
0.3580937385559082,150648
0.44205141067504883,150648
0.526294469833374,150648
0.6103019714355469,150648
0.6945106983184814,150648
0.7940428256988525,150648
0.8790900707244873,150648
0.963454008102417,150648
1.0476276874542236,150648
1.1470749378204346,150648
1.246382713317871,150648
1.3459293842315674,150648
1.445312738418579,150648
1.5445501804351807,150606
1.630047082901001,150606
1.7292530536651611,150606
1.8132545948028564,150604
1.9064459800720215,150604
1.9937872886657715,150604
2.0811688899993896,150466
2.1806235313415527,150466
2.2566802501678467,150466
2.2566912174224854,150466
