Time,Objective value
0.14244771003723145,151210
0.1424577236175537,151210
0.2937045097351074,150630
0.4533205032348633,150630
0.6321957111358643,150630
0.8028829097747803,149962
0.9521443843841553,149962
1.1144649982452393,149962
1.2970664501190186,149962
1.440526008605957,149962
1.5922505855560303,149962
1.7887394428253174,149962
1.9555115699768066,149848
2.099543809890747,149848
2.2506933212280273,149848
2.4181647300720215,149848
2.5876221656799316,149848
2.7564585208892822,149848
2.929598331451416,149848
3.1142570972442627,149848
3.249824285507202,149848
3.3646652698516846,149848
3.4499781131744385,149848
3.549405336380005,149848
3.6340813636779785,149848
3.718137264251709,149848
3.7181453704833984,149848
