Time,Objective value
0.1756272315979004,151096
0.17563652992248535,151096
0.3504819869995117,150948
0.5270531177520752,150948
0.7017571926116943,150908
0.8790249824523926,150654
1.0858314037322998,150654
1.2608964443206787,150654
1.4593470096588135,150654
1.6342065334320068,150654
1.83504319190979,150050
2.041332483291626,150050
2.229206085205078,150050
2.373169183731079,150050
2.457810640335083,150050
2.5574865341186523,150050
2.6573736667633057,150050
2.7415883541107178,150050
2.8258793354034424,150050
2.9229190349578857,150050
3.0224928855895996,150050
3.1092934608459473,150050
3.1936445236206055,150050
3.2788476943969727,150050
3.3634207248687744,150050
3.4482526779174805,149356
3.4482688903808594,149356
