Time,Objective value
0.00022602081298828125,1413670341
0.0010080337524414062,864652559
0.0020377635955810547,714538460
0.003055572509765625,677970450
0.004075527191162109,668314581
0.005086421966552734,668314581
0.006024360656738281,668314581
0.007078409194946289,668314581
0.00812387466430664,668314581
0.009039640426635742,668305058
0.010076522827148438,665050331
0.011166810989379883,664850605
0.012099742889404297,664850605
0.013064146041870117,664850605
0.014060020446777344,664850605
0.015021800994873047,664850605
0.01608586311340332,664850605
0.017118215560913086,664356706
0.018166065216064453,661494994
0.019097089767456055,661494994
0.020122766494750977,661494994
0.02110600471496582,661494994
0.022200345993041992,660508199
0.023207664489746094,660508199
0.024053335189819336,660508199
0.02517390251159668,658031820
0.026109695434570312,658031820
0.027141809463500977,658031820
0.028159618377685547,658031820
0.02913498878479004,658031820
0.030050039291381836,658031820
0.03114032745361328,658031820
0.032063961029052734,658031820
0.033203125,656689312
0.034216880798339844,656689312
0.03519773483276367,656689312
0.03612327575683594,656689312
0.03715324401855469,656689312
0.0381321907043457,656689312
0.03918719291687012,656689312
0.04018759727478027,656689312
0.04116678237915039,656689312
0.0421299934387207,656689312
0.043211936950683594,656689312
0.04404449462890625,656689312
0.04525947570800781,656689312
0.046021461486816406,656689312
0.04712414741516113,656689312
0.04802346229553223,656689312
0.04904770851135254,656689312
0.05027604103088379,656689312
0.05124497413635254,656689312
0.052034616470336914,656689312
0.053223609924316406,656689312
0.05410957336425781,656689312
0.05509138107299805,656689312
0.0557246208190918,656689312
