Time,Objective value
0.0001308917999267578,1347206079
0.0010440349578857422,719275290
0.0020270347595214844,709619687
0.003056764602661133,704288956
0.004011631011962891,703139573
0.005053520202636719,701642301
0.0060613155364990234,700651107
0.007077693939208984,700651107
0.008072137832641602,697950123
0.009032964706420898,697806392
0.010115861892700195,696304111
0.011088132858276367,696304111
0.012048721313476562,695306723
0.013033390045166016,694066485
0.014155149459838867,694066485
0.015145540237426758,694066485
0.0161590576171875,693473417
0.017043352127075195,693335251
0.018036842346191406,691511610
0.01913905143737793,691346758
0.020030736923217773,691346758
0.02104473114013672,691346758
0.02202630043029785,691346758
0.02303171157836914,689290572
0.024053096771240234,689290572
0.025011301040649414,689290572
0.026133060455322266,689290572
0.027066946029663086,689290572
0.028046369552612305,689290572
0.029170989990234375,689290572
0.030115842819213867,689290572
0.030293703079223633,689290572
