Time,Objective value
0.00023055076599121094,1169818316
0.0010693073272705078,744449599
0.0020220279693603516,726265238
0.003022432327270508,708853853
0.004010200500488281,704193494
0.0050051212310791016,703406511
0.006021261215209961,695992222
0.007055759429931641,695992222
0.008023262023925781,695992222
0.009054422378540039,680908849
0.010048151016235352,680908849
0.011054277420043945,680908849
0.0120391845703125,680457867
0.013193368911743164,680457867
0.014115571975708008,680457867
0.015090227127075195,676306919
0.016141653060913086,676306919
0.01707172393798828,676306919
0.018132925033569336,676306919
0.019010066986083984,676306919
0.020044326782226562,675017433
0.021099328994750977,675017433
0.02215409278869629,675017433
0.023064374923706055,675017433
0.024182558059692383,674510819
0.025092124938964844,674510819
0.02602100372314453,674510819
0.027234554290771484,674510819
0.028016090393066406,670145706
0.029013872146606445,670145706
0.030068635940551758,670145706
0.03119683265686035,670145706
0.03205585479736328,670145706
0.033022403717041016,670145706
0.034127235412597656,670145706
0.03521013259887695,670145706
0.03606534004211426,670145706
0.037085771560668945,670145706
0.03804802894592285,670145706
0.039020538330078125,670145706
0.04026389122009277,670145706
0.041034698486328125,670145706
0.04201650619506836,670145706
0.043012142181396484,670145706
0.04407072067260742,670145706
0.0450594425201416,669078948
0.04619908332824707,668312186
0.04700827598571777,668312186
0.048142433166503906,668312186
0.04923248291015625,668312186
0.050046682357788086,668312186
0.05118966102600098,668312186
0.05227065086364746,668312186
0.053154706954956055,668312186
0.053987741470336914,668312186
