Time,Objective value
0.0002155303955078125,1132726679
0.0010097026824951172,781274809
0.002057790756225586,719152214
0.0030663013458251953,693915919
0.004072427749633789,691834517
0.005067586898803711,691834517
0.006069660186767578,687453655
0.007071256637573242,680523078
0.008080720901489258,680523078
0.009135007858276367,678491875
0.010038375854492188,676231425
0.011136054992675781,676231425
0.012055635452270508,671724434
0.01303243637084961,671724434
0.014137029647827148,671724434
0.015195369720458984,671724434
0.016110897064208984,671724434
0.017076492309570312,671724434
0.0181427001953125,671724434
0.019073009490966797,671724434
0.020110130310058594,671724434
0.021275758743286133,668164817
0.022179841995239258,668164817
0.023083925247192383,668164817
0.024261474609375,668164817
0.025181293487548828,668164817
0.026241302490234375,668164817
0.027059316635131836,668164817
0.028096914291381836,668164817
0.0291135311126709,668164817
0.030136823654174805,667454338
0.03101062774658203,667454338
0.03205442428588867,667454338
0.03300333023071289,666073119
0.03408169746398926,666073119
0.03505277633666992,666073119
0.036028385162353516,666073119
0.03703618049621582,666073119
0.038115501403808594,666073119
0.039102792739868164,665686143
0.04006147384643555,665686143
0.0410161018371582,665686143
0.041700124740600586,665686143
