Time,Objective value
0.00020694732666015625,1252287359
0.0010352134704589844,759444102
0.00200653076171875,673575354
0.0031032562255859375,665102090
0.004097700119018555,665102090
0.00506591796875,665102090
0.006012678146362305,659879370
0.007077455520629883,656060096
0.008090734481811523,647697401
0.00901031494140625,647697401
0.010031938552856445,647697401
0.01104736328125,647697401
0.012097358703613281,647697401
0.013079643249511719,647697401
0.014044523239135742,647697401
0.015164375305175781,647697401
0.016135454177856445,647697401
0.017121076583862305,647319063
0.018080472946166992,644961399
0.019144535064697266,644961399
0.020375967025756836,644961399
0.021289825439453125,644961399
0.022040843963623047,644961399
0.0230255126953125,644961399
0.024148941040039062,644961399
0.025148630142211914,644961399
0.026073455810546875,644961399
0.027101516723632812,643305703
0.028035879135131836,643305703
0.029160499572753906,643305703
0.030132770538330078,643305703
0.03100895881652832,643305703
0.03206634521484375,643305703
0.033116817474365234,643305703
0.034188270568847656,643305703
0.035170793533325195,643305703
0.03600788116455078,643305703
0.03713488578796387,642704926
0.038213491439819336,642704926
0.03906059265136719,642704926
0.04003739356994629,642704926
0.04123997688293457,642704926
0.04201197624206543,642704926
0.04305529594421387,642704926
0.04430866241455078,642704926
0.04517197608947754,641437128
0.04604196548461914,641437128
0.0471956729888916,641437128
0.04812002182006836,641437128
0.0492556095123291,641437128
0.0501551628112793,641437128
0.051207542419433594,641437128
0.052282094955444336,640553639
0.05315732955932617,640553639
0.054308176040649414,640553639
0.0543208122253418,640553639
