Time,Objective value
0.0001976490020751953,1570401383
0.0010485649108886719,761291409
0.0020515918731689453,694411752
0.003030061721801758,680285587
0.0040929317474365234,679019403
0.005087614059448242,652437989
0.006102085113525391,652437989
0.007078886032104492,652437989
0.008052349090576172,651037758
0.009096622467041016,651037758
0.01009678840637207,651037758
0.01103830337524414,651037758
0.012038469314575195,651037758
0.013066530227661133,651037758
0.014058828353881836,651037758
0.015023469924926758,645674863
0.016015291213989258,645674863
0.017184019088745117,645674863
0.018173694610595703,645674863
0.01912093162536621,645674863
0.020027637481689453,645674863
0.02105998992919922,645674863
0.022054433822631836,645674863
0.02317523956298828,645674863
0.024019241333007812,645674863
0.025098323822021484,645674863
0.026103973388671875,643737186
0.02703690528869629,643737186
0.02817368507385254,643737186
0.02909374237060547,643737186
0.030164718627929688,643567875
0.03105330467224121,643567875
0.03216266632080078,643567875
0.033050537109375,643567875
0.0342404842376709,643567875
0.03514242172241211,643567875
0.03615880012512207,643567875
0.037072181701660156,643567875
0.03802347183227539,643567875
0.03925323486328125,643567875
0.0400850772857666,643567875
0.041115522384643555,643567875
0.04215860366821289,643567875
0.04316401481628418,641826847
0.044138193130493164,641826847
0.045168399810791016,641826847
0.046247005462646484,641826847
0.0473177433013916,641826847
0.04827761650085449,641826847
0.0492098331451416,641826847
0.0501863956451416,641826847
0.05115461349487305,641826847
0.05206704139709473,641826847
0.053194522857666016,641826847
0.05420494079589844,641591930
0.055023193359375,641591930
0.056009531021118164,641591930
0.05602002143859863,641591930
