Time,Objective value
0.00020241737365722656,1455968576
0.0010766983032226562,755231440
0.0020294189453125,755231440
0.0030717849731445312,717183724
0.004110813140869141,684189969
0.005074262619018555,684189969
0.006029844284057617,684189969
0.0071125030517578125,684189969
0.008065223693847656,680530825
0.00909280776977539,680530825
0.010092973709106445,679441348
0.01102757453918457,679441348
0.012029886245727539,677666439
0.013092279434204102,675289760
0.014006376266479492,675289760
0.015121221542358398,675289760
0.01609325408935547,675289760
0.017189979553222656,666910873
0.018100738525390625,666910873
0.01901412010192871,666910873
0.02002239227294922,666910873
0.02101612091064453,666910873
0.022159099578857422,666910873
0.023055076599121094,666910873
0.02409815788269043,666910873
0.025078535079956055,666910873
0.02610468864440918,666910873
0.02720355987548828,666910873
0.028106212615966797,666910873
0.029139280319213867,666910873
0.030164718627929688,666910873
0.03109908103942871,666910873
0.03211688995361328,666910873
0.03303122520446777,666910873
0.03410673141479492,666910873
0.03509068489074707,666910873
0.036126136779785156,666910873
0.03715157508850098,666910873
0.03825044631958008,666910873
0.03925776481628418,666910873
0.04025697708129883,666910873
0.04115176200866699,666910873
0.04225015640258789,666910873
0.04328322410583496,666910873
0.0441896915435791,666910873
0.04515194892883301,666910873
0.04607343673706055,666910873
0.04719090461730957,666910873
0.0480496883392334,666910873
0.04917335510253906,666910873
0.0501708984375,665042699
0.051068782806396484,665042699
0.05216336250305176,665042699
0.05320286750793457,665042699
0.05400872230529785,665042699
0.055257558822631836,665042699
0.05555415153503418,665042699
