Time,Objective value
0.0002167224884033203,1239735927
0.0010676383972167969,781400345
0.0020961761474609375,673617367
0.0030066967010498047,663033820
0.0040302276611328125,659355586
0.0051021575927734375,658950857
0.006067991256713867,653588718
0.007161855697631836,653588718
0.008143901824951172,653588718
0.009081363677978516,652468481
0.01002955436706543,652468481
0.01111912727355957,648702966
0.012143850326538086,648702966
0.013071775436401367,648702966
0.014103412628173828,648702966
0.015105724334716797,648702966
0.016070842742919922,648702966
0.01714944839477539,648702966
0.018052101135253906,647957403
0.019107818603515625,646380890
0.020135164260864258,646380890
0.021131515502929688,643119424
0.022121429443359375,643119424
0.02311849594116211,643119424
0.024102449417114258,643119424
0.025021076202392578,643119424
0.026030540466308594,643119424
0.027142763137817383,643119424
0.028178691864013672,642474790
0.02906346321105957,642474790
0.030108928680419922,642474790
0.031078577041625977,642474790
0.03211498260498047,642474790
0.03302597999572754,642474790
0.034053802490234375,642474790
0.03500771522521973,642474790
0.03612232208251953,641941443
0.03722095489501953,641941443
0.03815293312072754,641941443
0.039060354232788086,641941443
0.04013204574584961,641941443
0.04114222526550293,641941443
0.04201698303222656,641941443
0.0431971549987793,641941443
0.04410839080810547,641941443
0.04502439498901367,641941443
0.046077728271484375,641941443
0.04717111587524414,641216077
0.04805350303649902,639018388
0.04906296730041504,639018388
0.0497584342956543,639018388
