Time,Objective value
0.08432888984680176,152044
0.0843350887298584,152044
0.08434152603149414,152044
