Time,Objective value
0.24843120574951172,151798
0.24844598770141602,151798
0.24845671653747559,151798
