Time,Objective value
0.19875645637512207,152712
0.19876503944396973,152712
0.19877290725708008,152712
