Time,Objective value
0.0024063587188720703,7012
0.0024137496948242188,7012
0.0024220943450927734,7012
