Time,Objective value
0.0018756389617919922,6964
0.0018842220306396484,6964
0.0018935203552246094,6964
