Time,Objective value
0.0029799938201904297,96340
0.002987384796142578,96340
0.002995014190673828,96340
