Time,Objective value
0.005606651306152344,97470
0.005618572235107422,97470
0.0056307315826416016,97470
