Time,Objective value
0.0027751922607421875,97330
0.002783536911010742,97330
0.0027909278869628906,97330
