Time,Objective value
0.005049943923950195,96340
0.0050601959228515625,96340
0.005071163177490234,96340
