Time,Objective value
0.004554271697998047,95530
0.004562854766845703,95530
0.004573345184326172,95530
