Time,Objective value
0.005153656005859375,91830
0.005162715911865234,91830
0.005173683166503906,91830
