Time,Objective value
0.005236148834228516,97690
0.005249500274658203,97690
0.005263328552246094,97690
