Time,Objective value
0.0006539821624755859,5270
0.0010480880737304688,4012
0.002178668975830078,3922
0.0030732154846191406,3922
0.004198312759399414,3906
0.005093574523925781,3898
0.006218433380126953,3898
0.007112264633178711,3898
0.008009195327758789,3898
0.009097576141357422,3898
0.010113716125488281,3898
0.011119842529296875,3898
0.012118339538574219,3898
0.013113260269165039,3898
0.014117717742919922,3898
0.015114068984985352,3898
0.016111373901367188,3898
0.01710820198059082,3898
0.018105030059814453,3898
0.019101381301879883,3898
0.020104408264160156,3898
0.021102428436279297,3898
0.022098541259765625,3898
0.023095369338989258,3898
0.02409076690673828,3898
0.02508854866027832,3898
0.02608656883239746,3898
0.0270841121673584,3898
0.02808213233947754,3898
0.029078245162963867,3898
0.030080795288085938,3898
0.031077146530151367,3898
0.0320742130279541,3898
0.03250694274902344,3898
