Time,Objective value
0.001766204833984375,4906
0.0017709732055664062,4906
0.0020818710327148438,3980
0.003078460693359375,3874
0.004081010818481445,3850
0.00512385368347168,3850
0.0061266422271728516,3850
0.0071370601654052734,3850
0.008009195327758789,3850
0.009007692337036133,3850
0.010004520416259766,3850
0.01102304458618164,3850
0.012023448944091797,3850
0.013022184371948242,3850
0.014034271240234375,3850
0.01504659652709961,3850
0.01604461669921875,3850
0.017069101333618164,3850
0.018073320388793945,3850
0.019075632095336914,3850
0.02010035514831543,3850
0.0211026668548584,3850
0.022113800048828125,3850
0.023140430450439453,3850
0.024008512496948242,3850
0.025030851364135742,3850
0.026060104370117188,3850
0.027060508728027344,3850
0.02806544303894043,3850
0.029074430465698242,3850
0.03008580207824707,3850
0.03066563606262207,3850
