Time,Objective value
0.002083301544189453,5270
0.0020895004272460938,5270
0.002135038375854492,5042
0.0031905174255371094,3922
0.0040662288665771484,3922
0.005133628845214844,3906
0.00604557991027832,3898
0.00709223747253418,3898
0.008136987686157227,3898
0.009006738662719727,3898
0.010098695755004883,3898
0.011088848114013672,3898
0.012134552001953125,3898
0.013160228729248047,3898
0.01414942741394043,3898
0.015154838562011719,3898
0.01614689826965332,3898
0.017136335372924805,3898
0.018124818801879883,3898
0.01911163330078125,3898
0.020112276077270508,3898
0.02112412452697754,3898
0.022121667861938477,3898
0.02312636375427246,3898
0.0241239070892334,3898
0.025118112564086914,3898
0.02611374855041504,3898
0.027120590209960938,3898
0.028119325637817383,3898
0.029114484786987305,3898
0.03011608123779297,3898
0.03111100196838379,3898
0.032103538513183594,3898
0.03310394287109375,3898
0.03381681442260742,3898
