Time,Objective value
0.002532958984375,5020
0.002541065216064453,5020
0.0026006698608398438,4866
0.0030961036682128906,3866
0.004093647003173828,3844
0.005105018615722656,3844
0.006100654602050781,3844
0.007094144821166992,3844
0.008105993270874023,3844
0.009100914001464844,3844
0.010107755661010742,3844
0.011120080947875977,3844
0.012115478515625,3844
0.013108491897583008,3844
0.014101743698120117,3844
0.015108346939086914,3844
0.016103506088256836,3844
0.01710987091064453,3844
0.018115997314453125,3844
0.019110918045043945,3844
0.02011275291442871,3844
0.021122455596923828,3844
0.022118806838989258,3844
0.023111581802368164,3844
0.024115562438964844,3844
0.025111913681030273,3844
0.02610635757446289,3844
0.027099609375,3844
0.028092145919799805,3844
0.029086828231811523,3844
0.030088186264038086,3844
0.03109455108642578,3844
0.03138279914855957,3844
