Time,Objective value
0.0017328262329101562,5038
0.001737833023071289,5038
0.002012968063354492,4096
0.0030198097229003906,3872
0.004016399383544922,3872
0.005010843276977539,3872
0.006007194519042969,3872
0.007002115249633789,3872
0.008138895034790039,3872
0.009143352508544922,3872
0.010138273239135742,3872
0.011143207550048828,3872
0.012139558792114258,3872
0.013134479522705078,3872
0.014129161834716797,3872
0.01513218879699707,3872
0.016127347946166992,3872
0.017122268676757812,3872
0.018115520477294922,3872
0.019118309020996094,3872
0.020113706588745117,3872
0.021120309829711914,3872
0.0221405029296875,3872
0.023013591766357422,3872
0.024029970169067383,3872
0.02504754066467285,3872
0.026062488555908203,3872
0.027079105377197266,3872
0.028091907501220703,3872
0.029103755950927734,3872
0.030114412307739258,3872
0.03057575225830078,3872
