Time,Objective value
0.023610591888427734,6644
0.023616313934326172,6644
0.047074079513549805,6478
0.07052326202392578,6478
0.09391570091247559,6156
0.1173849105834961,6156
0.1408846378326416,6156
0.1740865707397461,6156
0.21615266799926758,6156
0.25826382637023926,6156
0.30020689964294434,6156
0.3420753479003906,6156
0.3840465545654297,6156
0.4258992671966553,6156
0.4678609371185303,6156
0.5097970962524414,6156
0.5518589019775391,6156
0.5941112041473389,6156
0.6366734504699707,6156
0.6791019439697266,6156
0.7223081588745117,6156
0.7681105136871338,6156
0.8106656074523926,6156
0.8548915386199951,6156
0.895505428314209,6156
0.9360179901123047,6156
0.9360277652740479,6156
