Time,Objective value
0.021830320358276367,6464
0.021837234497070312,6464
0.04421710968017578,6418
0.0669097900390625,6418
0.089752197265625,6408
0.11249375343322754,6408
0.1351776123046875,6408
0.15758705139160156,6408
0.1797323226928711,6408
0.2022993564605713,6408
0.22463703155517578,6408
0.24695897102355957,6408
0.26949024200439453,6408
0.291095495223999,6408
0.313662052154541,6408
0.33602118492126465,6408
0.3584449291229248,6408
0.38081884384155273,6408
0.4032552242279053,6408
0.4259676933288574,6408
0.44753575325012207,6408
0.4695124626159668,6408
0.49195408821105957,6392
0.5141987800598145,6392
0.5363907814025879,6338
0.5587611198425293,6276
0.5587723255157471,6276
