Time,Objective value
0.023477554321289062,6418
0.023484230041503906,6418
0.04583430290222168,6418
0.06809306144714355,6418
0.09064984321594238,6418
0.11275410652160645,6418
0.13447165489196777,6418
0.15703034400939941,6292
0.17948603630065918,6292
0.20209598541259766,6292
0.22461700439453125,6292
0.24724578857421875,6292
0.2694883346557617,6292
0.2918548583984375,6292
0.31390833854675293,6292
0.3363375663757324,6292
0.35992431640625,6292
0.3824753761291504,6292
0.4048435688018799,6292
0.42739415168762207,6292
0.4496898651123047,6156
0.4722750186920166,6156
0.49465417861938477,6156
0.5170516967773438,6156
0.539309024810791,6156
0.5620722770690918,6156
0.5620787143707275,6156
