Time,Objective value
0.023268938064575195,6458
0.023276567459106445,6458
0.04571866989135742,6458
0.06845927238464355,6398
0.09141397476196289,6398
0.11437463760375977,6398
0.13733935356140137,6398
0.15984344482421875,6398
0.18228840827941895,6398
0.2047748565673828,6398
0.2270209789276123,6324
0.24870777130126953,6324
0.27096986770629883,6324
0.29314637184143066,6324
0.3155043125152588,6324
0.3376734256744385,6324
0.3595404624938965,6324
0.3821413516998291,6324
0.4044365882873535,6324
0.426649808883667,6324
0.44896888732910156,6324
0.4714076519012451,6324
0.4935119152069092,6324
0.5155904293060303,6324
0.537954568862915,6314
0.5602841377258301,6298
0.5602908134460449,6298
