Time,Objective value
0.02318572998046875,6542
0.023192405700683594,6542
0.0451960563659668,6542
0.06785750389099121,6502
0.09086203575134277,6424
0.11379098892211914,6424
0.1360018253326416,6424
0.15825843811035156,6352
0.18049001693725586,6352
0.20278310775756836,6352
0.22539305686950684,6352
0.2477741241455078,6338
0.269946813583374,6328
0.2921462059020996,6328
0.31442952156066895,6328
0.3366692066192627,6328
0.3591597080230713,6328
0.38139820098876953,6328
0.40349411964416504,6328
0.4259159564971924,6328
0.44808030128479004,6328
0.47027087211608887,6328
0.49251270294189453,6298
0.5146639347076416,6298
0.5365519523620605,6298
0.5589866638183594,6298
0.5589931011199951,6298
