Time,Objective value
0.022869586944580078,6444
0.022876501083374023,6444
0.04548215866088867,6444
0.06800103187561035,6402
0.0902700424194336,6312
0.11263227462768555,6312
0.13501548767089844,6312
0.15721750259399414,6312
0.17908263206481934,6312
0.20128870010375977,6312
0.22359728813171387,6312
0.24600934982299805,6312
0.26836490631103516,6312
0.29067158699035645,6312
0.3128228187561035,6312
0.3345315456390381,6312
0.3567802906036377,6312
0.379108190536499,6312
0.40143609046936035,6312
0.4237802028656006,6312
0.4461236000061035,6312
0.4682135581970215,6312
0.4905259609222412,6312
0.5123906135559082,6312
0.5346212387084961,6312
0.5566103458404541,6312
0.5566163063049316,6312
