Time,Objective value
0.021579265594482422,6664
0.021585702896118164,6664
0.04416036605834961,6378
0.06689119338989258,6378
0.08910179138183594,6378
0.11152458190917969,6288
0.1338188648223877,6288
0.15593624114990234,6268
0.178391695022583,6268
0.20090389251708984,6268
0.22315168380737305,6210
0.24537444114685059,6210
0.267287015914917,6210
0.28921961784362793,6210
0.3114001750946045,6176
0.33338141441345215,6176
0.3554508686065674,6176
0.377666711807251,6176
0.39986658096313477,6176
0.4219505786895752,6176
0.4440474510192871,6176
0.4657294750213623,6176
0.48796606063842773,6176
0.5098817348480225,6176
0.5320994853973389,6176
0.5534298419952393,6176
0.553436279296875,6176
