Time,Objective value
0.0389401912689209,6620
0.038950443267822266,6620
0.07871770858764648,6620
0.11865568161010742,6332
0.15998458862304688,6332
0.20004057884216309,6332
0.2395632266998291,6332
0.27950406074523926,6332
0.31919336318969727,6332
0.3594624996185303,6332
0.39926624298095703,6332
0.43813347816467285,6332
0.47741270065307617,6332
0.5165159702301025,6318
0.5571050643920898,6244
0.5971260070800781,6244
0.6369388103485107,6244
0.6770801544189453,6244
0.7204828262329102,6244
0.7591853141784668,6244
0.7968270778656006,6244
0.8343031406402588,6244
0.8728599548339844,6244
0.9103667736053467,6244
0.9474849700927734,6244
0.9851343631744385,6244
0.9851453304290771,6244
