Time,Objective value
0.02190852165222168,6680
0.021915674209594727,6680
0.04453420639038086,6680
0.06726384162902832,6392
0.0900411605834961,6392
0.11293697357177734,6392
0.1349194049835205,6392
0.15685367584228516,6288
0.17917966842651367,6288
0.20146584510803223,6288
0.22339463233947754,6288
0.2459702491760254,6288
0.2684054374694824,6288
0.2908365726470947,6288
0.31308746337890625,6288
0.3352370262145996,6288
0.35772252082824707,6288
0.3802340030670166,6288
0.4021916389465332,6288
0.4238712787628174,6288
0.446303129196167,6288
0.469005823135376,6288
0.4908919334411621,6288
0.5134844779968262,6288
0.5356132984161377,6288
0.5584225654602051,6288
0.55843186378479,6288
