Time,Objective value
0.022197723388671875,6662
0.02220463752746582,6662
0.04396390914916992,6308
0.06627964973449707,6308
0.08834719657897949,6308
0.11076951026916504,6308
0.1331181526184082,6308
0.1556384563446045,6308
0.17796015739440918,6308
0.2001204490661621,6308
0.22242379188537598,6308
0.244462251663208,6308
0.267103910446167,6308
0.28963708877563477,6308
0.31172680854797363,6308
0.3336818218231201,6308
0.3556537628173828,6308
0.3781304359436035,6308
0.4005284309387207,6308
0.42328333854675293,6308
0.4455537796020508,6308
0.4679543972015381,6308
0.4904441833496094,6308
0.512566328048706,6308
0.5352797508239746,6308
0.5570905208587646,6284
0.5571002960205078,6284
