Time,Objective value
0.002783060073852539,196
0.002791881561279297,196
0.0027992725372314453,196
