Time,Objective value
0.005026817321777344,212
0.0050394535064697266,212
0.0050525665283203125,212
