Time,Objective value
0.08905220031738281,467449699
0.08906054496765137,467449699
0.1632983684539795,467449699
0.2073380947113037,467449699
0.2511415481567383,467449699
0.2953512668609619,467449699
0.3393433094024658,467449699
0.38329386711120605,467449699
0.42724013328552246,467449699
0.47142982482910156,467449699
0.5152359008789062,467449699
0.5592896938323975,467449699
0.6031343936920166,467449699
0.6471974849700928,467449699
0.6909503936767578,465350228
0.734917402267456,465350228
0.7790770530700684,465350228
0.823035478591919,464981433
0.8670468330383301,462766390
0.911400556564331,462766390
0.9556074142456055,462766390
0.9996085166931152,462766390
1.043614149093628,462766390
1.087815523147583,462436947
1.1326189041137695,462436947
1.1770102977752686,462436947
1.1770219802856445,462436947
