Time,Objective value
0.09159159660339355,467834976
0.09160089492797852,467834976
0.18188714981079102,467524411
0.2722635269165039,467524411
0.36212682723999023,467524411
0.4517643451690674,463913061
0.5421175956726074,463913061
0.6326303482055664,463913061
0.7225034236907959,463845769
0.8123302459716797,463362650
0.9022810459136963,463344338
0.9929571151733398,463344338
1.0826694965362549,463344338
1.1716759204864502,463344338
1.2526006698608398,463344338
1.2969419956207275,463344338
1.3410007953643799,463344338
1.3849668502807617,463344338
1.4288995265960693,463344338
1.4728422164916992,463344338
1.516737937927246,463344338
1.561105489730835,463344338
1.6052861213684082,463344338
1.649360179901123,463344338
1.6936097145080566,463344338
1.7375857830047607,463344338
1.7375919818878174,463344338
