Time,Objective value
0.046004295349121094,470019355
0.046011924743652344,470019355
0.09154820442199707,470019355
0.13701915740966797,470019355
0.18194055557250977,470019355
0.2269117832183838,463322731
0.27185773849487305,463322731
0.31696033477783203,463322731
0.36121273040771484,463322731
0.4062385559082031,463322731
0.45125317573547363,463322731
0.49607086181640625,463322731
0.5409667491912842,463322731
0.5852665901184082,463322731
0.6296496391296387,463322731
0.6740031242370605,463322731
0.718780517578125,463322731
0.7637128829956055,463322731
0.8088784217834473,463322731
0.8535611629486084,463322731
0.8988254070281982,463322731
0.9433004856109619,463322731
0.9886372089385986,463322731
1.0329725742340088,463322731
1.077324628829956,463322731
1.1215143203735352,463322731
1.12152099609375,463322731
