Time,Objective value
0.04611539840698242,468236269
0.04612135887145996,468236269
0.09021115303039551,467985247
0.134185791015625,466616858
0.1785275936126709,466616858
0.22299742698669434,466616858
0.26706624031066895,466616858
0.31136107444763184,466616858
0.355755090713501,465117921
0.39993929862976074,465117921
0.44405603408813477,464583758
0.48813891410827637,464583758
0.5324656963348389,464583758
0.5768580436706543,464583758
0.6209886074066162,464583758
0.6651260852813721,464583758
0.7092764377593994,464583758
0.753483772277832,464583758
0.7975895404815674,464583758
0.8416447639465332,464583758
0.8858077526092529,464583758
0.9299914836883545,464583758
0.9741947650909424,464583758
1.018467664718628,463425802
1.0625555515289307,463425802
1.1064910888671875,463425802
1.1064975261688232,463425802
