Time,Objective value
0.10429215431213379,158016
0.10430121421813965,158016
0.1043083667755127,158016
