Time,Objective value
0.002969503402709961,3720
0.002975940704345703,3720
0.003821849822998047,3484
0.004656314849853516,3372
0.005618095397949219,3372
0.0065233707427978516,3176
0.007640838623046875,2812
0.008766889572143555,2812
0.009731769561767578,2812
0.01099252700805664,2812
0.012295246124267578,2812
0.013223409652709961,2812
0.014344453811645508,2812
0.015300273895263672,2812
0.016251802444458008,2756
0.017004013061523438,2756
0.01799750328063965,2756
0.018876314163208008,2756
0.019640207290649414,2756
0.020525693893432617,2756
0.02139449119567871,2756
0.022143840789794922,2756
0.02301502227783203,2756
0.023761272430419922,2756
0.024511337280273438,2756
0.02526688575744629,2756
0.025274038314819336,2756
