Time,Objective value
0.0030684471130371094,3618
0.0030753612518310547,3618
0.003991842269897461,3184
0.004881858825683594,3022
0.006005048751831055,2906
0.006880521774291992,2834
0.007627010345458984,2834
0.008388280868530273,2834
0.009135007858276367,2834
0.010015487670898438,2834
0.010789632797241211,2834
0.011794328689575195,2834
0.012565374374389648,2834
0.013325214385986328,2834
0.014088869094848633,2834
0.015079975128173828,2780
0.016826152801513672,2780
0.017570018768310547,2780
0.018431425094604492,2724
0.01929783821105957,2724
0.020166635513305664,2724
0.02179265022277832,2724
0.02265167236328125,2724
0.023404836654663086,2724
0.023412466049194336,2724
