Time,Objective value
0.003682851791381836,2900
0.0036923885345458984,2900
0.005240678787231445,2764
0.006295919418334961,2764
0.007266521453857422,2764
0.008090496063232422,2764
0.009366989135742188,2764
0.010107994079589844,2764
0.011216878890991211,2764
0.011985540390014648,2764
0.012748241424560547,2764
0.013615608215332031,2764
0.014481306076049805,2764
0.01523137092590332,2764
0.016228675842285156,2764
0.01697826385498047,2764
0.017745256423950195,2764
0.018505334854125977,2764
0.019248008728027344,2764
0.0201108455657959,2764
0.020987987518310547,2764
0.021741390228271484,2764
0.022725582122802734,2764
0.023492097854614258,2764
0.024260997772216797,2764
0.02511286735534668,2764
0.025119304656982422,2764
