Time,Objective value
0.004437923431396484,3396
0.004447221755981445,3396
0.00582432746887207,3310
0.007429838180541992,2926
0.009203672409057617,2926
0.010719537734985352,2926
0.011662721633911133,2926
0.012599706649780273,2926
0.013521194458007812,2926
0.014345169067382812,2926
0.015182971954345703,2926
0.015922069549560547,2926
0.016633033752441406,2926
0.017729997634887695,2926
0.018445730209350586,2926
0.01925969123840332,2926
0.020090818405151367,2926
0.02082037925720215,2926
0.021539688110351562,2816
0.022257566452026367,2816
0.0230867862701416,2816
0.02381300926208496,2816
0.024629831314086914,2816
0.025348424911499023,2816
0.026089906692504883,2816
0.026841163635253906,2816
0.026847124099731445,2816
