Time,Objective value
0.002973794937133789,3618
0.0029807090759277344,3618
0.0038738250732421875,3184
0.004751682281494141,3022
0.00587010383605957,2906
0.006761312484741211,2834
0.007512807846069336,2834
0.008266448974609375,2834
0.009014606475830078,2834
0.009895086288452148,2834
0.010656356811523438,2834
0.011634349822998047,2834
0.012387752532958984,2834
0.013142824172973633,2834
0.014878511428833008,2780
0.015755653381347656,2780
0.01663970947265625,2780
0.017395496368408203,2780
0.018259763717651367,2724
0.0191190242767334,2724
0.020723581314086914,2724
0.021590232849121094,2724
0.02244877815246582,2724
0.023201465606689453,2724
0.023207902908325195,2724
