Time,Objective value
0.0027022361755371094,2858
0.002707958221435547,2858
0.0034492015838623047,2858
0.0042912960052490234,2858
0.005126953125,2858
0.005962371826171875,2858
0.006799936294555664,2858
0.007630825042724609,2732
0.008383512496948242,2732
0.009101390838623047,2732
0.01066136360168457,2732
0.01159977912902832,2732
0.012435197830200195,2732
0.01337742805480957,2732
0.01420736312866211,2732
0.015029668807983398,2732
0.016566038131713867,2732
0.017540931701660156,2732
0.018299579620361328,2732
0.019051313400268555,2732
0.020688295364379883,2732
0.02155923843383789,2732
0.022316455841064453,2732
0.022322893142700195,2732
