Time,Objective value
0.0040798187255859375,2790
0.004087924957275391,2790
0.0054433345794677734,2790
0.006792783737182617,2790
0.008110761642456055,2790
0.009272575378417969,2790
0.01040029525756836,2790
0.01111602783203125,2790
0.011823654174804688,2790
0.012678384780883789,2790
0.01338958740234375,2790
0.01409912109375,2790
0.014922857284545898,2790
0.015647172927856445,2790
0.016356229782104492,2790
0.017182111740112305,2750
0.017906904220581055,2750
0.018855810165405273,2750
0.01967930793762207,2750
0.020399808883666992,2750
0.02123880386352539,2750
0.0220491886138916,2750
0.02289438247680664,2750
0.023721694946289062,2750
0.02465343475341797,2750
0.025482654571533203,2750
0.025488615036010742,2750
