Time,Objective value
0.0027320384979248047,3118
0.002737760543823242,3118
0.0035102367401123047,3108
0.004388093948364258,3108
0.005143642425537109,3108
0.0058972835540771484,3016
0.006792545318603516,3016
0.007668018341064453,3016
0.008653402328491211,3016
0.009423494338989258,3016
0.010271072387695312,2880
0.01113748550415039,2880
0.012135744094848633,2880
0.013036012649536133,2880
0.014684200286865234,2866
0.015453100204467773,2866
0.016217947006225586,2866
0.01784992218017578,2866
0.018609046936035156,2866
0.0194857120513916,2866
0.02036309242248535,2866
0.02123236656188965,2866
0.022742509841918945,2866
0.022749662399291992,2866
