Time,Objective value
0.004060983657836914,3374
0.004066944122314453,3374
0.004940986633300781,3214
0.0057027339935302734,3076
0.006701231002807617,2918
0.0074615478515625,2918
0.008228778839111328,2918
0.008989334106445312,2918
0.009870052337646484,2918
0.010728836059570312,2918
0.011794567108154297,2918
0.012553691864013672,2918
0.013309001922607422,2918
0.014194250106811523,2918
0.01494598388671875,2918
0.015700101852416992,2918
0.01645636558532715,2918
0.01720404624938965,2874
0.01808905601501465,2874
0.019725322723388672,2874
0.0204775333404541,2874
0.021381139755249023,2874
0.022142887115478516,2874
0.023032426834106445,2874
0.02381134033203125,2874
