Time,Objective value
0.003100156784057617,3210
0.0031075477600097656,3210
0.004020214080810547,2942
0.0048809051513671875,2942
0.0056591033935546875,2942
0.006537199020385742,2942
0.007284879684448242,2942
0.008085489273071289,2942
0.008977174758911133,2942
0.009729385375976562,2942
0.010653257369995117,2942
0.011522293090820312,2942
0.012387514114379883,2942
0.01326894760131836,2942
0.014206647872924805,2942
0.01583576202392578,2942
0.016592741012573242,2942
0.017362594604492188,2942
0.01834845542907715,2942
0.019153356552124023,2942
0.02067399024963379,2942
0.021575212478637695,2942
0.02234363555908203,2942
0.023081541061401367,2942
0.02308940887451172,2942
