Time,Objective value
0.0028018951416015625,3020
0.002807140350341797,3020
0.003570556640625,2716
0.004433870315551758,2646
0.0053253173828125,2646
0.006197929382324219,2646
0.0070683956146240234,2646
0.007972478866577148,2646
0.008717536926269531,2646
0.00947117805480957,2646
0.010364532470703125,2646
0.011249303817749023,2646
0.012123823165893555,2646
0.013744115829467773,2646
0.01450347900390625,2646
0.015505552291870117,2646
0.01625657081604004,2646
0.017251968383789062,2646
0.018015146255493164,2646
0.019655466079711914,2646
0.020430803298950195,2646
0.02120065689086914,2646
0.022828340530395508,2646
0.022835731506347656,2646
