Time,Objective value
0.003675222396850586,2746
0.003682851791381836,2746
0.004770517349243164,2746
0.005993843078613281,2746
0.006831645965576172,2746
0.007546663284301758,2746
0.00827169418334961,2746
0.009014129638671875,2746
0.009861230850219727,2746
0.01069021224975586,2746
0.011405229568481445,2746
0.01224064826965332,2746
0.013098716735839844,2746
0.01384592056274414,2746
0.014703035354614258,2746
0.015469551086425781,2746
0.016236543655395508,2746
0.017656564712524414,2746
0.01850128173828125,2746
0.019257783889770508,2746
0.02009296417236328,2746
0.021511316299438477,2746
0.02235722541809082,2746
0.02307581901550293,2746
0.023081541061401367,2746
