Time,Objective value
0.0032796859741210938,3618
0.003284931182861328,3618
0.004679203033447266,2846
0.0060749053955078125,2846
0.007360935211181641,2846
0.008741140365600586,2846
0.01013803482055664,2846
0.011525392532348633,2846
0.012921810150146484,2846
0.014430761337280273,2846
0.01582813262939453,2846
0.017102479934692383,2846
0.018646240234375,2846
0.0200958251953125,2846
0.02140331268310547,2846
0.022823810577392578,2846
0.024150848388671875,2846
0.025667428970336914,2846
0.02720165252685547,2846
0.02873516082763672,2846
0.03003406524658203,2846
0.03144431114196777,2846
0.03284406661987305,2846
0.03437209129333496,2846
0.03590679168701172,2846
0.03748202323913574,2846
0.037489891052246094,2846
