Time,Objective value
0.003873586654663086,3396
0.0038805007934570312,3396
0.005814790725708008,3104
0.008095026016235352,3104
0.009997129440307617,3104
0.011902809143066406,3104
0.01379084587097168,3104
0.015131950378417969,3104
0.01657390594482422,3104
0.017898082733154297,3104
0.019343137741088867,3104
0.02070331573486328,3056
0.022038698196411133,3056
0.02349257469177246,2730
0.024807453155517578,2730
0.026258230209350586,2730
0.02747941017150879,2730
0.028939008712768555,2730
0.030277729034423828,2730
0.031607866287231445,2730
0.03284788131713867,2730
0.0341951847076416,2730
0.03552865982055664,2730
0.03709816932678223,2730
0.0384373664855957,2730
0.039774417877197266,2730
0.0397794246673584,2730
