Time,Objective value
0.00457453727722168,3250
0.004582405090332031,3250
0.006528377532958984,3250
0.0077626705169677734,3250
0.009175539016723633,3250
0.010568618774414062,3250
0.01184391975402832,2952
0.01317906379699707,2812
0.014525413513183594,2812
0.015877723693847656,2812
0.0172271728515625,2812
0.018672466278076172,2812
0.01990056037902832,2812
0.021242618560791016,2812
0.022696495056152344,2724
0.024142980575561523,2724
0.025492191314697266,2724
0.026720762252807617,2724
0.027956485748291016,2724
0.02929830551147461,2724
0.030526161193847656,2724
0.03177309036254883,2724
0.03323531150817871,2724
0.03445911407470703,2724
0.03568840026855469,2724
0.03701066970825195,2724
0.03701615333557129,2724
