Time,Objective value
0.005445957183837891,4030
0.0054552555084228516,4030
0.007361412048339844,3356
0.008708000183105469,3356
0.010044097900390625,2962
0.0113983154296875,2962
0.012753009796142578,2962
0.014116764068603516,2962
0.015456676483154297,2700
0.016939878463745117,2700
0.018310546875,2700
0.019779682159423828,2700
0.021007061004638672,2700
0.022493839263916016,2700
0.023868799209594727,2700
0.025204181671142578,2700
0.026564598083496094,2700
0.02793145179748535,2700
0.02925419807434082,2700
0.03062295913696289,2700
0.032083988189697266,2700
0.033539533615112305,2700
0.03488469123840332,2700
0.03624248504638672,2700
0.037584781646728516,2700
0.03894639015197754,2700
0.03895211219787598,2700
