Time,Objective value
0.005944252014160156,2826
0.0059566497802734375,2826
0.00839996337890625,2826
0.010614395141601562,2826
0.013152599334716797,2628
0.016065597534179688,2628
0.018703937530517578,2628
0.0216522216796875,2628
0.02463054656982422,2628
0.027504920959472656,2628
0.029776334762573242,2628
0.03220057487487793,2628
0.03475785255432129,2628
0.03730010986328125,2628
0.03984689712524414,2628
0.04243159294128418,2628
0.04469585418701172,2628
0.04705071449279785,2628
0.04968738555908203,2628
0.05214691162109375,2628
0.054727792739868164,2628
0.057463645935058594,2628
0.0598444938659668,2628
0.06245779991149902,2628
0.06485891342163086,2628
0.06751608848571777,2628
0.06753063201904297,2628
