Time,Objective value
0.003665447235107422,2920
0.0036711692810058594,2920
0.005272626876831055,2920
0.0068852901458740234,2920
0.008371591567993164,2920
0.00978994369506836,2920
0.011460065841674805,2920
0.013242721557617188,2920
0.014661073684692383,2920
0.016197681427001953,2920
0.017710447311401367,2920
0.01906299591064453,2920
0.020491838455200195,2920
0.021761655807495117,2920
0.023302555084228516,2778
0.024724245071411133,2778
0.026113033294677734,2778
0.027540206909179688,2778
0.028938770294189453,2778
0.03032851219177246,2778
0.031622886657714844,2778
0.033016204833984375,2778
0.034427642822265625,2778
0.035843849182128906,2778
0.0372467041015625,2778
0.03888082504272461,2778
0.038887977600097656,2778
