Time,Objective value
0.0037965774536132812,3178
0.0038039684295654297,3178
0.005846261978149414,3178
0.007886886596679688,2894
0.00994873046875,2894
0.011989831924438477,2894
0.013396739959716797,2894
0.014677047729492188,2894
0.01607990264892578,2894
0.017580747604370117,2894
0.01888108253479004,2894
0.020166873931884766,2894
0.021712779998779297,2894
0.023049116134643555,2894
0.024500608444213867,2894
0.02591562271118164,2894
0.02745199203491211,2894
0.029018878936767578,2894
0.030454635620117188,2894
0.0318760871887207,2894
0.03318214416503906,2894
0.0344696044921875,2894
0.03588223457336426,2894
0.03718757629394531,2894
0.03859567642211914,2894
0.04001951217651367,2894
0.040027618408203125,2894
