Time,Objective value
0.0037779808044433594,3964
0.003784656524658203,3964
0.005425214767456055,3546
0.006842136383056641,3256
0.00823664665222168,3256
0.00963139533996582,3256
0.011152267456054688,3034
0.01270151138305664,3034
0.014110565185546875,3034
0.015814542770385742,3034
0.0172121524810791,3034
0.018599748611450195,3034
0.019893646240234375,3034
0.02131485939025879,2694
0.0227048397064209,2694
0.02399134635925293,2694
0.0253753662109375,2694
0.026788711547851562,2694
0.028159141540527344,2694
0.029568195343017578,2694
0.03098130226135254,2694
0.03238272666931152,2694
0.03378748893737793,2694
0.0351862907409668,2694
0.036577701568603516,2694
0.03797101974487305,2694
0.03797721862792969,2694
