Time,Objective value
0.004120588302612305,2900
0.0041277408599853516,2900
0.006060600280761719,2900
0.007818222045898438,2900
0.009283065795898438,2784
0.010633230209350586,2784
0.011964082717895508,2784
0.013298273086547852,2784
0.014528751373291016,2784
0.01586461067199707,2784
0.017243385314941406,2784
0.018700599670410156,2784
0.020143508911132812,2784
0.02137160301208496,2784
0.022738218307495117,2784
0.02397298812866211,2784
0.025524377822875977,2784
0.026789426803588867,2784
0.028163433074951172,2784
0.029392242431640625,2784
0.03063178062438965,2784
0.031961917877197266,2784
0.033536434173583984,2784
0.034850358963012695,2784
0.03622603416442871,2784
0.03747916221618652,2784
0.037485361099243164,2784
