Time,Objective value
0.005218505859375,3432
0.005227565765380859,3432
0.00780034065246582,3388
0.009408235549926758,3302
0.010860443115234375,3050
0.012200355529785156,2772
0.013654708862304688,2772
0.014984369277954102,2772
0.0163271427154541,2772
0.0177609920501709,2772
0.018977880477905273,2772
0.020319700241088867,2772
0.02163529396057129,2772
0.02299642562866211,2772
0.02450847625732422,2772
0.0258333683013916,2772
0.02716994285583496,2772
0.028519392013549805,2772
0.0298612117767334,2772
0.031192302703857422,2772
0.032544851303100586,2772
0.033875226974487305,2772
0.03520965576171875,2772
0.0366826057434082,2772
0.03791546821594238,2772
0.039261579513549805,2772
0.03927326202392578,2772
