Time,Objective value
0.003656148910522461,3382
0.0036628246307373047,3382
0.005226612091064453,3234
0.0066182613372802734,3024
0.00803232192993164,3024
0.009470462799072266,3024
0.01083827018737793,3024
0.012237310409545898,2978
0.013631582260131836,2934
0.014928102493286133,2934
0.016340017318725586,2934
0.017756938934326172,2934
0.01902604103088379,2934
0.020552635192871094,2934
0.02194976806640625,2934
0.02337479591369629,2934
0.024762392044067383,2934
0.026192426681518555,2934
0.027570486068725586,2934
0.02896857261657715,2934
0.03046870231628418,2934
0.03186345100402832,2934
0.03314518928527832,2934
0.03453207015991211,2934
0.03603816032409668,2934
0.0374445915222168,2934
0.03745150566101074,2934
