Time,Objective value
0.004034280776977539,3278
0.004040241241455078,3278
0.005667686462402344,3278
0.007457256317138672,3102
0.00887298583984375,3102
0.010160207748413086,3086
0.011564016342163086,3044
0.012947320938110352,3044
0.014242410659790039,3044
0.015520334243774414,3044
0.016939878463745117,3006
0.018364906311035156,3006
0.019636154174804688,3006
0.02102947235107422,3006
0.022411823272705078,3006
0.023781299591064453,3006
0.025195598602294922,3006
0.026636362075805664,2914
0.02793431282043457,2914
0.029573678970336914,2914
0.031092405319213867,2914
0.03249764442443848,2914
0.033875226974487305,2914
0.03524971008300781,2914
0.03650474548339844,2914
0.03784751892089844,2914
0.037854909896850586,2914
