Time,Objective value
0.005325794219970703,2826
0.0053348541259765625,2826
0.007412910461425781,2826
0.008646488189697266,2826
0.009991884231567383,2628
0.011461973190307617,2628
0.012691259384155273,2628
0.014325857162475586,2628
0.015649795532226562,2628
0.017227888107299805,2628
0.018447399139404297,2628
0.01978302001953125,2628
0.021102428436279297,2628
0.02247333526611328,2628
0.0238797664642334,2628
0.025266647338867188,2628
0.02654409408569336,2628
0.027912139892578125,2628
0.029375314712524414,2628
0.030728578567504883,2628
0.032178640365600586,2628
0.033623456954956055,2628
0.034973859786987305,2628
0.03631234169006348,2628
0.03765511512756348,2628
0.03899264335632324,2628
0.03899884223937988,2628
