Time,Objective value
0.0035021305084228516,3544
0.0035097599029541016,3544
0.005010843276977539,3016
0.006520986557006836,3016
0.00789642333984375,3016
0.009352445602416992,2890
0.010793209075927734,2890
0.012268304824829102,2890
0.013762950897216797,2890
0.015528440475463867,2890
0.017022132873535156,2890
0.01839137077331543,2890
0.01985454559326172,2890
0.021228313446044922,2890
0.0226898193359375,2838
0.02417898178100586,2838
0.025636672973632812,2838
0.027142047882080078,2838
0.028649091720581055,2838
0.030159473419189453,2838
0.03166842460632324,2838
0.0332798957824707,2838
0.034810543060302734,2838
0.0363309383392334,2838
0.03783726692199707,2838
0.039238691329956055,2838
0.03924894332885742,2838
