Time,Objective value
0.004683017730712891,3636
0.004691123962402344,3636
0.006217002868652344,3636
0.007881879806518555,3028
0.009591817855834961,2912
0.011265039443969727,2912
0.012691736221313477,2912
0.014143228530883789,2912
0.015619993209838867,2912
0.016897201538085938,2912
0.018245458602905273,2912
0.019628047943115234,2912
0.02097630500793457,2912
0.0223538875579834,2912
0.023845195770263672,2912
0.02521967887878418,2912
0.02646017074584961,2912
0.027807235717773438,2912
0.02942371368408203,2912
0.030907869338989258,2912
0.03215312957763672,2912
0.033510684967041016,2912
0.03489565849304199,2912
0.03624773025512695,2912
0.03771185874938965,2912
0.039093971252441406,2912
0.039099693298339844,2912
