Time,Objective value
0.0027174949645996094,94310
0.0027229785919189453,94310
0.005153656005859375,94310
0.007125139236450195,94310
0.009225606918334961,94310
0.01118326187133789,94310
0.013586282730102539,94310
0.015576601028442383,94310
0.01767730712890625,94310
0.020127058029174805,94310
0.02257537841796875,94310
0.02498459815979004,94310
0.027373075485229492,94310
0.029766082763671875,94310
0.03179287910461426,94310
0.034238338470458984,94310
0.03633832931518555,94310
0.0387568473815918,94310
0.04075980186462402,94310
0.04283261299133301,94310
0.04528689384460449,94310
0.047676801681518555,94310
0.05007195472717285,94310
0.05287361145019531,93780
0.05542612075805664,93780
0.057559967041015625,93780
0.05756950378417969,93780
