Time,Objective value
0.0027239322662353516,97910
0.0027310848236083984,97910
0.004792928695678711,96790
0.006809711456298828,96790
0.00923776626586914,96790
0.011687040328979492,96660
0.013724327087402344,96660
0.015794038772583008,96540
0.01749587059020996,96540
0.019926786422729492,96540
0.021977663040161133,96540
0.02398538589477539,96540
0.026020288467407227,96540
0.02805948257446289,96520
0.030533313751220703,96520
0.032605886459350586,96520
0.035054683685302734,95340
0.03748893737792969,95340
0.039902448654174805,94520
0.042005300521850586,94520
0.04401755332946777,94520
0.04719901084899902,94520
0.049239397048950195,94520
0.051242828369140625,94520
0.05367231369018555,94520
0.056069374084472656,94520
0.05607795715332031,94520
