Time,Objective value
0.0026471614837646484,97370
0.002653360366821289,97370
0.004746198654174805,96730
0.0071277618408203125,96730
0.009214162826538086,95720
0.011600971221923828,95720
0.013969659805297852,95720
0.01596832275390625,95720
0.017979145050048828,95570
0.01997685432434082,95570
0.022027254104614258,95570
0.024053335189819336,95570
0.026430606842041016,95570
0.028395891189575195,95570
0.0308225154876709,95570
0.03321719169616699,95570
0.03523898124694824,94590
0.03722786903381348,94590
0.039972782135009766,94590
0.0419771671295166,94590
0.04395461082458496,94590
0.04676032066345215,94590
0.048751115798950195,94590
0.050782203674316406,94540
0.05277204513549805,94540
0.05481696128845215,94540
0.054823875427246094,94540
