Time,Objective value
0.0032777786254882812,98650
0.003284454345703125,98650
0.005644559860229492,96630
0.008443832397460938,94990
0.010816574096679688,94990
0.013703346252441406,94990
0.016187667846679688,94990
0.018979310989379883,94990
0.021401643753051758,94990
0.02349996566772461,94610
0.02701091766357422,93090
0.0290219783782959,93090
0.030997037887573242,93090
0.03336381912231445,93090
0.03581428527832031,93090
0.03781008720397949,93090
0.04021430015563965,93090
0.04226255416870117,93090
0.044576168060302734,93090
0.046962738037109375,93090
0.04941749572753906,93090
0.051413774490356445,93090
0.05383658409118652,93090
0.0558626651763916,93090
0.05827903747558594,93090
0.06073331832885742,93090
0.06074118614196777,93090
