Time,Objective value
0.0058858394622802734,96330
0.005895137786865234,96330
0.011058807373046875,92910
0.014702081680297852,92910
0.01885390281677246,92910
0.02265763282775879,92910
0.027255535125732422,92310
0.03117203712463379,92310
0.03595995903015137,92310
0.0399479866027832,92310
0.04464221000671387,92310
0.04929327964782715,92310
0.053760528564453125,92310
0.05774807929992676,92310
0.0639488697052002,92310
0.06778168678283691,92310
0.07161355018615723,92310
0.07682371139526367,92310
0.08094382286071777,92310
0.08570694923400879,92310
0.0904233455657959,92310
0.09692788124084473,92310
0.10104775428771973,92310
0.10436248779296875,92310
0.10837674140930176,92310
0.11197519302368164,92310
0.11199092864990234,92310
