Time,Objective value
0.5011873245239258,8253598
0.5011951923370361,8253598
0.9421961307525635,8253598
1.4982705116271973,8253598
1.8836770057678223,8253598
2.3877346515655518,8253598
2.7790424823760986,8253598
3.2208714485168457,8253598
3.602350950241089,8253598
3.9960319995880127,8253598
4.382368087768555,8253598
5.073238134384155,8253598
5.4631187915802,8253598
5.839519262313843,8253598
6.5243799686431885,8253598
7.021630525588989,8253598
64.76065111160278,8200248
135.6562533378601,8193326
207.07894897460938,8174682
326.7498927116394,8161184
326.7499089241028,8161184
