Time,Objective value
0.9136655330657959,8323558
0.9136724472045898,8323558
1.3597912788391113,8278522
1.742931604385376,8278522
2.183825731277466,8278522
2.9267385005950928,8278522
3.30724835395813,8278522
3.7452151775360107,8278522
4.300884962081909,8278522
4.680441379547119,8236078
5.055517673492432,8236078
5.441860914230347,8236078
5.878886699676514,8236078
6.432644844055176,8236078
7.037470102310181,8236078
7.467557191848755,8236078
88.72314739227295,8226130
153.7535583972931,8226130
247.18685388565063,8203982
247.18686628341675,8203982
