Time,Objective value
0.08860564231872559,153856
0.08861231803894043,153856
0.17654085159301758,153856
0.2647743225097656,153856
0.3540205955505371,153186
0.44198131561279297,153186
0.530200719833374,153170
0.6193039417266846,153170
0.7076265811920166,153170
0.7964584827423096,153170
0.8862700462341309,153170
0.9755713939666748,153170
1.0638411045074463,153170
1.1531038284301758,153170
1.2413160800933838,153170
1.3298804759979248,153170
1.4186737537384033,153170
1.5063321590423584,153170
1.5944364070892334,153170
1.6825368404388428,153170
1.7708921432495117,153170
1.860579252243042,153170
1.9488050937652588,153170
2.0367467403411865,153170
2.1261656284332275,153170
2.2140026092529297,153170
2.2140095233917236,153170
