Time,Objective value
0.014821767807006836,162782
0.014827728271484375,162782
0.030404329299926758,162782
0.04536128044128418,162782
0.06056785583496094,162782
0.07625818252563477,162782
0.09153890609741211,162782
0.10691690444946289,162782
0.12196993827819824,162782
0.13730072975158691,162782
0.15280485153198242,162782
0.16798615455627441,162782
0.18327736854553223,162042
0.19849348068237305,162042
0.2138051986694336,162042
0.22900080680847168,162042
0.24418997764587402,162042
0.2595243453979492,162042
0.27469372749328613,162042
0.2900855541229248,161552
0.30550456047058105,161552
0.32111167907714844,161552
0.3366100788116455,161552
0.35214924812316895,161552
0.36757516860961914,161552
0.38288116455078125,161552
0.382887601852417,161552
