Time,Objective value
0.014632701873779297,164114
0.01463937759399414,164114
0.03235149383544922,161370
0.06370830535888672,161370
0.09709644317626953,161370
0.1282360553741455,161370
0.15952324867248535,161370
0.19205331802368164,161370
0.22417092323303223,161370
0.2558462619781494,161370
0.2870008945465088,161370
0.31807637214660645,161370
0.3510570526123047,161370
0.383345365524292,161370
0.4152717590332031,161370
0.44614648818969727,161370
0.4792816638946533,160480
0.509962797164917,160480
0.5409958362579346,160480
0.5722365379333496,160480
0.6031773090362549,160480
0.6340746879577637,160480
0.6656899452209473,160480
0.6961531639099121,160480
0.7269444465637207,160480
0.7557082176208496,160480
0.7557218074798584,160480
