Time,Objective value
0.02920842170715332,163030
0.02921772003173828,163030
0.06162524223327637,162998
0.09293174743652344,162998
0.12432003021240234,162104
0.15642976760864258,162104
0.18958258628845215,162104
0.22238993644714355,162104
0.2546391487121582,162104
0.2863881587982178,162104
0.318270206451416,162104
0.350726842880249,162104
0.3840291500091553,160868
0.41600584983825684,160868
0.44828224182128906,160868
0.47983217239379883,160868
0.5127081871032715,160868
0.5442819595336914,160868
0.5745875835418701,160868
0.6051664352416992,160868
0.6340844631195068,160868
0.6613030433654785,160868
0.6880772113800049,160868
0.7142765522003174,160868
0.7307150363922119,160868
0.7461860179901123,160868
0.7461934089660645,160868
