Time,Objective value
0.014716625213623047,163700
0.014722108840942383,163700
0.02973175048828125,162750
0.0447232723236084,162750
0.06043839454650879,162032
0.07541131973266602,162032
0.09067368507385254,161622
0.1057443618774414,161622
0.12071847915649414,161622
0.13611841201782227,161622
0.15166687965393066,161622
0.1661839485168457,161622
0.18111419677734375,161622
0.19620513916015625,161622
0.21105360984802246,161622
0.22632765769958496,161120
0.24175262451171875,161120
0.25721263885498047,160920
0.2722764015197754,160798
0.2879331111907959,160798
0.3034226894378662,160798
0.31879496574401855,160798
0.33440732955932617,160798
0.3502669334411621,160798
0.3657369613647461,160798
0.3810756206512451,160798
0.38108205795288086,160798
