Time,Objective value
0.027554750442504883,12490441
0.027561187744140625,12490441
0.02756810188293457,12490441
