Time,Objective value
0.027997732162475586,12490441
0.02800464630126953,12490441
0.028011322021484375,12490441
