Time,Objective value
0.04925084114074707,12490441
0.04926156997680664,12490441
0.04927349090576172,12490441
