Time,Objective value
0.056817054748535156,12490441
0.05682849884033203,12490441
0.05684089660644531,12490441
