Time,Objective value
0.034470319747924805,12490441
0.03448128700256348,12490441
0.03449225425720215,12490441
