Time,Objective value
0.02756214141845703,12490441
0.02757120132446289,12490441
0.02757883071899414,12490441
