Time,Objective value
0.015895605087280273,7500696
0.01590418815612793,7500696
0.015911340713500977,7500696
