Time,Objective value
0.01562190055847168,7483580
0.01563096046447754,7483580
0.015638351440429688,7483580
