Time,Objective value
0.01897144317626953,7483580
0.01897740364074707,7483580
0.018984079360961914,7483580
