Time,Objective value
0.02301478385925293,7518140
0.02302241325378418,7518140
0.023029565811157227,7518140
