Time,Objective value
0.01606893539428711,7510834
0.016077518463134766,7510834
0.01608586311340332,7510834
