Time,Objective value
0.02409076690673828,7513662
0.024097442626953125,7513662
0.02410411834716797,7513662
