Time,Objective value
0.0007929801940917969,58702
0.001996278762817383,52544
0.0034818649291992188,51004
0.0049664974212646484,50694
0.0064678192138671875,50566
0.00795292854309082,50332
0.009459733963012695,50168
0.010953903198242188,50056
0.012449979782104492,49806
0.013942718505859375,49630
0.01543736457824707,49558
0.016937255859375,49488
0.018465757369995117,49452
0.019953250885009766,49432
0.02145695686340332,49418
0.022948503494262695,49386
0.024445533752441406,49386
0.025931358337402344,49350
0.027435302734375,49350
0.028927087783813477,49350
0.030416488647460938,49350
0.03190779685974121,49338
0.03340482711791992,49332
0.03489828109741211,49324
0.036400556564331055,49324
0.03789234161376953,49292
0.03938937187194824,49292
0.04088258743286133,49292
0.04238414764404297,49292
0.043883562088012695,49292
0.045385122299194336,49292
0.04689478874206543,49292
0.04839491844177246,49292
0.04988861083984375,49292
0.051393747329711914,49292
0.05289816856384277,49292
0.05441451072692871,49292
0.05592179298400879,49292
0.05744814872741699,49292
0.058959245681762695,49292
0.060480594635009766,49292
0.06199288368225098,49292
0.06351923942565918,49292
0.06504011154174805,49292
0.06657195091247559,49292
0.06809830665588379,49292
0.06962871551513672,49292
0.07114672660827637,49292
0.07267403602600098,49292
0.07419323921203613,49292
0.07572579383850098,49292
0.07726430892944336,49292
0.0787806510925293,49292
0.08029866218566895,49292
0.08180904388427734,49292
0.08334231376647949,49292
0.0846853256225586,49292
0.08586406707763672,49292
0.08708453178405762,49292
0.08838438987731934,49292
0.09010434150695801,49292
0.09158730506896973,49292
0.09285569190979004,49292
0.09412670135498047,49292
0.09541130065917969,49292
0.09670376777648926,49292
0.09802389144897461,49292
0.09931635856628418,49292
0.10057234764099121,49292
0.1018056869506836,49292
0.10303688049316406,49292
0.10430216789245605,49292
0.10552072525024414,49292
0.1067812442779541,49292
0.10804343223571777,49292
0.10952377319335938,49292
0.1110541820526123,49292
0.11276102066040039,49292
0.11452794075012207,49292
0.1160132884979248,49292
0.11603331565856934,49292
