Time,Objective value
0.0004870891571044922,58674
0.00107574462890625,53332
0.0026330947875976562,51078
0.0034241676330566406,50540
0.004220008850097656,50068
0.005773067474365234,49862
0.006567716598510742,49768
0.007347583770751953,49740
0.008126497268676758,49740
0.009686470031738281,49728
0.010468244552612305,49616
0.011245250701904297,49616
0.01201772689819336,49616
0.013568639755249023,49582
0.014344453811645508,49582
0.015117168426513672,49582
0.016688823699951172,49570
0.01746654510498047,49530
0.01824212074279785,49530
0.019014358520507812,49530
0.020564556121826172,49522
0.021340370178222656,49522
0.022113561630249023,49522
0.023662567138671875,49522
0.024437427520751953,49522
0.025214433670043945,49522
0.026766300201416016,49522
0.027543067932128906,49522
0.02831888198852539,49522
0.02909088134765625,49522
0.0306396484375,49522
0.03141474723815918,49522
0.032190799713134766,49522
0.033736467361450195,49522
0.03451347351074219,49522
0.03530168533325195,49522
0.03607606887817383,49522
0.037653446197509766,49522
0.03843855857849121,49522
0.03921961784362793,49522
0.04079127311706543,49522
0.041574716567993164,49522
0.04235410690307617,49522
0.04313969612121582,49522
0.04472541809082031,49522
0.04550600051879883,49522
0.04631662368774414,49522
0.04709434509277344,49522
0.04865121841430664,49522
0.04945039749145508,49522
0.05023312568664551,49522
0.05100727081298828,49522
0.05257153511047363,49522
0.05335497856140137,49522
0.05413413047790527,49522
0.05571293830871582,49522
0.05650949478149414,49522
0.05729508399963379,49522
0.05808377265930176,49522
0.05968523025512695,49522
0.06047487258911133,49522
0.06126666069030762,49522
0.062052249908447266,49522
0.06206083297729492,49522
