Time,Objective value
0.0005030632019042969,58688
0.001394033432006836,52918
0.0021686553955078125,51888
0.003721475601196289,51298
0.004508495330810547,51020
0.005289316177368164,50854
0.006062507629394531,50446
0.007629871368408203,50306
0.00841069221496582,50306
0.009185075759887695,50284
0.01075887680053711,50132
0.011538982391357422,50090
0.012315511703491211,50026
0.01308751106262207,49912
0.014652013778686523,49816
0.015429019927978516,49796
0.016201496124267578,49796
0.017768144607543945,49720
0.018544912338256836,49656
0.019321203231811523,49654
0.02009415626525879,49590
0.021652698516845703,49588
0.022428274154663086,49588
0.023199796676635742,49588
0.024747371673583984,49588
0.025522470474243164,49588
0.026298046112060547,49588
0.0270693302154541,49588
0.02861499786376953,49588
0.029388904571533203,49588
0.030159950256347656,49588
0.031716108322143555,49588
0.03249192237854004,49588
0.03326582908630371,49588
0.03403639793395996,49588
0.03559064865112305,49588
0.036366939544677734,49588
0.037138938903808594,49588
0.038686513900756836,49588
0.039461612701416016,49588
0.04024338722229004,49588
0.04101681709289551,49588
0.04256582260131836,49588
0.04334115982055664,49588
0.0441126823425293,49588
0.04566073417663574,49588
0.04643535614013672,49588
0.04720759391784668,49588
0.048754215240478516,49588
0.049530029296875,49588
0.05030989646911621,49588
0.051090240478515625,49588
0.05313372611999512,49588
0.05486011505126953,49588
0.05649375915527344,49588
0.05776214599609375,49588
0.059031009674072266,49588
0.06032443046569824,49588
0.06162714958190918,49588
0.0629265308380127,49588
0.064178466796875,49588
0.06544113159179688,49588
0.06665945053100586,49588
0.0678398609161377,49588
0.06902360916137695,49588
0.06903553009033203,49588
