Time,Objective value
6.531080961227417,154400
6.531792879104614,154400
10.089837551116943,153132
13.506168603897095,153090
16.7624249458313,153044
20.327398538589478,153012
23.888540983200073,152960
26.98742413520813,152842
30.437275886535645,152842
33.6664252281189,152812
37.01280188560486,152776
39.91377663612366,152776
43.20314145088196,152776
46.12869381904602,152582
48.8208532333374,152582
51.68845772743225,152582
54.68296456336975,152548
57.41881203651428,152548
60.42622232437134,152548
63.596569299697876,152548
66.74746370315552,152476
69.55346584320068,152456
72.55645847320557,152456
75.53360939025879,152456
78.2463309764862,152456
81.11689114570618,152456
83.7897436618805,152456
86.63860511779785,152456
89.42148542404175,152442
92.75374102592468,152428
96.00669646263123,152412
98.96203255653381,152412
101.58119583129883,152412
101.58186435699463,152412
