Time,Objective value
9.7583167552948,154162
9.759611368179321,154162
15.73838186264038,153378
20.533244371414185,153042
23.703473329544067,152972
27.067392826080322,152946
31.685675382614136,152946
35.91142392158508,152946
41.051636934280396,152732
44.695568561553955,152696
48.295665979385376,152610
51.702871322631836,152604
57.08819055557251,152538
60.229448318481445,152538
65.47780132293701,152538
69.80420184135437,152524
73.95272564888,152498
78.84003829956055,152498
82.20529651641846,152498
86.06651711463928,152498
91.62588715553284,152498
96.3707492351532,152478
101.65988063812256,152478
101.66113328933716,152478
