Time,Objective value
6.938461780548096,154334
6.9391725063323975,154334
10.409285068511963,153032
13.752366304397583,153032
17.22270369529724,153032
20.33683156967163,152980
25.241650819778442,152980
28.586044311523438,152954
31.7607524394989,152828
37.45415234565735,152822
43.598427057266235,152822
50.5214900970459,152822
57.083717346191406,152822
63.85984754562378,152734
70.24637532234192,152698
76.85325384140015,152698
82.8197808265686,152654
88.89935731887817,152654
92.19685339927673,152654
97.14561748504639,152632
100.11817336082458,152606
100.11885786056519,152606
