Time,Objective value
1.6267950534820557,15182631
1.626875400543213,15182631
2.0894384384155273,15116687
2.6437957286834717,15090721
3.546114444732666,15083245
4.626301288604736,15083245
5.191744804382324,15072514
5.768487453460693,15059964
6.4047768115997314,15059964
7.009060859680176,15059964
7.504461288452148,15059964
8.120345115661621,15059964
8.785760879516602,15059964
9.577634334564209,15059964
10.196252346038818,15059964
10.97192931175232,15040195
12.282663106918335,15040195
13.54754638671875,15040195
14.095721006393433,15028533
14.746033430099487,15028533
15.235229253768921,15022200
15.837082386016846,15020188
16.411622762680054,14985026
17.17490792274475,14985026
17.744682550430298,14962985
18.25960946083069,14962985
18.753716468811035,14962985
19.25321650505066,12490441
19.8813214302063,12490441
20.715813875198364,12490441
21.664817810058594,12490441
23.37346386909485,12490441
24.95560050010681,12490441
26.162893772125244,12490441
27.81730008125305,12490441
28.362348794937134,12490441
29.379900217056274,12490441
30.008328199386597,12490441
31.511263132095337,12490441
33.0146107673645,12490441
33.797478437423706,12490441
34.7337007522583,12490441
35.86548113822937,12490441
36.723921060562134,12490441
37.356566190719604,12490441
37.94575381278992,12490441
38.787792921066284,12490441
39.58778238296509,12490441
40.28676629066467,12490441
40.87066292762756,12490441
41.99066638946533,12490441
43.39764761924744,12490441
44.46372318267822,12490441
45.189411878585815,12490441
46.66246223449707,12490441
48.268152952194214,12490441
48.87995147705078,12490441
50.05294990539551,12490441
51.52875351905823,12490441
52.84207272529602,12490441
53.85197472572327,12490441
55.649826765060425,12490441
56.325209856033325,12490441
57.02180624008179,12490441
58.542139530181885,12490441
60.086716651916504,12490441
61.13160705566406,12490441
61.92939519882202,12490441
62.67432880401611,12490441
63.489293813705444,12490441
64.0999698638916,12490441
64.82536673545837,12490441
65.98793125152588,12490441
67.52653360366821,12490441
68.94679975509644,12490441
69.71086764335632,12490441
70.42000126838684,12490441
71.54421210289001,12490441
72.43297004699707,12490441
73.51625394821167,12490441
75.12578582763672,12490441
76.7971076965332,12490441
78.05403232574463,12490441
79.49531435966492,12490441
81.0996835231781,12490441
81.09978365898132,12490441
