Time,Objective value
1.4770424365997314,49912
1.4773602485656738,49912
2.3320419788360596,49004
3.143489360809326,48918
3.9546265602111816,48838
4.7652716636657715,48796
5.59097146987915,48796
6.28460168838501,48762
6.815199851989746,48730
7.64983344078064,48730
8.449116468429565,48730
9.123751163482666,48730
9.984421491622925,48696
10.4362313747406,48690
10.808472633361816,48690
11.198198080062866,48664
11.823458194732666,48664
12.617356777191162,48664
13.334514379501343,48664
13.748723268508911,48664
14.136838912963867,48660
14.49358344078064,48616
14.941919565200806,48616
15.309992790222168,48616
16.082130193710327,48616
16.573160648345947,48616
16.906903505325317,48616
17.263293981552124,48606
17.68338441848755,48586
18.05531644821167,48582
18.85901141166687,48582
19.751521587371826,48582
20.662527084350586,48582
21.454939126968384,48582
22.15131139755249,48582
22.77235984802246,48582
23.647570371627808,48582
24.42837119102478,48580
25.122677326202393,48562
25.84440016746521,48562
26.38079023361206,48562
26.83631658554077,48562
27.272339820861816,48530
27.745547771453857,48516
28.1736843585968,48516
28.635998010635376,48516
29.115912675857544,48516
29.531839847564697,48516
29.908535957336426,48516
30.513707160949707,48510
31.404860019683838,48510
32.41407036781311,48510
33.40304446220398,48510
34.2109169960022,48508
35.092859506607056,48508
35.92071509361267,48508
36.643826961517334,48508
37.49825978279114,48508
38.25030016899109,48508
39.00895667076111,48508
39.59635877609253,48508
40.015655755996704,48508
40.616207122802734,48508
41.519837379455566,48508
41.52013444900513,48508
