Time,Objective value
0.7491073608398438,49380
0.7492847442626953,49380
1.2575724124908447,49036
1.7016193866729736,49022
2.129581928253174,48992
2.556086778640747,48942
2.9560067653656006,48942
3.312443494796753,48886
3.651355743408203,48886
4.0780556201934814,48886
4.4448935985565186,48886
4.828737020492554,48886
5.142106533050537,48848
5.538221836090088,48810
5.913737058639526,48810
6.280085563659668,48790
6.630698204040527,48790
7.084889650344849,48790
7.562740325927734,48790
8.026246309280396,48790
8.463186025619507,48790
8.922829627990723,48790
9.325603723526001,48790
9.751087188720703,48790
10.204366683959961,48788
10.649932384490967,48788
11.03285837173462,48762
11.429409980773926,48762
11.834539651870728,48746
12.211585998535156,48746
12.625291347503662,48746
13.072177648544312,48732
13.446608781814575,48732
13.839438438415527,48732
14.247771739959717,48732
14.743793725967407,48732
15.248135805130005,48732
15.695717096328735,48732
16.133164882659912,48732
16.621154308319092,48732
17.05436635017395,48732
17.475772619247437,48732
17.92103099822998,48732
18.36352300643921,48732
18.723233938217163,48700
19.110549211502075,48700
19.53307557106018,48700
19.957852125167847,48700
20.431572198867798,48700
21.338796615600586,48700
22.284597396850586,48700
23.157825708389282,48700
23.55716371536255,48700
23.939326763153076,48690
24.359468698501587,48690
25.121811151504517,48690
26.05240225791931,48690
26.803089141845703,48690
27.538697004318237,48672
28.05816102027893,48672
28.644641399383545,48658
29.093902587890625,48658
29.526398181915283,48658
30.29392147064209,48582
31.232710361480713,48582
32.069802045822144,48582
32.834187507629395,48582
33.72021245956421,48582
34.54715442657471,48536
35.45566487312317,48536
35.9042694568634,48536
36.309956550598145,48536
36.77860379219055,48536
37.28784966468811,48536
37.73992872238159,48536
38.55140709877014,48536
38.897560834884644,48536
39.46733069419861,48536
40.33978891372681,48536
41.197336196899414,48536
41.197656869888306,48536
