Time,Objective value
0.7271852493286133,49770
0.7273745536804199,49770
1.1353509426116943,49108
1.5055711269378662,49026
1.8992249965667725,48870
2.3680050373077393,48870
2.7505338191986084,48688
3.125983238220215,48678
3.744314432144165,48678
4.533724784851074,48676
5.370124340057373,48676
6.171232223510742,48676
7.062805414199829,48676
7.708369731903076,48676
8.172034978866577,48676
8.554802894592285,48674
8.956087112426758,48670
9.356841802597046,48670
9.685800075531006,48670
10.022183656692505,48670
10.32035231590271,48660
10.733449935913086,48660
11.104371547698975,48660
11.701820850372314,48660
12.398372411727905,48660
12.846433877944946,48660
13.169511795043945,48660
13.737723588943481,48660
14.62308144569397,48660
15.411369323730469,48660
16.142229318618774,48606
16.822026252746582,48606
17.493250846862793,48606
18.329457998275757,48606
19.198724269866943,48606
19.871615648269653,48606
20.800013542175293,48606
21.492321968078613,48606
22.00869870185852,48606
22.43848204612732,48606
22.857577323913574,48606
23.179610013961792,48606
23.610188722610474,48606
23.974467992782593,48606
24.33616042137146,48606
24.72342801094055,48606
25.149037837982178,48606
25.63600993156433,48606
26.07677435874939,48606
26.49252223968506,48606
26.924780130386353,48606
27.362144947052002,48598
27.78704810142517,48598
28.18495535850525,48598
28.53016185760498,48598
28.9125337600708,48598
29.258108615875244,48598
29.63905620574951,48598
30.00490665435791,48598
30.404078722000122,48598
30.744649648666382,48598
31.06219458580017,48598
31.416964530944824,48598
32.21704888343811,48598
32.93919229507446,48598
33.77855658531189,48574
34.599382638931274,48574
35.33217740058899,48574
35.69019865989685,48574
36.03516674041748,48574
36.38705325126648,48574
36.70462393760681,48574
37.009427309036255,48566
37.38969349861145,48554
37.79149007797241,48554
38.154651165008545,48554
38.51732087135315,48554
38.93508267402649,48534
39.351665019989014,48534
39.74557375907898,48534
40.151288747787476,48534
40.88628387451172,48528
41.69881749153137,48528
41.69898962974548,48528
