Time,Objective value
1.1394400596618652,49154
1.1396186351776123,49154
1.5818843841552734,48964
1.9425861835479736,48958
2.329249620437622,48810
2.7922167778015137,48810
3.1860151290893555,48810
3.636604070663452,48782
4.027154207229614,48782
4.359195232391357,48782
4.75465726852417,48752
5.21081805229187,48752
5.60969090461731,48734
5.973859071731567,48734
6.283780813217163,48734
6.632349252700806,48734
7.005192518234253,48730
7.376986742019653,48730
7.733651638031006,48730
8.153051137924194,48728
8.578737020492554,48708
9.000431060791016,48708
9.40252947807312,48676
9.751554489135742,48676
10.066900730133057,48676
10.411226511001587,48652
10.818364381790161,48634
11.125352144241333,48630
11.436503648757935,48630
11.853128671646118,48630
12.219516038894653,48630
12.583610773086548,48630
12.938016176223755,48630
13.27144455909729,48630
13.673278570175171,48630
14.022856712341309,48628
14.674662113189697,48628
15.409566640853882,48620
16.115244388580322,48620
16.78841733932495,48620
17.43299961090088,48620
18.056939601898193,48620
18.70176601409912,48620
19.374426126480103,48620
19.753735303878784,48620
20.188254833221436,48596
20.615767240524292,48596
20.97231411933899,48596
21.335224628448486,48596
21.67502784729004,48596
22.03978133201599,48596
22.46458864212036,48594
22.867647886276245,48568
23.271095037460327,48568
24.117961168289185,48568
24.92189860343933,48550
25.53593373298645,48550
25.95016646385193,48550
26.984299182891846,48550
27.861891508102417,48550
28.840869665145874,48550
29.682839155197144,48536
30.35942029953003,48536
30.771435976028442,48536
31.157142639160156,48536
31.609918355941772,48536
31.99156880378723,48536
32.41119861602783,48536
32.98907828330994,48536
33.88820767402649,48528
34.39131999015808,48528
34.832146883010864,48528
35.24702572822571,48528
35.670472383499146,48528
36.05507278442383,48528
36.40306806564331,48520
36.743706941604614,48520
37.10425019264221,48508
37.55313777923584,48508
38.045650005340576,48508
38.82471990585327,48508
39.823381423950195,48508
40.58728814125061,48508
41.34911298751831,48508
41.34942412376404,48508
