Time,Objective value
5.5750651359558105,150420
5.5754311084747314,150420
8.147030591964722,149024
9.831857681274414,148978
11.430983781814575,148784
13.208822250366211,148722
14.808502912521362,148682
16.407458543777466,148516
18.04657506942749,148386
19.667155742645264,148386
21.235177516937256,148386
22.86127543449402,148376
24.607157707214355,148360
26.830559492111206,148360
29.011181354522705,148360
30.520752429962158,148360
32.880284786224365,148356
34.49682426452637,148356
36.1164653301239,148356
39.703449010849,148354
43.049973011016846,148354
45.1701385974884,148282
46.75269079208374,148282
48.819223165512085,148282
50.640235900878906,148282
53.03772974014282,148282
54.43955397605896,148282
55.71292209625244,148282
57.51421546936035,148282
58.99570631980896,148282
60.71230745315552,148282
64.38072276115417,148282
65.88220024108887,148282
67.81371641159058,148282
70.9657690525055,148282
73.13454842567444,148282
74.66104173660278,148282
76.59491348266602,148282
80.28837656974792,148282
82.04057049751282,148282
83.93850374221802,148282
85.65402507781982,148282
89.11740350723267,148270
92.4617269039154,148270
93.91417694091797,148270
96.75339365005493,148270
100.46978259086609,148270
100.46998810768127,148270
