Time,Objective value
0.004570722579956055,17997928
0.004584550857543945,17997928
0.004602193832397461,17997928
