Time,Objective value
0.001561880111694336,17997928
0.0015687942504882812,17997928
0.001575469970703125,17997928
