Time,Objective value
0.0028121471405029297,17997928
0.0028228759765625,17997928
0.0028345584869384766,17997928
