Time,Objective value
0.0023818016052246094,17997928
0.00238800048828125,17997928
0.0023949146270751953,17997928
