Time,Objective value
0.001794576644897461,17997928
0.0018012523651123047,17997928
0.0018084049224853516,17997928
