Time,Objective value
0.0018451213836669922,17997928
0.0018529891967773438,17997928
0.0018608570098876953,17997928
