Time,Objective value
0.0016984939575195312,17997928
0.0017063617706298828,17997928
0.0017132759094238281,17997928
