Time,Objective value
0.0017442703247070312,2860
0.0017521381378173828,2860
0.0017588138580322266,2860
