Time,Objective value
0.0027399063110351562,3010
0.002751588821411133,3010
0.0027670860290527344,3010
