Time,Objective value
0.001705169677734375,3000
0.0017132759094238281,3000
0.0017201900482177734,3000
