Time,Objective value
0.0019061565399169922,3514
0.0019142627716064453,3514
0.0019233226776123047,3514
