Time,Objective value
0.0014865398406982422,3172
0.0014934539794921875,3172
0.001501321792602539,3172
