Time,Objective value
0.0007507801055908203,177082
0.0010640621185302734,173584
0.0033273696899414062,160910
0.0061495304107666016,156804
0.008979558944702148,155490
0.011789321899414062,154700
0.014602899551391602,154100
0.017432212829589844,153772
0.020272493362426758,153634
0.023102521896362305,153316
0.025935649871826172,153026
0.028797626495361328,152938
0.03162670135498047,152914
0.03447103500366211,152798
0.03731513023376465,152778
0.04016876220703125,152778
0.04302406311035156,152704
0.04587888717651367,152618
0.04875016212463379,152612
0.05160689353942871,152504
0.05446314811706543,152468
0.05732870101928711,152468
0.06021285057067871,152466
0.06310129165649414,152466
0.06599092483520508,152406
0.06890511512756348,152370
0.07179951667785645,152370
0.07470417022705078,152354
0.07760500907897949,152354
0.08050680160522461,152330
0.08340883255004883,152330
0.08630990982055664,152330
0.08925485610961914,152328
0.09218621253967285,152328
0.09513378143310547,152328
0.09808659553527832,152328
0.10103392601013184,152322
0.10396885871887207,152278
0.10691452026367188,152278
0.10989189147949219,152278
0.1128532886505127,152278
0.11580181121826172,152278
0.11875653266906738,152278
0.12169599533081055,152278
0.12467575073242188,152278
0.12763333320617676,152278
0.1306324005126953,152278
0.13361811637878418,152278
0.13659453392028809,152278
0.13959622383117676,152278
0.1425797939300537,152278
0.14556050300598145,152278
0.14855360984802246,152278
0.14856624603271484,152278
