Time,Objective value
0.0005431175231933594,176290
0.0017464160919189453,161092
0.0035483837127685547,157790
0.005351066589355469,156318
0.007166147232055664,155506
0.00897073745727539,154984
0.010773420333862305,154818
0.012573957443237305,154634
0.014376640319824219,154460
0.01618671417236328,154342
0.01800251007080078,154276
0.019806861877441406,154194
0.021610021591186523,154036
0.023415088653564453,153956
0.02521991729736328,153938
0.027033090591430664,153850
0.028838634490966797,153724
0.03064441680908203,153576
0.03244781494140625,153576
0.03425145149230957,153576
0.03606128692626953,153520
0.03786492347717285,153520
0.039669036865234375,153488
0.04147028923034668,153458
0.0432741641998291,153458
0.045076608657836914,153432
0.04688882827758789,153408
0.04869437217712402,153380
0.05049562454223633,153340
0.052297115325927734,153260
0.05410122871398926,153198
0.05591130256652832,153194
0.05771207809448242,153194
0.05951237678527832,153160
0.061315059661865234,153078
0.06311941146850586,153024
0.06492114067077637,153024
0.06673192977905273,153024
0.06853342056274414,153024
0.07033538818359375,153014
0.07213854789733887,153012
0.07394289970397949,153012
0.07575249671936035,153006
0.07755589485168457,152994
0.07935833930969238,152994
0.0811607837677002,152994
0.0829627513885498,152982
0.08476734161376953,152982
0.08658266067504883,152982
0.08840632438659668,152982
0.09026312828063965,152982
0.09211540222167969,152982
0.09212565422058105,152982
