Time,Objective value
0.0006375312805175781,176176
0.0021979808807373047,161940
0.004111766815185547,158148
0.005939006805419922,156232
0.007754325866699219,154884
0.009564638137817383,154552
0.011382341384887695,154000
0.013200998306274414,153558
0.015007495880126953,153466
0.016815662384033203,153252
0.018624067306518555,153112
0.0204317569732666,152810
0.022241592407226562,152528
0.024060726165771484,152208
0.025868892669677734,152026
0.027680397033691406,151946
0.029490947723388672,151910
0.03130030632019043,151806
0.03311586380004883,151806
0.03492283821105957,151784
0.03673195838928223,151776
0.03854107856750488,151668
0.040351152420043945,151634
0.0421595573425293,151634
0.043973684310913086,151588
0.04578542709350586,151512
0.04759407043457031,151508
0.04940223693847656,151508
0.051209449768066406,151508
0.053015947341918945,151500
0.05483222007751465,151500
0.05664324760437012,151500
0.05845141410827637,151500
0.06026101112365723,151500
0.06206679344177246,151500
0.06388092041015625,151484
0.06569218635559082,151484
0.06750249862670898,151484
0.06931090354919434,151484
0.07111954689025879,151484
0.07292532920837402,151482
0.07474017143249512,151482
0.07655072212219238,151482
0.07836031913757324,151482
0.0801687240600586,151482
0.08197593688964844,151458
0.08379411697387695,151458
0.08560466766357422,151406
0.08741259574890137,151406
0.08922791481018066,151406
0.09106135368347168,151360
0.09290361404418945,151360
0.09291267395019531,151360
