Time,Objective value
0.0005614757537841797,177814
0.0019719600677490234,161754
0.0037848949432373047,158178
0.00611424446105957,156712
0.007949352264404297,155134
0.009761333465576172,154586
0.011598825454711914,154044
0.013406038284301758,153760
0.015231847763061523,153496
0.01770806312561035,153326
0.021464824676513672,153136
0.02520895004272461,153018
0.02896261215209961,152744
0.03272414207458496,152608
0.03647494316101074,152490
0.04022407531738281,152394
0.043984174728393555,152236
0.04773283004760742,152086
0.051491498947143555,151980
0.05524039268493652,151936
0.05898857116699219,151852
0.06274533271789551,151826
0.06649327278137207,151786
0.07024025917053223,151738
0.07399368286132812,151618
0.07773947715759277,151606
0.08149337768554688,151514
0.08526206016540527,151496
0.08909988403320312,151496
0.09296917915344238,151410
0.09681296348571777,151374
0.10064983367919922,151342
0.1044778823852539,151288
0.10835647583007812,151248
0.11233901977539062,151248
0.11625909805297852,151222
0.12015509605407715,151206
0.12402749061584473,151206
0.12784361839294434,151148
0.13176918029785156,151136
0.13567686080932617,151136
0.13957476615905762,151068
0.14349794387817383,151032
0.14738941192626953,151032
0.15124058723449707,151032
0.15514492988586426,151032
0.15904998779296875,151006
0.1629495620727539,151006
0.16681885719299316,151006
0.17070436477661133,150990
0.17455768585205078,150990
0.17842674255371094,150986
0.17844533920288086,150986
