Time,Objective value
1.0388884544372559,7458186
1.0395872592926025,7458186
1.6689558029174805,7423162
2.3130621910095215,7410646
3.3206193447113037,7394020
3.9787278175354004,7381686
4.62237024307251,7381686
5.226850271224976,7369756
5.825681447982788,7366196
6.41629958152771,7356382
7.068018436431885,7356382
7.700214385986328,7336520
8.338623762130737,7336520
8.963289499282837,7336520
9.58728814125061,7336520
10.294737339019775,7336520
10.924085140228271,7336520
11.669452905654907,7327132
12.300987720489502,7327132
13.059139490127563,7327132
13.655097246170044,7327132
14.287821292877197,7327132
14.94097900390625,7323680
15.637702703475952,7323680
16.244919776916504,7323680
16.873847723007202,7323680
17.513123273849487,7323680
18.150455474853516,7309722
18.783317804336548,7309722
19.443649530410767,7309722
20.04417109489441,7309722
20.74490523338318,7309722
21.329949617385864,7309722
21.988473176956177,7309722
22.822858810424805,7309722
24.21428656578064,7309722
25.514946699142456,7309722
26.783793210983276,7309722
27.52808380126953,7309722
28.342358350753784,7309722
28.998706817626953,7309722
29.737654447555542,7309722
30.412967443466187,7309722
31.404316425323486,7309722
32.03918957710266,7309722
32.71205520629883,7309722
33.37281799316406,7309722
34.007622480392456,7309722
34.64536738395691,7309722
35.24350666999817,7309722
35.89738583564758,7309722
36.515604734420776,7309722
36.51618814468384,7309722
