Time,Objective value
1.674656629562378,7501136
1.675245761871338,7501136
2.261054277420044,7385376
3.515404224395752,7385376
4.853996276855469,7357694
5.9446351528167725,7357694
6.772181272506714,7357694
7.38222599029541,7349688
8.006703615188599,7349688
8.70121717453003,7349688
9.46380877494812,7349688
10.779727458953857,7349688
12.14872932434082,7349688
13.38581395149231,7349688
14.039352655410767,7349688
14.628145456314087,7348444
15.203372955322266,7348444
15.89910888671875,7348444
16.51746129989624,7345206
17.147887468338013,7328852
17.75493288040161,7328852
18.311811208724976,7328658
19.053314924240112,7322086
19.745763540267944,7322086
20.433415412902832,7322086
21.131683349609375,7322086
21.789052963256836,7322086
22.43150520324707,7322086
23.112654447555542,7322086
23.717397928237915,7316180
24.40031886100769,7316180
25.054197549819946,7316180
25.708048105239868,7316180
26.373157739639282,7316180
26.88384246826172,7316180
27.504936933517456,7316180
28.067097187042236,7316180
28.72652316093445,7316180
29.35122799873352,7316180
30.02998185157776,7316180
30.63522720336914,7309560
31.328808784484863,7309560
31.948704719543457,7309560
32.51139235496521,7309560
33.20828700065613,7309560
33.861719846725464,7309560
34.49595022201538,7309560
35.150813817977905,7309560
35.760618686676025,7309560
36.43672013282776,7309560
36.43731999397278,7309560
