Time,Objective value
0.19257831573486328,68406
0.19258713722229004,68406
0.38433003425598145,68406
0.5547080039978027,68406
0.7559905052185059,68200
0.934107780456543,68200
1.123896598815918,68016
1.2989063262939453,68016
1.493372917175293,67818
1.669368028640747,67818
1.839493989944458,67796
2.012535572052002,67540
2.183928966522217,67540
2.3149499893188477,67540
2.409153699874878,67540
2.512481451034546,67124
2.6141209602355957,67124
2.7189152240753174,67124
2.8209445476531982,67124
2.9200637340545654,67124
3.0248844623565674,67124
3.12140154838562,67124
3.2173428535461426,67124
3.310622453689575,67124
3.4080262184143066,67124
3.503856658935547,67124
3.5038645267486572,67124
