Time,Objective value
0.19966936111450195,67844
0.19967985153198242,67844
0.4058656692504883,67380
0.5854346752166748,67380
0.7655539512634277,67380
0.9387967586517334,67380
1.1099421977996826,67380
1.3230719566345215,67380
1.4743127822875977,67380
1.6383967399597168,67380
1.832975149154663,67168
2.0166962146759033,67168
2.2171130180358887,67168
2.4001290798187256,67168
2.5948126316070557,67168
2.773526430130005,67168
2.939865827560425,67168
3.1241791248321533,67168
3.330872058868408,67168
3.514735460281372,67168
3.7023909091949463,67168
3.858970880508423,67168
4.0376904010772705,67168
4.208700180053711,67168
4.387166500091553,67168
4.553682327270508,67168
4.553695917129517,67168
