Time,Objective value
0.11302423477172852,68420
0.11303114891052246,68420
0.20880460739135742,67874
0.31089258193969727,67874
0.42307281494140625,67360
0.524773359298706,67360
0.6374354362487793,67200
0.7386066913604736,67200
0.8385975360870361,67200
0.9377217292785645,67200
1.0500030517578125,67200
1.1513829231262207,67200
1.249840259552002,67200
1.349217414855957,67200
1.4476253986358643,67200
1.550696849822998,67200
1.6658167839050293,67200
1.7626094818115234,67200
1.8709826469421387,67200
1.9785783290863037,67200
2.074336290359497,67200
2.1777892112731934,67200
2.2792060375213623,67200
2.39218807220459,67200
2.578925848007202,67200
2.7172045707702637,67028
2.7172176837921143,67028
