Time,Objective value
0.17814159393310547,68090
0.17814970016479492,68090
0.36147475242614746,67616
0.5442025661468506,67616
0.6928801536560059,67458
0.793595552444458,67458
0.9178686141967773,67458
1.0102128982543945,67234
1.1118240356445312,67234
1.2182655334472656,67234
1.3198091983795166,67234
1.4249746799468994,67234
1.5282385349273682,67234
1.6325194835662842,67234
1.7347111701965332,67234
1.8252983093261719,67234
1.929464340209961,67234
2.0436060428619385,67234
2.138796806335449,67234
2.241624116897583,67234
2.331984281539917,67234
2.4298641681671143,67234
2.547539234161377,66848
2.6608407497406006,66848
2.7797064781188965,66848
2.9001543521881104,66848
2.900163412094116,66848
