Time,Objective value
0.12127518653869629,67494
0.12128281593322754,67494
0.21931672096252441,67494
0.3175172805786133,67494
0.4077932834625244,67494
0.5195674896240234,67214
0.6380627155303955,67214
0.7398066520690918,67128
0.8358232975006104,67128
0.9293348789215088,67128
1.0381803512573242,67128
1.1474637985229492,67128
1.2518417835235596,67128
1.3769307136535645,67128
1.4797556400299072,67128
1.5873973369598389,67128
1.6877124309539795,67128
1.7990739345550537,67128
1.9132061004638672,67128
2.020742654800415,67128
2.114582061767578,67128
2.2190258502960205,67128
2.321857213973999,67128
2.423725128173828,67128
2.513719320297241,67128
2.6331369876861572,67128
2.633150100708008,67128
