Time,Objective value
0.18553996086120605,67844
0.1855485439300537,67844
0.3629438877105713,67600
0.5386900901794434,67600
0.7287132740020752,67600
0.9311556816101074,67600
1.0677101612091064,67504
1.1681029796600342,67430
1.2700419425964355,67430
1.3641364574432373,67430
1.4688968658447266,67430
1.5721452236175537,67430
1.6965463161468506,67430
1.8103346824645996,67428
1.920609951019287,67314
2.0332677364349365,67128
2.141974925994873,67128
2.2433762550354004,67128
2.3491532802581787,67128
2.4641599655151367,67128
2.5579001903533936,67128
2.6627771854400635,67128
2.7835159301757812,67128
2.892360210418701,67128
3.047579050064087,67128
3.1449649333953857,67128
3.1449716091156006,67128
