Time,Objective value
0.10018277168273926,67496
0.10019063949584961,67496
0.20856308937072754,67496
0.3078794479370117,67496
0.40108466148376465,67496
0.5154271125793457,67334
0.6185894012451172,67334
0.7236721515655518,67334
0.8202686309814453,67334
0.9187326431274414,67142
1.017256498336792,67142
1.1246623992919922,67142
1.2355411052703857,67142
1.3314788341522217,67142
1.431868553161621,67142
1.5239121913909912,67142
1.6192176342010498,67142
1.7170593738555908,67142
1.8192973136901855,67142
1.9140629768371582,67142
2.018347978591919,67142
2.1170268058776855,67142
2.20957612991333,67142
2.3161890506744385,67142
2.4238882064819336,67142
2.5260772705078125,67036
2.526085376739502,67036
