Time,Objective value
0.05071067810058594,52002
0.05071759223937988,52002
0.1011655330657959,51702
0.15169930458068848,51702
0.20223665237426758,51312
0.2526216506958008,51312
0.3030819892883301,51312
0.353649377822876,51312
0.40416526794433594,51312
0.4545903205871582,51262
0.5048511028289795,51262
0.555304765701294,51262
0.6055219173431396,51262
0.6557421684265137,51262
0.7060549259185791,51262
0.7565863132476807,51262
0.8069183826446533,51262
0.8573117256164551,51262
0.9075193405151367,51262
0.9580252170562744,51262
1.0083868503570557,51262
1.0585954189300537,51262
1.108940601348877,51262
1.1592562198638916,51260
1.2097439765930176,51260
1.260240077972412,51260
1.2602512836456299,51260
