Time,Objective value
0.051772356033325195,51730
0.051779747009277344,51730
0.10211825370788574,51730
0.1525895595550537,51178
0.20286798477172852,51178
0.25302672386169434,51178
0.3422365188598633,51048
0.4440178871154785,51048
0.5457894802093506,51048
0.647571325302124,51048
0.7491147518157959,51048
0.8509876728057861,51048
0.9525926113128662,51048
1.0544214248657227,51048
1.1560297012329102,51048
1.2577695846557617,51048
1.3601830005645752,51048
1.4622364044189453,51048
1.5619268417358398,51048
1.6592774391174316,51048
1.7564451694488525,51048
1.853818655014038,51048
1.9510748386383057,51048
2.0508248805999756,51048
2.148141860961914,51048
2.2455525398254395,51048
2.2455637454986572,51048
