Time,Objective value
0.0506281852722168,52262
0.050635337829589844,52262
0.12493467330932617,52262
0.2265777587890625,51886
0.32838892936706543,51886
0.43012356758117676,51886
0.4898393154144287,51886
0.5401468276977539,51656
0.5902175903320312,51656
0.6403546333312988,51656
0.6904129981994629,51656
0.7404835224151611,51656
0.7906856536865234,51568
0.8410501480102539,51568
0.891371488571167,51568
0.9417169094085693,51568
0.9920799732208252,51568
1.042487382888794,51568
1.0928874015808105,51568
1.1433143615722656,51568
1.1934633255004883,51568
1.244210958480835,51568
1.2956008911132812,51568
1.3468549251556396,51568
1.3976798057556152,51438
1.447744607925415,51354
1.4477527141571045,51354
