Time,Objective value
0.05166769027709961,51618
0.051674842834472656,51618
0.10200333595275879,51618
0.1520850658416748,51618
0.20240545272827148,51618
0.25246620178222656,51618
0.30266356468200684,50968
0.3528270721435547,50968
0.4030444622039795,50968
0.45321202278137207,50968
0.5033972263336182,50968
0.5536556243896484,50968
0.6040174961090088,50968
0.6543107032775879,50968
0.7047007083892822,50968
0.7548015117645264,50968
0.805243968963623,50968
0.855473518371582,50968
0.9056944847106934,50968
0.9558508396148682,50968
1.0060958862304688,50858
1.056236743927002,50858
1.106435775756836,50858
1.156743049621582,50858
1.2070002555847168,50858
1.257145881652832,50858
1.257152795791626,50858
