Time,Objective value
0.06216001510620117,32556764
0.06383156776428223,32556764
0.09467697143554688,31946720
0.12179255485534668,31858534
0.14831161499023438,31858534
0.17815089225769043,31858534
0.2041943073272705,31858534
0.22741460800170898,31858534
0.25576257705688477,31858534
0.28217601776123047,31858534
0.30708956718444824,31858534
0.3348352909088135,31858534
0.358196496963501,31858534
0.3843531608581543,31858534
0.41552090644836426,31858534
0.45958375930786133,31858534
0.4998939037322998,31858534
0.5448060035705566,31858534
0.599461555480957,31858534
0.6416447162628174,31858534
0.695389986038208,31858534
0.7470951080322266,31858534
0.791433572769165,31858534
0.8399262428283691,31858534
0.8866474628448486,31858534
0.9372227191925049,31858534
0.9839839935302734,31858534
1.0389740467071533,31858534
1.0873942375183105,31858534
1.1314504146575928,31858534
1.1847388744354248,31858534
1.2311732769012451,31858534
1.2814419269561768,31858534
1.3290066719055176,31858534
1.3863005638122559,31858534
1.4350228309631348,31858534
1.484569787979126,31858534
1.5301284790039062,31858534
1.5736496448516846,31858534
1.6226410865783691,31858534
1.6679534912109375,31858534
1.716721773147583,31858534
1.7717816829681396,31858534
1.8310623168945312,31858534
1.8864715099334717,31858534
1.9434406757354736,31858534
1.9958717823028564,31858534
2.0422167778015137,31858534
2.0939488410949707,31858534
2.141857862472534,31858534
2.195885419845581,31858534
2.245457172393799,31858534
2.3006606101989746,31858534
2.349571943283081,31858534
2.401947021484375,31858534
2.451472759246826,31858534
2.5060195922851562,31858534
2.5584542751312256,31858534
2.6044132709503174,31858534
2.659756660461426,31858534
2.709163188934326,31858534
2.7605466842651367,31858534
2.806711435317993,31858534
2.8534903526306152,31858534
2.9039599895477295,31858534
2.9534528255462646,31858534
3.001230001449585,31858534
3.045501947402954,31858534
3.093268871307373,31858534
3.147367477416992,31858534
3.200648784637451,31858534
3.248185634613037,31858534
3.298508644104004,31858534
3.3467912673950195,31858534
3.3972911834716797,31858534
3.444017171859741,31858534
3.4837722778320312,31858534
3.5299417972564697,31858534
3.576848030090332,31858534
3.618155002593994,31858534
3.620656967163086,31858534
