Time,Objective value
3.461270570755005,157704
3.461406946182251,157704
5.649903059005737,155618
7.2171430587768555,155618
8.791783332824707,155552
10.467423677444458,155330
11.441983699798584,155330
12.18797492980957,155128
12.992352724075317,155128
13.99091625213623,155128
14.81350827217102,155128
16.40438413619995,155114
18.194793701171875,155092
19.205142498016357,155040
20.018513679504395,155016
20.832438230514526,155014
21.855748653411865,155014
22.97210383415222,155014
24.681326866149902,155008
26.623401880264282,155008
28.104774475097656,155008
29.449982404708862,154936
30.803512573242188,154908
32.3609881401062,154908
33.77396488189697,154908
35.10318899154663,154898
36.502161502838135,154898
37.99157691001892,154838
39.60505390167236,154838
41.15585398674011,154838
42.960310220718384,154830
45.19222950935364,154830
46.849989891052246,154830
48.12969660758972,154830
49.249542474746704,154830
51.18140411376953,154830
52.72167158126831,154830
54.434093952178955,154830
56.33224558830261,154830
58.2327241897583,154772
59.26644563674927,154772
59.9912645816803,154772
60.58715295791626,154772
61.254780769348145,154772
62.00698447227478,154768
63.092763900756836,154692
64.3910117149353,154624
66.0672721862793,154624
67.13651418685913,154624
67.95606446266174,154624
68.66581726074219,154624
69.37980771064758,154624
70.0316731929779,154624
70.86865234375,154624
71.71810674667358,154620
72.548255443573,154620
73.44091248512268,154540
74.21466255187988,154540
75.20880699157715,154540
77.02457332611084,154518
78.60766315460205,154518
80.89657211303711,154518
82.85998272895813,154496
84.88304996490479,154496
86.79840755462646,154496
87.82260632514954,154496
88.80217576026917,154496
89.82507824897766,154496
90.78329229354858,154496
91.49513030052185,154496
92.36778426170349,154496
93.23956775665283,154496
94.08912014961243,154496
96.03289723396301,154496
97.9915726184845,154496
100.06356143951416,154496
100.06368780136108,154496
