Time,Objective value
3.876136541366577,156226
3.876272678375244,156226
5.934496164321899,155594
7.622041940689087,155512
9.471071481704712,155512
10.980166673660278,155398
12.928367853164673,155236
14.014845848083496,155166
15.82583236694336,155136
17.044238805770874,155136
18.632988691329956,155136
20.384264707565308,155090
21.99887228012085,155062
23.55966806411743,155030
25.16162872314453,155030
26.07694983482361,155030
26.823811054229736,155012
28.049675941467285,154934
28.97082233428955,154934
30.1863751411438,154910
31.660567045211792,154892
33.58541989326477,154784
35.334861278533936,154624
36.97586512565613,154532
38.40361452102661,154506
40.1775963306427,154492
41.568904876708984,154352
43.4872190952301,154288
44.46197867393494,154288
45.40380096435547,154288
46.215352058410645,154274
47.676279067993164,154274
49.288135290145874,154274
50.07454967498779,154274
51.561686754226685,154274
52.94368529319763,154274
53.82612323760986,154274
55.60113072395325,154274
57.28187608718872,154260
59.07037115097046,154260
60.87385439872742,154260
61.67336106300354,154260
62.47350192070007,154260
63.17167544364929,154234
63.96963977813721,154234
64.81190371513367,154234
65.8643639087677,154234
67.52105665206909,154234
69.23561906814575,154234
71.02762579917908,154234
72.78854894638062,154234
73.75763607025146,154220
74.64819693565369,154214
75.62377619743347,154214
76.32168960571289,154214
77.26745104789734,154214
79.16755700111389,154214
80.97268390655518,154206
81.88191366195679,154206
83.74040174484253,154206
85.28632140159607,154206
85.91583752632141,154206
86.44966292381287,154206
87.18606495857239,154206
87.94176316261292,154206
88.58149671554565,154206
89.23787808418274,154206
89.8590350151062,154206
90.62717247009277,154206
91.23740649223328,154204
92.09333086013794,154204
92.94061326980591,154204
93.974191904068,154204
94.84808158874512,154190
95.89935612678528,154190
97.08145499229431,154190
97.95524501800537,154190
99.19581437110901,154190
100.60837626457214,154190
100.6084578037262,154190
