Time,Objective value
1.6401653289794922,156596
1.6402544975280762,156596
2.4193811416625977,155418
3.21101713180542,155318
3.9111249446868896,155258
4.907362461090088,155258
5.653223991394043,155138
6.450861930847168,155090
7.777836084365845,155020
8.550008296966553,155020
9.380058765411377,155020
10.280857563018799,155020
11.075093269348145,155012
11.920060396194458,154918
12.657729864120483,154918
14.520261287689209,154918
15.531465768814087,154918
16.924622774124146,154918
17.705597400665283,154878
18.43024182319641,154878
19.76432704925537,154878
21.619415760040283,154878
23.09518313407898,154878
24.835472345352173,154856
26.495137691497803,154856
27.9127140045166,154850
29.37920355796814,154806
31.258254528045654,154806
32.8292121887207,154766
34.73555541038513,154644
36.8960075378418,154644
38.523491859436035,154598
40.53701591491699,154598
42.462342262268066,154598
44.156431436538696,154598
45.564149379730225,154598
46.97974371910095,154572
48.476603507995605,154572
49.8815381526947,154558
51.78229379653931,154558
53.42410230636597,154558
55.19311046600342,154536
56.95779037475586,154536
58.57633328437805,154536
60.493772983551025,154520
62.31001877784729,154520
63.17410111427307,154520
63.932987451553345,154520
64.84837555885315,154520
65.76918864250183,154520
66.68713068962097,154520
68.4256374835968,154520
70.13971090316772,154480
71.69310808181763,154480
73.3604040145874,154480
74.78702640533447,154474
75.65830659866333,154474
76.63700270652771,154474
77.43543553352356,154474
78.31272840499878,154474
79.15541696548462,154474
79.9684829711914,154474
80.76909494400024,154474
81.46427083015442,154474
82.16201972961426,154474
83.21286725997925,154474
84.36359691619873,154474
85.50957369804382,154474
87.16725635528564,154474
88.72629809379578,154474
90.26540517807007,154474
91.19806623458862,154474
91.84942650794983,154474
92.60415840148926,154474
93.254807472229,154474
93.99178194999695,154474
94.62842440605164,154474
95.41360712051392,154474
96.38436460494995,154472
97.30438351631165,154472
98.35635757446289,154472
99.0724127292633,154472
99.92407512664795,154470
100.92822861671448,154470
100.92832708358765,154470
