Time,Objective value
0.0005052089691162109,79786
0.0013353824615478516,71808
0.002298593521118164,70276
0.0032606124877929688,69698
0.0042378902435302734,68976
0.005220174789428711,68780
0.006185770034790039,68472
0.007162809371948242,68238
0.00812983512878418,68110
0.009092330932617188,67942
0.010055780410766602,67562
0.011017560958862305,67404
0.01294708251953125,67100
0.013911008834838867,67092
0.014883041381835938,67018
0.01584482192993164,67018
0.016808271408081055,67008
0.01777195930480957,66976
0.018743038177490234,66976
0.019708871841430664,66960
0.020672321319580078,66922
0.0216367244720459,66902
0.022594928741455078,66902
0.023557186126708984,66902
0.02451944351196289,66902
0.025487422943115234,66832
0.02645134925842285,66832
0.027413129806518555,66832
0.028385400772094727,66832
0.02934885025024414,66832
0.030312061309814453,66832
0.03128385543823242,66822
0.032245635986328125,66822
0.033208370208740234,66822
0.03417825698852539,66822
0.035149574279785156,66822
0.03611397743225098,66822
0.037075042724609375,66822
0.03803706169128418,66822
0.03995704650878906,66822
0.04091787338256836,66822
0.04188036918640137,66822
0.04284071922302246,66822
0.043802499771118164,66822
0.044769287109375,66822
0.04573202133178711,66822
0.04669356346130371,66822
0.047655582427978516,66822
0.048616647720336914,66822
0.049574851989746094,66822
0.05053830146789551,66822
0.05150032043457031,66822
0.052460670471191406,66822
0.053421974182128906,66822
0.05438566207885742,66822
0.05535268783569336,66822
0.056314706802368164,66822
0.05727553367614746,66822
0.0582423210144043,66822
0.05920577049255371,66822
0.06016826629638672,66822
0.06113123893737793,66822
0.062094926834106445,66822
0.06305718421936035,66822
0.06401848793029785,66822
0.06594610214233398,66822
0.06690764427185059,66822
0.0678708553314209,66822
0.06787705421447754,66822
