Time,Objective value
0.0006699562072753906,81486
0.001619100570678711,71712
0.0031795501708984375,70362
0.0047228336334228516,69814
0.0061054229736328125,69070
0.007692575454711914,68746
0.009371280670166016,68684
0.010982990264892578,68580
0.012561559677124023,68556
0.014140605926513672,68474
0.01569819450378418,68474
0.01755809783935547,68448
0.019421100616455078,68448
0.021282196044921875,68448
0.023154020309448242,68382
0.025028228759765625,68326
0.026897907257080078,68284
0.028766870498657227,68272
0.030631542205810547,68210
0.032499074935913086,68200
0.03437209129333496,68192
0.0362393856048584,68150
0.03811025619506836,68144
0.03997468948364258,68088
0.04184317588806152,68020
0.0437169075012207,67990
0.04559183120727539,67846
0.047473907470703125,67830
0.04935812950134277,67780
0.051245927810668945,67702
0.05314064025878906,67656
0.05504608154296875,67604
0.05693531036376953,67580
0.0588221549987793,67562
0.06070590019226074,67504
0.06258559226989746,67504
0.06447911262512207,67504
0.06637024879455566,67504
0.06826233863830566,67504
0.06993985176086426,67504
0.07094216346740723,67504
0.07193422317504883,67504
0.07292056083679199,67482
0.07395005226135254,67482
0.07493972778320312,67482
0.07593846321105957,67482
0.07692861557006836,67482
0.07791733741760254,67482
0.07890486717224121,67482
0.07988786697387695,67482
0.08088159561157227,67482
0.08186721801757812,67482
0.08285236358642578,67482
0.08384919166564941,67482
0.08483076095581055,67482
0.08580493927001953,67482
0.08678126335144043,67482
0.08775115013122559,67482
0.08872270584106445,67482
0.08970332145690918,67482
0.09068584442138672,67482
0.09166812896728516,67482
0.09264516830444336,67482
0.09361553192138672,67482
0.09461426734924316,67482
0.09560394287109375,67482
0.09658050537109375,67482
0.09756135940551758,67482
0.09854435920715332,67482
0.09953522682189941,67482
0.10053181648254395,67482
0.10054421424865723,67482
