Time,Objective value
0.0004942417144775391,79452
0.001252889633178711,72280
0.002222299575805664,70442
0.0031845569610595703,69890
0.004145383834838867,69592
0.0051267147064208984,69534
0.006089687347412109,69308
0.007049083709716797,69070
0.008020877838134766,68936
0.009937524795532227,68600
0.010898113250732422,68568
0.011866569519042969,68502
0.012829303741455078,68458
0.013791799545288086,68458
0.01475834846496582,68458
0.01572728157043457,68458
0.016698837280273438,68426
0.01766228675842285,68426
0.01862955093383789,68362
0.019593238830566406,68332
0.020555496215820312,68302
0.02151346206665039,68252
0.02247333526611328,68246
0.023434162139892578,68246
0.024393796920776367,68226
0.025361061096191406,68226
0.026323556900024414,68226
0.02728414535522461,68226
0.02824258804321289,68226
0.029201507568359375,68226
0.030160188674926758,68226
0.03111886978149414,68226
0.03207707405090332,68226
0.0330355167388916,68226
0.03494739532470703,68226
0.035912513732910156,68226
0.036875009536743164,68226
0.03783416748046875,68226
0.038794517517089844,68226
0.039754390716552734,68226
0.04071402549743652,68226
0.0416719913482666,68226
0.042630672454833984,68226
0.04359102249145508,68226
0.04456067085266113,68226
0.04552865028381348,68226
0.046491146087646484,68226
0.0474700927734375,68226
0.04844069480895996,68226
0.04941439628601074,68226
0.05040478706359863,68226
0.05138683319091797,68226
0.05236530303955078,68226
0.0533447265625,68226
0.05432009696960449,68226
0.05531597137451172,68226
0.056291818618774414,68226
0.05727076530456543,68226
0.05824708938598633,68226
0.05922698974609375,68226
0.06019783020019531,68226
0.061177968978881836,68226
0.06214785575866699,68226
0.06312131881713867,68226
0.06408858299255371,68226
0.06506657600402832,68226
0.06603670120239258,68226
0.06701064109802246,68226
0.06798672676086426,68226
