Time,Objective value
0.0004990100860595703,80504
0.0010874271392822266,72864
0.002049684524536133,70636
0.0030202865600585938,69936
0.004964113235473633,69212
0.005925893783569336,68958
0.006910800933837891,68824
0.007874250411987305,68816
0.008836746215820312,68768
0.009811639785766602,68638
0.010776758193969727,68636
0.011739015579223633,68624
0.012725353240966797,68590
0.013690471649169922,68564
0.014663219451904297,68492
0.015620231628417969,68492
0.016581296920776367,68412
0.017550945281982422,68392
0.018515825271606445,68384
0.019475698471069336,68358
0.020450353622436523,68338
0.02141284942626953,68338
0.022373437881469727,68290
0.02333998680114746,68290
0.024302005767822266,68264
0.025261878967285156,68264
0.026221036911010742,68230
0.02718067169189453,68230
0.028140783309936523,68230
0.029099702835083008,68230
0.030060291290283203,68230
0.031018733978271484,68230
0.03294086456298828,68230
0.03390073776245117,68230
0.03486013412475586,68230
0.035819292068481445,68230
0.03677821159362793,68230
0.03773951530456543,68230
0.03869962692260742,68230
0.03965950012207031,68230
0.04061555862426758,68230
0.04157733917236328,68230
0.04253649711608887,68230
0.043503761291503906,68230
0.04447436332702637,68230
0.04543614387512207,68230
0.04641461372375488,68230
0.047383785247802734,68230
0.04834866523742676,68230
0.04933452606201172,68230
0.05030417442321777,68230
0.05127859115600586,68230
0.052280426025390625,68230
0.05327725410461426,68230
0.05425238609313965,68230
0.05524134635925293,68230
0.056220293045043945,68230
0.05719947814941406,68230
0.05817914009094238,68230
0.0591588020324707,68230
0.06013345718383789,68230
0.06110501289367676,68230
0.062076568603515625,68230
0.0630640983581543,68230
0.06403613090515137,68230
0.06501245498657227,68230
0.06695675849914551,68230
0.06793022155761719,68230
0.06793832778930664,68230
