Time,Objective value
0.0007910728454589844,80504
0.0010113716125488281,79210
0.0037622451782226562,70636
0.0056269168853759766,69936
0.007501125335693359,69442
0.009356260299682617,69212
0.011228799819946289,68958
0.013099193572998047,68824
0.014960050582885742,68816
0.016820669174194336,68768
0.01868152618408203,68638
0.02053976058959961,68636
0.022405147552490234,68624
0.02427053451538086,68590
0.026137351989746094,68564
0.027996540069580078,68492
0.029857397079467773,68492
0.03172755241394043,68412
0.0335848331451416,68392
0.03544163703918457,68384
0.037302255630493164,68358
0.03916525840759277,68338
0.04102468490600586,68338
0.04289436340332031,68290
0.04475545883178711,68290
0.04661893844604492,68264
0.04851651191711426,68264
0.05038928985595703,68230
0.05228376388549805,68230
0.05418896675109863,68230
0.056123971939086914,68230
0.0580592155456543,68230
0.05999898910522461,68230
0.06194663047790527,68230
0.06386661529541016,68230
0.06579089164733887,68230
0.06772518157958984,68230
0.06964945793151855,68230
0.07158565521240234,68230
0.0735015869140625,68230
0.07542610168457031,68230
0.07735991477966309,68230
0.07931137084960938,68230
0.08126044273376465,68230
0.08323192596435547,68230
0.08517646789550781,68230
0.08711838722229004,68230
0.0890505313873291,68230
0.09097719192504883,68230
0.09293246269226074,68230
0.09484291076660156,68230
0.09676408767700195,68230
0.09869265556335449,68230
0.10063290596008301,68230
0.10261058807373047,68230
0.10456681251525879,68230
0.10650134086608887,68230
0.10843086242675781,68230
0.11039447784423828,68230
0.11237096786499023,68230
0.11432671546936035,68230
0.11627912521362305,68230
0.11823081970214844,68230
0.12018084526062012,68230
0.12213563919067383,68230
0.12408638000488281,68230
0.12603378295898438,68230
0.1275320053100586,68230
0.1290726661682129,68230
0.13080072402954102,68230
0.1329972743988037,68230
0.13301539421081543,68230
