Time,Objective value
0.0005259513854980469,79136
0.0013184547424316406,71970
0.0022869110107421875,70378
0.0032563209533691406,69926
0.00423121452331543,69496
0.005200862884521484,69212
0.00616455078125,68936
0.007140159606933594,68808
0.008105993270874023,68700
0.009070634841918945,68488
0.010046720504760742,68376
0.01101231575012207,68284
0.012945175170898438,68130
0.013910770416259766,68126
0.014882802963256836,68118
0.015850305557250977,68110
0.016820669174194336,68108
0.017788410186767578,68066
0.018766164779663086,68058
0.019741058349609375,68014
0.02070903778076172,68008
0.02166914939880371,67990
0.02264547348022461,67990
0.023610353469848633,67966
0.024577856063842773,67934
0.025552988052368164,67934
0.026519298553466797,67934
0.02748417854309082,67922
0.02845168113708496,67922
0.029419898986816406,67922
0.030398130416870117,67922
0.03136277198791504,67916
0.032326698303222656,67916
0.03328752517700195,67916
0.03425335884094238,67916
0.03522038459777832,67916
0.03618884086608887,67916
0.0371549129486084,67916
0.038138389587402344,67916
0.03910398483276367,67916
0.040101051330566406,67916
0.041069746017456055,67916
0.04203486442565918,67916
0.043013811111450195,67888
0.04494118690490723,67820
0.045919179916381836,67820
0.04688405990600586,67820
0.047846317291259766,67820
0.04880785942077637,67820
0.04978203773498535,67820
0.05074453353881836,67802
0.05170845985412598,67774
0.052666664123535156,67774
0.05364179611206055,67774
0.05460762977600098,67770
0.05557131767272949,67766
0.05654764175415039,67764
0.05751180648803711,67684
0.05847501754760742,67624
0.05943775177001953,67624
0.060408592224121094,67602
0.0613713264465332,67602
0.06233072280883789,67602
0.0632927417755127,67602
0.06425213813781738,67602
0.06521391868591309,67602
0.06617450714111328,67602
0.06713628768920898,67602
0.06810426712036133,67602
0.06811046600341797,67602
