Time,Objective value
0.0005548000335693359,79316
0.0012388229370117188,71842
0.0023000240325927734,69676
0.003360271453857422,68936
0.0044209957122802734,68572
0.005490779876708984,68304
0.006554365158081055,68176
0.007615566253662109,68050
0.008688926696777344,67816
0.009754180908203125,67750
0.010830879211425781,67718
0.011796951293945312,67718
0.012762069702148438,67636
0.013724803924560547,67634
0.014696836471557617,67634
0.015663623809814453,67616
0.016628503799438477,67588
0.017594575881958008,67588
0.01855945587158203,67588
0.01952338218688965,67578
0.020494699478149414,67538
0.021466493606567383,67538
0.0224306583404541,67538
0.023400545120239258,67538
0.02436542510986328,67538
0.025330066680908203,67528
0.02629232406616211,67528
0.027255773544311523,67528
0.028218507766723633,67528
0.029181480407714844,67528
0.030142545700073242,67492
0.031113147735595703,67462
0.03207683563232422,67462
0.033040761947631836,67462
0.03400611877441406,67462
0.03592681884765625,67462
0.03688955307006836,67462
0.03785276412963867,67462
0.03881478309631348,67462
0.0397799015045166,67462
0.040747642517089844,67462
0.04170489311218262,67462
0.04266786575317383,67462
0.043630123138427734,67462
0.04459047317504883,67462
0.04555153846740723,67462
0.04651618003845215,67462
0.047480106353759766,67462
0.04844260215759277,67462
0.049405813217163086,67462
0.050368547439575195,67462
0.05133962631225586,67462
0.05230355262756348,67462
0.0532679557800293,67462
0.05423140525817871,67462
0.05519366264343262,67462
0.05615639686584473,67462
0.05711793899536133,67462
0.05808210372924805,67462
0.059046268463134766,67462
0.06000828742980957,67462
0.06193947792053223,67462
0.06290149688720703,67462
0.06387448310852051,67462
0.06484055519104004,67462
0.06580519676208496,67462
0.06678009033203125,67462
0.06775259971618652,67462
0.06872010231018066,67462
0.06872773170471191,67462
