Time,Objective value
0.06536006927490234,67370
0.06537008285522461,67370
0.1313014030456543,67370
0.19534540176391602,67370
0.2605564594268799,67370
0.3238348960876465,67370
0.4155757427215576,67370
0.4826641082763672,67370
0.53458571434021,67370
0.5988366603851318,67370
0.6639657020568848,67370
0.7301554679870605,67370
0.8068218231201172,67370
0.8704750537872314,67370
0.9380350112915039,67034
0.9791867733001709,67034
1.02351713180542,67034
1.0730371475219727,67034
1.126094102859497,67034
1.1529395580291748,67034
1.184037685394287,67034
1.2153429985046387,67034
1.2592437267303467,67034
1.3027222156524658,67034
1.3346281051635742,67034
1.3610479831695557,67034
1.3610570430755615,67034
