Time,Objective value
0.03347373008728027,67796
0.03348088264465332,67796
0.06542825698852539,67796
0.10851907730102539,67796
0.14073634147644043,67556
0.18825769424438477,67556
0.21495509147644043,67556
0.2471919059753418,67556
0.2910027503967285,67556
0.32279038429260254,67556
0.35464906692504883,67556
0.39330577850341797,67556
0.43131160736083984,67114
0.47460317611694336,67114
0.5125257968902588,67114
0.544396162033081,67114
0.5759994983673096,67114
0.6138837337493896,67114
0.6571290493011475,67114
0.7000446319580078,67114
0.7367441654205322,67114
0.7695698738098145,67114
0.8064107894897461,67114
0.849388599395752,67114
0.8875143527984619,67114
0.9250481128692627,67114
0.925060510635376,67114
