Time,Objective value
0.05527663230895996,68044
0.055283546447753906,68044
0.08716177940368652,67840
0.13603734970092773,67382
0.16810250282287598,67382
0.21152353286743164,67382
0.24868083000183105,67382
0.3062098026275635,67382
0.3392486572265625,67382
0.3767237663269043,67382
0.4192523956298828,67382
0.45159244537353516,67382
0.48885536193847656,67382
0.5208330154418945,67382
0.5540096759796143,67382
0.5865488052368164,67382
0.6194350719451904,67382
0.6519403457641602,67382
0.6848137378692627,67382
0.7278735637664795,67382
0.759422779083252,67382
0.7908036708831787,67382
0.8286049365997314,67382
0.8606204986572266,67382
0.9004268646240234,67382
0.9439866542816162,67382
0.9439971446990967,67382
