Time,Objective value
0.03870248794555664,67396
0.03870892524719238,67396
0.07046127319335938,67396
0.10942792892456055,67396
0.14168047904968262,67396
0.17394614219665527,67396
0.20557141304016113,67396
0.2430126667022705,67396
0.2703053951263428,67396
0.2969837188720703,67396
0.3289146423339844,67396
0.36102771759033203,67396
0.4042494297027588,67396
0.4366567134857178,67396
0.47416257858276367,67086
0.5179662704467773,67086
0.5505025386810303,67086
0.5888516902923584,67086
0.6318035125732422,67086
0.6680421829223633,67086
0.710902214050293,67086
0.7682809829711914,67086
0.7955169677734375,67086
0.8329615592956543,67086
0.8865575790405273,67086
0.9363374710083008,67086
0.936349630355835,67086
