Time,Objective value
0.04585385322570801,67782
0.04586362838745117,67782
0.10076570510864258,67782
0.16251516342163086,67782
0.24518322944641113,67758
0.3105041980743408,67758
0.38506102561950684,67758
0.44929027557373047,67758
0.5184526443481445,67758
0.5861177444458008,67520
0.6322212219238281,67520
0.6813063621520996,67408
0.7457046508789062,67408
0.8127398490905762,67408
0.8865818977355957,67056
0.9447603225708008,67056
0.9981019496917725,67056
1.0305259227752686,67056
1.0627915859222412,67056
1.099515438079834,67056
1.1260271072387695,67056
1.164170503616333,67056
1.1961712837219238,67056
1.2223680019378662,67056
1.270409107208252,67056
1.2968192100524902,67056
1.2968268394470215,67056
