Time,Objective value
0.03795766830444336,67694
0.037963151931762695,67694
0.07009339332580566,67694
0.09777688980102539,67694
0.1353752613067627,67694
0.16747713088989258,67242
0.2062666416168213,67242
0.2554190158843994,67242
0.298720121383667,67242
0.33184266090393066,67242
0.3762054443359375,67242
0.4080379009246826,67242
0.4469327926635742,67242
0.473095178604126,67242
0.5048959255218506,67242
0.5317246913909912,67242
0.557098388671875,67242
0.5840470790863037,67242
0.6167404651641846,67242
0.6498417854309082,67242
0.6764123439788818,67242
0.7091915607452393,67242
0.7408730983734131,67242
0.7722761631011963,67242
0.8054304122924805,67242
0.837296724319458,67242
0.837306022644043,67242
