Time,Objective value
0.07514476776123047,68122
0.07515454292297363,68122
0.14168047904968262,68112
0.20779085159301758,67574
0.29563069343566895,67574
0.3730494976043701,67574
0.42546892166137695,67574
0.5015413761138916,67574
0.5653567314147949,67574
0.620542049407959,67574
0.7096598148345947,67574
0.7624387741088867,67574
0.8268249034881592,67574
0.8798775672912598,67574
0.9466166496276855,67574
1.0056159496307373,67574
1.0609352588653564,67574
1.135317087173462,67574
1.1968307495117188,67574
1.2703962326049805,67574
1.337949514389038,67200
1.4131381511688232,67200
1.4661788940429688,67200
1.5522136688232422,67200
1.62760329246521,67200
1.688647747039795,67200
1.6886589527130127,67200
