Time,Objective value
1.500986099243164,45017064
1.50099515914917,45017064
1.5010027885437012,45017064
