Time,Objective value
1.17887282371521,44951282
1.1788811683654785,44951282
1.1788885593414307,44951282
