Time,Objective value
1.493166208267212,44917072
1.4931740760803223,44917072
1.4931812286376953,44917072
