Time,Objective value
1.7268476486206055,44958230
1.726855993270874,44958230
1.7268636226654053,44958230
