Time,Objective value
1.1699168682098389,44918528
1.1699244976043701,44918528
1.1699318885803223,44918528
