Time,Objective value
1.8355753421783447,44931458
1.835587501525879,44931458
1.835599660873413,44931458
