Time,Objective value
1.16823410987854,44938394
1.1682424545288086,44938394
1.1682498455047607,44938394
