Time,Objective value
16.3866605758667,149660
16.39143180847168,149660
24.373684644699097,148520
30.802620887756348,148482
37.54907035827637,148448
44.04072642326355,148432
50.89959740638733,148422
57.19260239601135,148350
63.950730323791504,148350
71.0996036529541,148250
77.64620637893677,148250
83.68880534172058,148250
89.77378845214844,148250
95.60068011283875,148250
101.42522311210632,148246
101.42783665657043,148246
