Time,Objective value
19.415544033050537,149226
19.42031693458557,149226
27.54589581489563,149142
37.2790322303772,148988
45.667301654815674,148854
55.55889058113098,148776
65.56670665740967,148566
73.28300905227661,148532
83.27718615531921,148532
92.62559127807617,148518
100.54291939735413,148438
100.54554104804993,148438
