Time,Objective value
29.15971302986145,150914
29.164426803588867,150914
44.236379861831665,148870
59.11398196220398,148800
72.78142023086548,148742
86.99781322479248,148740
101.67306399345398,148620
101.67565989494324,148620
