Time,Objective value
18.602820873260498,150910
18.60550880432129,150910
27.877698183059692,149170
34.7812864780426,148816
42.03767657279968,148780
51.25858020782471,148688
59.65676665306091,148672
66.3556010723114,148564
72.79436755180359,148514
79.61659026145935,148480
87.78273057937622,148480
94.90051293373108,148466
103.19815683364868,148442
103.20089793205261,148442
