Time,Objective value
0.02234053611755371,9221780
0.022346973419189453,9221780
0.044004201889038086,9174170
0.0655970573425293,9174170
0.08742809295654297,9174170
0.1095426082611084,9174170
0.13105368614196777,9174170
0.15306496620178223,9174170
0.17467617988586426,9174170
0.19661617279052734,9174170
0.21832752227783203,9174170
0.24047493934631348,9174170
0.2623744010925293,9174170
0.28403592109680176,9174170
0.30574750900268555,9174170
0.3275032043457031,9174170
0.34909868240356445,9174170
0.3710141181945801,9140056
0.39281725883483887,9140056
0.414233922958374,9140056
0.43600964546203613,9140056
0.45694828033447266,9140056
0.47876572608947754,9140056
0.500413179397583,9140056
0.5226857662200928,9124536
0.5447533130645752,9124536
0.544764518737793,9124536
