Time,Objective value
0.021027803421020508,9251698
0.021033763885498047,9251698
0.04270219802856445,9237066
0.06427907943725586,9237066
0.08611369132995605,9237066
0.10788679122924805,9237066
0.12979674339294434,9216582
0.1515636444091797,9216582
0.17276692390441895,9216582
0.1946554183959961,9213790
0.21636557579040527,9213790
0.23819899559020996,9213790
0.2596089839935303,9213790
0.28131532669067383,9213790
0.3027076721191406,9213790
0.3243749141693115,9213790
0.34569668769836426,9213790
0.3672454357147217,9213790
0.3889458179473877,9213790
0.41051435470581055,9213790
0.4322185516357422,9213790
0.4538867473602295,9177468
0.4762239456176758,9177468
0.4985215663909912,9177468
0.5202245712280273,9177468
0.542647123336792,9177468
0.5426576137542725,9177468
