Time,Objective value
0.021227359771728516,9258574
0.021233081817626953,9258574
0.042533159255981445,9164976
0.06403636932373047,9164976
0.08618497848510742,9164976
0.10776567459106445,9164976
0.12923598289489746,9164976
0.15108847618103027,9164976
0.17316842079162598,9125590
0.19432997703552246,9125590
0.21610355377197266,9125590
0.23776674270629883,9125590
0.25920772552490234,9125590
0.28067731857299805,9125590
0.30267333984375,9125590
0.324601411819458,9125590
0.3458366394042969,9125590
0.36759042739868164,9125590
0.3892178535461426,9125590
0.4111337661743164,9125590
0.4325571060180664,9125590
0.453995943069458,9125590
0.47545409202575684,9125590
0.497236967086792,9125590
0.518852949142456,9125590
0.540377140045166,9125590
0.5403838157653809,9125590
