Time,Objective value
0.02086782455444336,9279138
0.020874500274658203,9279138
0.04242134094238281,9241220
0.06437826156616211,9241220
0.0863809585571289,9241220
0.10808849334716797,9241220
0.1296703815460205,9241220
0.15109515190124512,9241220
0.1728508472442627,9240188
0.19460701942443848,9235840
0.2165086269378662,9195412
0.23854660987854004,9195412
0.26033830642700195,9195412
0.28172850608825684,9195412
0.3036007881164551,9195412
0.325345516204834,9195412
0.34731101989746094,9195412
0.36890292167663574,9190444
0.3906841278076172,9190444
0.4124331474304199,9190444
0.43424558639526367,9190444
0.45607638359069824,9190444
0.47844457626342773,9190444
0.5001261234283447,9190444
0.5221290588378906,9163878
0.5445165634155273,9163878
0.5445291996002197,9163878
