Time,Objective value
0.021395206451416016,9321680
0.021402835845947266,9321680
0.04374217987060547,9209702
0.06525468826293945,9209702
0.08689689636230469,9209702
0.1088552474975586,9209702
0.13025474548339844,9209702
0.1517801284790039,9209702
0.17313623428344727,9209702
0.19444537162780762,9209702
0.21604394912719727,9209702
0.23738527297973633,9209702
0.2587895393371582,9209702
0.28025317192077637,9209702
0.3017268180847168,9209702
0.3229842185974121,9209702
0.3441898822784424,9203974
0.36579155921936035,9203974
0.3870108127593994,9203974
0.4086153507232666,9203974
0.4296729564666748,9203974
0.4510962963104248,9186470
0.47320055961608887,9182830
0.49471449851989746,9182830
0.5160331726074219,9182830
0.5372147560119629,9182830
0.5372214317321777,9182830
