Time,Objective value
0.021387815475463867,9250206
0.021394729614257812,9250206
0.04334402084350586,9214684
0.06517553329467773,9214684
0.08668375015258789,9214684
0.10779523849487305,9214684
0.12959957122802734,9214684
0.15128159523010254,9214684
0.1726980209350586,9214684
0.19415950775146484,9214684
0.2163708209991455,9214684
0.23813176155090332,9141502
0.2601337432861328,9141502
0.28220653533935547,9141502
0.30391883850097656,9141502
0.32555150985717773,9141502
0.3472113609313965,9141502
0.3688793182373047,9141502
0.39088916778564453,9141502
0.41232991218566895,9141502
0.4344022274017334,9141502
0.4560225009918213,9141502
0.47792696952819824,9141502
0.49903392791748047,9141502
0.5207726955413818,9141502
0.542701005935669,9141502
0.5427076816558838,9141502
