Time,Objective value
0.021071195602416992,9225980
0.02107691764831543,9225980
0.04272580146789551,9206932
0.06436872482299805,9206932
0.08584809303283691,9205874
0.10724496841430664,9175202
0.12934660911560059,9175202
0.15099310874938965,9175202
0.1726820468902588,9175202
0.19417428970336914,9175202
0.21601343154907227,9175202
0.2378849983215332,9175202
0.25957536697387695,9175202
0.281313419342041,9175202
0.30262327194213867,9175202
0.3241696357727051,9175202
0.34587931632995605,9175202
0.3673973083496094,9175202
0.3890674114227295,9175202
0.41004180908203125,9175202
0.4316112995147705,9175202
0.4532496929168701,9175202
0.4748845100402832,9175202
0.4968752861022949,9175202
0.518474817276001,9175202
0.540109395980835,9175202
0.5401215553283691,9175202
