Time,Objective value
0.04276418685913086,9199902
0.04277324676513672,9199902
0.08700084686279297,9148658
0.12955188751220703,9148658
0.1729114055633545,9148658
0.20838594436645508,9148658
0.23012065887451172,9148658
0.2519686222076416,9148658
0.27373504638671875,9148658
0.2950103282928467,9148658
0.3164856433868408,9148658
0.33801889419555664,9148658
0.3597402572631836,9148658
0.38135647773742676,9148658
0.4026920795440674,9148658
0.42404937744140625,9148658
0.4453568458557129,9148658
0.46786022186279297,9148658
0.4899282455444336,9148658
0.5124945640563965,9148658
0.5347898006439209,9148658
0.5573909282684326,9148658
0.5785965919494629,9148658
0.599757194519043,9148658
0.621147632598877,9148658
0.6423079967498779,9148658
0.6423149108886719,9148658
