Time,Objective value
0.024048805236816406,49562
0.024056434631347656,49562
0.024063587188720703,49562
