Time,Objective value
0.023991107940673828,49880
0.023998260498046875,49880
0.02400517463684082,49880
