Time,Objective value
0.033232927322387695,49606
0.03325009346008301,49606
0.03326296806335449,49606
