Time,Objective value
0.024477005004882812,49696
0.02448582649230957,49696
0.024492740631103516,49696
