Time,Objective value
0.044261932373046875,36578
0.04426908493041992,36578
0.0826418399810791,35324
0.08773016929626465,35324
0.11093974113464355,35324
0.11640429496765137,35324
0.1577768325805664,35324
0.1991574764251709,35324
0.24062442779541016,35066
0.28223109245300293,34940
0.3236541748046875,34940
0.3325996398925781,34868
0.37427568435668945,34868
0.4087545871734619,34868
0.45040154457092285,34868
0.48575663566589355,34868
0.5207674503326416,34784
0.5620660781860352,34784
0.5694372653961182,34784
0.610741138458252,34784
0.6522228717803955,34784
0.6646633148193359,34784
0.7060306072235107,34784
0.7477688789367676,34784
0.7737746238708496,34762
0.8058691024780273,34762
0.8058767318725586,34762
