Time,Objective value
0.08200335502624512,36302
0.08201313018798828,36302
0.16726231575012207,36090
0.23987269401550293,35874
0.31572771072387695,35874
0.3533456325531006,35658
0.37056827545166016,35658
0.38002490997314453,35636
0.41669154167175293,35404
0.4556453227996826,35180
0.4969508647918701,35076
0.5382704734802246,35076
0.5573296546936035,34888
0.5986497402191162,34888
0.6219842433929443,34790
0.6632874011993408,34790
0.7045783996582031,34790
0.7110538482666016,34790
0.7451298236846924,34790
0.7756071090698242,34790
0.7827284336090088,34790
0.808293342590332,34790
0.8148329257965088,34790
0.8574783802032471,34732
0.8803188800811768,34716
0.8855600357055664,34716
0.885570764541626,34716
