Time,Objective value
0.04666304588317871,36068
0.04666900634765625,36068
0.08605694770812988,35132
0.0993337631225586,35132
0.14063644409179688,35132
0.17652559280395508,35048
0.19193005561828613,35048
0.20116376876831055,35048
0.24241089820861816,35048
0.283632755279541,35048
0.3249187469482422,35048
0.34526872634887695,35048
0.38654279708862305,35048
0.3913002014160156,35048
0.40779757499694824,35048
0.44908785820007324,35048
0.49035000801086426,35048
0.5316379070281982,35018
0.5728676319122314,35018
0.5929110050201416,34996
0.6194262504577637,34996
0.6433618068695068,34940
0.6503939628601074,34940
0.6590843200683594,34940
0.7012326717376709,34940
0.7077548503875732,34940
0.7077655792236328,34940
