Time,Objective value
0.06945013999938965,36458
0.06946086883544922,36458
0.13784551620483398,35940
0.20470714569091797,35668
0.24571871757507324,35596
0.314394474029541,35596
0.38059234619140625,35596
0.42473483085632324,35194
0.4906437397003174,35194
0.5173506736755371,35194
0.6007876396179199,35194
0.6856710910797119,35194
0.7157044410705566,35194
0.7453861236572266,35194
0.7650623321533203,35194
0.8362259864807129,35194
0.8837554454803467,35194
0.9702544212341309,35194
1.0040488243103027,35194
1.0487213134765625,35194
1.1345486640930176,35194
1.144925832748413,35194
1.232039451599121,35194
1.2418627738952637,35194
1.2916765213012695,35194
1.3720450401306152,35194
1.3720567226409912,35194
