Time,Objective value
0.0855245590209961,36530
0.08553361892700195,36530
0.17050576210021973,35682
0.25519800186157227,35510
0.3253748416900635,35336
0.3748586177825928,35336
0.4305400848388672,35330
0.44773173332214355,35330
0.471966028213501,35306
0.5221560001373291,35306
0.5821318626403809,35306
0.590601921081543,35306
0.6208913326263428,35306
0.6734378337860107,35306
0.6997895240783691,35306
0.781203031539917,35306
0.8402736186981201,35306
0.8922610282897949,35146
0.9290504455566406,35098
0.9705021381378174,35098
0.9891834259033203,35020
0.9986789226531982,35020
1.0387394428253174,35020
1.0745253562927246,34986
1.0815613269805908,34986
1.0941860675811768,34986
1.0941932201385498,34986
