Time,Objective value
0.0008878707885742188,180776
0.0012903213500976562,177694
0.0032868385314941406,168070
0.007047414779663086,163010
0.010806083679199219,161494
0.01454925537109375,160414
0.01828765869140625,160138
0.022029876708984375,159666
0.025772571563720703,159552
0.02951645851135254,159094
0.03325700759887695,158680
0.036994218826293945,158258
0.04074907302856445,157786
0.04448652267456055,157388
0.04823017120361328,157300
0.051979780197143555,157158
0.055725812911987305,156966
0.05947470664978027,156794
0.0632178783416748,156668
0.06696701049804688,156626
0.07071852684020996,156514
0.07446956634521484,156404
0.0782163143157959,156228
0.08197164535522461,156156
0.08571767807006836,156018
0.08947420120239258,156018
0.09328889846801758,155984
0.09710574150085449,155984
0.10096335411071777,155984
0.10480403900146484,155984
0.10861587524414062,155984
0.11244893074035645,155984
0.11627864837646484,155968
0.12013602256774902,155924
0.12397480010986328,155920
0.12778234481811523,155918
0.13159489631652832,155918
0.1353919506072998,155918
0.1392230987548828,155856
0.1430530548095703,155820
0.14688968658447266,155818
0.15073680877685547,155818
0.1545729637145996,155802
0.15838909149169922,155802
0.16222739219665527,155802
0.16602802276611328,155734
0.16984128952026367,155734
0.17364072799682617,155734
0.1774311065673828,155734
0.18118619918823242,155722
0.18496966361999512,155690
0.18882298469543457,155690
0.19240260124206543,155648
0.1924145221710205,155648
