Time,Objective value
0.0008673667907714844,179812
0.0012691020965576172,177680
0.00455927848815918,164772
0.008249759674072266,161562
0.011958599090576172,159630
0.015655517578125,158956
0.019355297088623047,158450
0.023047924041748047,158032
0.026739120483398438,157714
0.03043651580810547,157508
0.03412508964538574,157446
0.03781437873840332,157394
0.04151558876037598,157306
0.04520225524902344,157268
0.048900604248046875,157188
0.05258750915527344,157188
0.056267738342285156,157128
0.05995631217956543,157054
0.06363677978515625,156998
0.06731796264648438,156958
0.07100820541381836,156958
0.07469725608825684,156944
0.07837820053100586,156932
0.08206367492675781,156910
0.0857393741607666,156910
0.08942484855651855,156852
0.09316325187683105,156794
0.09693002700805664,156786
0.10077524185180664,156784
0.104583740234375,156778
0.10834455490112305,156778
0.11214685440063477,156712
0.11592292785644531,156708
0.1197354793548584,156692
0.12350702285766602,156692
0.12725234031677246,156692
0.1310129165649414,156692
0.13475894927978516,156686
0.13851118087768555,156686
0.14231300354003906,156674
0.14609575271606445,156666
0.14989018440246582,156664
0.15369391441345215,156664
0.1574709415435791,156664
0.16126298904418945,156664
0.16503524780273438,156632
0.16880416870117188,156632
0.17255926132202148,156620
0.1762845516204834,156588
0.1801457405090332,156588
0.18390440940856934,156588
0.18765711784362793,156588
0.19140219688415527,156588
0.19141364097595215,156588
