Time,Objective value
0.0005543231964111328,181798
0.002415180206298828,164096
0.004229068756103516,161364
0.006060361862182617,160122
0.007884025573730469,159242
0.009694576263427734,158984
0.011515617370605469,158806
0.01332545280456543,158668
0.01513981819152832,158540
0.016965866088867188,158208
0.01877760887145996,158130
0.020585060119628906,157972
0.02240586280822754,157814
0.024224519729614258,157576
0.026040077209472656,157404
0.02784895896911621,157370
0.029655933380126953,157308
0.03146553039550781,157306
0.03327226638793945,157174
0.035077810287475586,157170
0.03689408302307129,157166
0.03869915008544922,157166
0.04050850868225098,157130
0.04231715202331543,157072
0.04412508010864258,157072
0.04594111442565918,157068
0.04774641990661621,157068
0.04955458641052246,157032
0.051360368728637695,157032
0.05316877365112305,157018
0.05497550964355469,157018
0.05679035186767578,157008
0.058594703674316406,157000
0.06040048599243164,157000
0.06220746040344238,157000
0.06401443481445312,157000
0.0658261775970459,157000
0.06763291358947754,157000
0.06943702697753906,157000
0.07124710083007812,156972
0.07305312156677246,156962
0.07486271858215332,156926
0.0766763687133789,156914
0.07848572731018066,156904
0.08029389381408691,156830
0.08210086822509766,156770
0.0839085578918457,156736
0.08571410179138184,156622
0.08754181861877441,156552
0.08937549591064453,156376
0.09120297431945801,156290
0.09302520751953125,156290
0.0930335521697998,156290
