Time,Objective value
0.0005474090576171875,178996
0.001958131790161133,164324
0.003766775131225586,161630
0.005572795867919922,160394
0.00737762451171875,159710
0.009209632873535156,159472
0.011026144027709961,159182
0.012835025787353516,158866
0.014642000198364258,158688
0.016448497772216797,158476
0.018260478973388672,158184
0.02006816864013672,158060
0.021875858306884766,157840
0.023684024810791016,157786
0.025488853454589844,157686
0.02729487419128418,157616
0.029109477996826172,157476
0.030917882919311523,157392
0.032724618911743164,157332
0.03453230857849121,157324
0.036337852478027344,157316
0.038149356842041016,157316
0.03995823860168457,157308
0.04176592826843262,157210
0.04357171058654785,157202
0.04537558555603027,157154
0.047179460525512695,157136
0.048992156982421875,157114
0.05079960823059082,157084
0.05260753631591797,157080
0.054413557052612305,157026
0.05621695518493652,156930
0.058031320571899414,156928
0.05983853340148926,156922
0.0616455078125,156858
0.06345152854919434,156838
0.06525635719299316,156818
0.06706476211547852,156794
0.0688776969909668,156756
0.07068467140197754,156756
0.07249069213867188,156730
0.07429361343383789,156730
0.07610130310058594,156690
0.07791471481323242,156634
0.07972192764282227,156626
0.08153152465820312,156574
0.08333849906921387,156562
0.08514666557312012,156562
0.08695411682128906,156554
0.08877158164978027,156554
0.09059929847717285,156544
0.09242653846740723,156534
0.09243488311767578,156534
