Time,Objective value
0.03474712371826172,35082
0.03475618362426758,35082
0.06321883201599121,35082
0.0815579891204834,35082
0.10035467147827148,35082
0.12921476364135742,35082
0.15300464630126953,35082
0.18139219284057617,34818
0.2002272605895996,34818
0.22969293594360352,34818
0.2528088092803955,34818
0.27588391304016113,34818
0.3043022155761719,34818
0.3280813694000244,34818
0.3515188694000244,34818
0.38004517555236816,34818
1.625168800354004,34702
2.961986541748047,34702
4.030104160308838,34702
5.340096473693848,34702
6.630819082260132,34702
7.693376541137695,34702
8.390849113464355,34702
9.469098091125488,34702
10.584483623504639,34702
11.312232732772827,34702
11.867971658706665,34702
12.561861515045166,34702
13.109088659286499,34702
13.772783041000366,34680
14.285733222961426,34646
14.790372133255005,34622
15.382749557495117,34614
15.920249700546265,34614
16.60663938522339,34610
17.23627495765686,34578
17.82903003692627,34578
18.56244945526123,34578
19.129395961761475,34578
19.821848392486572,34578
20.321230173110962,34578
20.9274845123291,34578
21.580272674560547,34578
22.225358486175537,34578
22.744324684143066,34566
23.397791624069214,34566
24.510566234588623,34566
25.71379256248474,34566
26.33650302886963,34566
26.86528778076172,34566
27.48880100250244,34566
28.11929154396057,34566
29.462735652923584,34566
30.470192909240723,34566
31.114152193069458,34566
31.759490966796875,34566
31.759501934051514,34566
