Time,Objective value
0.020000934600830078,35408
0.020009994506835938,35408
0.04307985305786133,35338
0.07176923751831055,35338
0.10545158386230469,35196
0.13443803787231445,35196
0.15929555892944336,35024
0.18814635276794434,35024
0.21697258949279785,35024
0.24102401733398438,35024
0.26479554176330566,35024
0.2886960506439209,35024
0.3116905689239502,35024
0.33530235290527344,35024
0.36905407905578613,35024
0.3978862762451172,35024
1.638504981994629,34948
2.9364051818847656,34874
3.8617284297943115,34874
4.39423131942749,34796
5.1012163162231445,34796
5.6583192348480225,34750
6.305877923965454,34640
6.8773369789123535,34640
7.456622362136841,34640
8.301121711730957,34600
8.963491439819336,34600
9.693706750869751,34600
10.305997610092163,34600
10.999109506607056,34600
12.096197128295898,34600
12.941365242004395,34600
13.771881818771362,34600
14.946938037872314,34600
15.926766872406006,34600
16.636428117752075,34594
17.222495555877686,34588
18.431766510009766,34588
19.569862842559814,34578
20.12730884552002,34556
21.10959553718567,34546
21.62264323234558,34546
22.729953050613403,34536
23.278456211090088,34536
23.991254329681396,34536
24.67043161392212,34534
25.301660776138306,34534
26.351808309555054,34534
27.6200532913208,34534
28.944655179977417,34534
29.85373830795288,34534
30.478063821792603,34534
31.06793737411499,34534
31.708230018615723,34534
31.70824146270752,34534
