Time,Objective value
0.01649928092956543,35374
0.016505718231201172,35374
0.03138875961303711,35180
0.04862499237060547,35180
0.06610465049743652,35058
0.08090782165527344,35058
0.09564399719238281,34978
0.1103518009185791,34978
0.12568044662475586,34978
0.13534832000732422,34978
0.149885892868042,34850
0.1645069122314453,34850
0.17652368545532227,34850
0.19119787216186523,34850
0.2105245590209961,34850
0.22279691696166992,34850
0.8319301605224609,34850
1.436452865600586,34850
2.1124026775360107,34772
2.6960599422454834,34772
3.2818734645843506,34618
3.9522268772125244,34604
4.36858344078064,34604
4.9716856479644775,34604
5.574404239654541,34604
6.151594400405884,34604
6.635422229766846,34604
7.246721267700195,34604
7.571456670761108,34602
8.238458395004272,34602
8.854906558990479,34542
9.426039695739746,34542
10.09973669052124,34542
10.59801197052002,34504
11.217498540878296,34504
11.804600477218628,34494
12.39622163772583,34494
12.995964050292969,34494
13.56307578086853,34494
14.030062675476074,34494
14.574933528900146,34494
15.183692455291748,34494
15.732444524765015,34494
16.29817485809326,34494
16.968554496765137,34494
17.797553777694702,34494
19.14226007461548,34494
20.37604784965515,34494
21.011715412139893,34494
22.16915011405945,34494
23.5149986743927,34494
24.635331630706787,34494
25.328786849975586,34494
25.901493787765503,34494
26.56076741218567,34494
27.16608238220215,34494
28.25548768043518,34494
28.98226022720337,34494
30.20244002342224,34494
30.827797412872314,34494
31.38104009628296,34494
31.38104796409607,34494
