Time,Objective value
0.020412206649780273,35332
0.020418405532836914,35332
0.03296160697937012,35332
0.047559261322021484,35332
0.05974221229553223,35122
0.07447338104248047,35122
0.08438873291015625,35122
0.09426665306091309,35122
0.10874271392822266,35122
0.12362909317016602,35122
0.14562273025512695,35122
0.15474820137023926,35122
0.16692566871643066,35122
0.17882442474365234,35122
0.19361495971679688,34862
0.20854616165161133,34862
0.9187464714050293,34698
1.5440130233764648,34658
2.207350730895996,34658
2.859215497970581,34556
3.4004998207092285,34504
3.9861559867858887,34504
4.687546253204346,34504
5.340790748596191,34504
5.94538950920105,34504
6.567010879516602,34504
7.11180305480957,34478
7.619370937347412,34478
8.480407238006592,34462
9.643237829208374,34462
10.832955360412598,34462
11.49498462677002,34462
11.908779859542847,34462
12.62162709236145,34462
13.972763299942017,34462
14.657762050628662,34462
15.285747051239014,34462
15.965424537658691,34462
16.90812635421753,34462
18.0315523147583,34462
19.05605387687683,34462
19.58321452140808,34462
20.261176824569702,34462
21.01508593559265,34462
21.448740482330322,34462
22.1080162525177,34462
22.5702006816864,34462
23.221516847610474,34462
23.656999111175537,34462
24.600409507751465,34462
25.87686514854431,34462
27.221710205078125,34462
27.94550609588623,34462
29.273911476135254,34462
30.16392230987549,34462
30.788954257965088,34462
31.34694266319275,34462
31.98850655555725,34462
31.988518714904785,34462
