Time,Objective value
0.004047393798828125,208
0.004056215286254883,208
0.008174657821655273,192
0.012188196182250977,192
0.0162353515625,192
0.019399642944335938,192
0.02334761619567871,192
0.02709817886352539,192
0.030032634735107422,192
0.03320431709289551,192
0.03731131553649902,192
0.041245222091674805,192
0.04535102844238281,192
0.04931235313415527,192
0.053414106369018555,192
0.057399749755859375,192
0.06055784225463867,192
0.06431031227111816,192
0.06812691688537598,192
0.07100415229797363,192
0.07470130920410156,192
0.07839226722717285,188
0.08227992057800293,188
0.08600664138793945,188
0.08891439437866211,188
0.09275150299072266,188
0.09276247024536133,188
