Time,Objective value
0.0029375553131103516,200
0.002943277359008789,200
0.004767417907714844,200
0.007048368453979492,200
0.00932931900024414,200
0.011107206344604492,200
0.01294255256652832,200
0.015275001525878906,200
0.0189664363861084,200
0.021237850189208984,200
0.023568391799926758,200
0.025423526763916016,200
0.027714014053344727,200
0.029552459716796875,200
0.03138995170593262,200
0.03368020057678223,200
0.03599047660827637,200
0.037850379943847656,200
0.03966236114501953,200
0.041932106018066406,200
0.043703317642211914,200
0.045555830001831055,200
0.04786396026611328,196
0.04971933364868164,196
0.051566123962402344,196
0.05386495590209961,196
0.05387377738952637,196
