Time,Objective value
0.004678487777709961,196
0.004686117172241211,196
0.007907867431640625,196
0.010739803314208984,196
0.01259613037109375,196
0.014893054962158203,196
0.016666650772094727,196
0.0198671817779541,196
0.02258133888244629,196
0.02486395835876465,196
0.027124643325805664,196
0.029415130615234375,184
0.03182220458984375,184
0.034459829330444336,184
0.036882877349853516,184
0.03934955596923828,184
0.04235076904296875,184
0.045342206954956055,184
0.04763007164001465,184
0.049933433532714844,184
0.05172443389892578,184
0.05362534523010254,184
0.0559687614440918,184
0.05825924873352051,184
0.060575008392333984,184
0.06291794776916504,184
0.06292533874511719,184
