Time,Objective value
0.00404047966003418,224
0.004049777984619141,224
0.007367610931396484,216
0.010748624801635742,216
0.014559507369995117,200
0.0169374942779541,200
0.020356178283691406,200
0.023144006729125977,200
0.026688337326049805,200
0.03007650375366211,200
0.032949209213256836,200
0.03569293022155762,200
0.03890657424926758,200
0.04351949691772461,192
0.046955108642578125,192
0.0493466854095459,192
0.052794456481933594,192
0.056066274642944336,192
0.059645652770996094,184
0.06319546699523926,184
0.0665595531463623,184
0.07098793983459473,184
0.07380175590515137,184
0.07761526107788086,184
0.08089566230773926,184
0.0857398509979248,184
0.0857551097869873,184
