Time,Objective value
0.004396677017211914,216
0.00440669059753418,216
0.006769418716430664,208
0.00946807861328125,196
0.012149572372436523,196
0.014944076538085938,196
0.01717209815979004,196
0.020107746124267578,192
0.02276444435119629,192
0.02599787712097168,192
0.029192209243774414,192
0.03107166290283203,192
0.03374290466308594,192
0.03752756118774414,192
0.04073953628540039,192
0.04357647895812988,192
0.04646468162536621,192
0.049663543701171875,192
0.05327415466308594,192
0.056947946548461914,192
0.06057429313659668,192
0.06415605545043945,192
0.06619715690612793,192
0.06903195381164551,192
0.07223963737487793,192
0.07587337493896484,192
0.07588624954223633,192
