Time,Objective value
0.0047914981842041016,212
0.004800558090209961,212
0.007881879806518555,212
0.011888742446899414,200
0.015903711318969727,200
0.020099163055419922,200
0.024220705032348633,200
0.028304100036621094,200
0.032459259033203125,200
0.036590576171875,200
0.040459394454956055,200
0.04369616508483887,200
0.04869198799133301,200
0.052085161209106445,200
0.0569150447845459,200
0.06084394454956055,200
0.0648348331451416,200
0.06811237335205078,200
0.07212018966674805,200
0.0761415958404541,200
0.07944869995117188,200
0.08347797393798828,200
0.08768177032470703,200
0.09098243713378906,200
0.09592509269714355,200
0.09914302825927734,200
0.09915757179260254,200
