Time,Objective value
0.05176234245300293,35342
0.05176854133605957,35342
0.1036369800567627,35084
0.15536093711853027,35084
0.20707225799560547,35084
0.25867271423339844,35084
0.31049108505249023,35084
0.3621985912322998,35080
0.41390156745910645,35080
0.4658229351043701,35080
0.517749547958374,35080
0.5696053504943848,35080
0.6213586330413818,35080
0.6730115413665771,35080
0.7249295711517334,35080
0.7766118049621582,35080
0.8282842636108398,35080
0.8801941871643066,35080
0.9318532943725586,34992
0.9836645126342773,34992
1.035409688949585,34992
1.0873422622680664,34992
1.1389548778533936,34992
1.190659999847412,34928
1.2423515319824219,34928
1.294503927230835,34928
1.2945141792297363,34928
