Time,Objective value
0.051756858825683594,35468
0.05176234245300293,35468
0.10353565216064453,35450
0.15536212921142578,35450
0.2070293426513672,34946
0.2587001323699951,34946
0.31026315689086914,34946
0.3619239330291748,34946
0.413832426071167,34946
0.4654660224914551,34946
0.5171771049499512,34946
0.5688650608062744,34946
0.6204850673675537,34946
0.6721010208129883,34946
0.7237298488616943,34946
0.7756302356719971,34946
0.8274242877960205,34946
0.879706621170044,34946
0.9319677352905273,34946
0.984027624130249,34946
1.036041498184204,34946
1.087949275970459,34946
1.1396033763885498,34946
1.1915416717529297,34936
1.2433457374572754,34936
1.295116662979126,34936
1.29512357711792,34936
