Time,Objective value
0.0518491268157959,35324
0.051854848861694336,35324
0.10379815101623535,35262
0.15560126304626465,35262
0.2075328826904297,35262
0.29271650314331055,35262
0.39368414878845215,35262
0.4947946071624756,35262
0.5958547592163086,35248
0.6969013214111328,35032
0.7826125621795654,35032
0.8345730304718018,35032
0.9316117763519287,35032
1.0324740409851074,35032
1.1336493492126465,35032
1.2345240116119385,35032
1.3357925415039062,35032
1.3943965435028076,35032
1.44643235206604,35032
1.498279094696045,35032
1.5502326488494873,35032
1.6022288799285889,35032
1.6545429229736328,35032
1.7067468166351318,35032
1.7591557502746582,35032
1.8107788562774658,35032
1.8107900619506836,35032
