Time,Objective value
0.10062122344970703,35468
0.10062980651855469,35468
0.20200395584106445,35364
0.30246734619140625,35364
0.4031102657318115,34834
0.5036971569061279,34834
0.6049706935882568,34834
0.7061333656311035,34834
0.807323694229126,34834
0.9078679084777832,34834
1.0087273120880127,34834
1.1094768047332764,34834
1.2104544639587402,34834
1.3115191459655762,34834
1.4174869060516357,34834
1.518693208694458,34834
1.6219499111175537,34834
1.7196464538574219,34834
1.8169620037078857,34834
1.9201231002807617,34834
2.01678204536438,34834
2.107494831085205,34834
2.182119131088257,34834
2.2349116802215576,34834
2.2845795154571533,34834
2.33420467376709,34834
2.3342108726501465,34834
