Time,Objective value
0.10069775581359863,35072
0.10070681571960449,35072
0.20207500457763672,35072
0.3032195568084717,34948
0.40373802185058594,34948
0.504683256149292,34948
0.5915858745574951,34948
0.6433846950531006,34948
0.6951212882995605,34948
0.747105598449707,34948
0.8150155544281006,34948
0.8808932304382324,34948
0.9327409267425537,34948
0.9843668937683105,34948
1.036348581314087,34948
1.0882821083068848,34948
1.1401724815368652,34948
1.191992998123169,34948
1.2436871528625488,34948
1.295661211013794,34948
1.347672939300537,34948
1.4009804725646973,34948
1.4534790515899658,34948
1.5072484016418457,34948
1.5592148303985596,34948
1.6111102104187012,34948
1.611116886138916,34948
