Time,Objective value
0.05200767517089844,35976
0.05201411247253418,35976
0.10376334190368652,35744
0.15558505058288574,35276
0.2073664665222168,35276
0.25932836532592773,35276
0.3111758232116699,35276
0.3631172180175781,35276
0.4148218631744385,35276
0.46679091453552246,35276
0.5186779499053955,35276
0.5705051422119141,35044
0.6222109794616699,35044
0.674231767654419,35044
0.7259430885314941,35044
0.7779755592346191,35044
0.8297016620635986,35044
0.8819859027862549,35044
0.9337670803070068,34952
0.9855167865753174,34952
1.037233829498291,34952
1.089061975479126,34952
1.1407060623168945,34952
1.1924939155578613,34952
1.2444124221801758,34952
1.296252965927124,34952
1.2962596416473389,34952
