Time,Objective value
0.0035429000854492188,22989998
0.0035490989685058594,22989998
0.005021572113037109,22872848
0.006363868713378906,22872848
0.007959127426147461,21119042
0.009456157684326172,19687460
0.011008262634277344,19687460
0.012408971786499023,19687460
0.01378321647644043,19687460
0.015166997909545898,19687460
0.016623735427856445,19687460
0.0180971622467041,19687460
0.019405126571655273,19687460
0.021027088165283203,19332886
0.02226543426513672,19332886
0.02355217933654785,19332886
0.024914264678955078,18039214
0.026444435119628906,18039214
0.027704954147338867,18039214
0.02910757064819336,18039214
0.030506372451782227,18039214
0.031963348388671875,18039214
0.033496856689453125,18039214
0.0349123477935791,18039214
0.03643965721130371,18039214
0.03785371780395508,18039214
0.03786182403564453,18039214
