Time,Objective value
0.0038743019104003906,23381474
0.0038809776306152344,23381474
0.005715370178222656,22756804
0.007445335388183594,22756804
0.009193658828735352,22756804
0.010839223861694336,22756804
0.012131452560424805,19424882
0.01364445686340332,19424882
0.015027761459350586,18039214
0.01641058921813965,18039214
0.017679691314697266,18039214
0.019070148468017578,18039214
0.02057933807373047,18039214
0.021993160247802734,18039214
0.023373126983642578,18039214
0.024694204330444336,18039214
0.02596569061279297,18039214
0.02736520767211914,18039214
0.028786182403564453,18039214
0.030208110809326172,18039214
0.03169107437133789,17937024
0.032956838607788086,17937024
0.03435921669006348,17937024
0.03576040267944336,17937024
0.037177085876464844,17937024
0.03878211975097656,17937024
0.03878974914550781,17937024
