Time,Objective value
0.0034263134002685547,22989998
0.0034368038177490234,22989998
0.005947589874267578,22872848
0.008209705352783203,22872848
0.011241674423217773,21119042
0.013813257217407227,19687460
0.016036033630371094,19687460
0.01838517189025879,19687460
0.020443439483642578,19687460
0.022806406021118164,19687460
0.025226354598999023,19687460
0.027626514434814453,19687460
0.02975320816040039,19687460
0.032372236251831055,19332886
0.03438568115234375,19332886
0.03658246994018555,19332886
0.039031028747558594,18039214
0.04117155075073242,18039214
0.042520761489868164,18039214
0.04397392272949219,18039214
0.04540705680847168,18039214
0.04755663871765137,18039214
0.05057644844055176,18039214
0.052947998046875,18039214
0.05557584762573242,18039214
0.05790877342224121,18039214
0.05792427062988281,18039214
