Time,Objective value
0.004632711410522461,17997928
0.004641532897949219,17997928
0.007179737091064453,17937024
0.009669065475463867,17937024
0.011953353881835938,17937024
0.014132261276245117,17937024
0.016487836837768555,17937024
0.018676042556762695,17937024
0.020747900009155273,17937024
0.023134469985961914,17937024
0.02540135383605957,17937024
0.027750730514526367,17937024
0.02997565269470215,17937024
0.03256821632385254,17937024
0.0350339412689209,17937024
0.037770748138427734,17937024
0.0400700569152832,17937024
0.042607784271240234,17937024
0.04512929916381836,17937024
0.047771453857421875,17937024
0.05028033256530762,17937024
0.05302166938781738,17937024
0.05535769462585449,17937024
0.05821418762207031,17937024
0.06065535545349121,17937024
0.06312131881713867,17937024
0.06313848495483398,17937024
