Time,Objective value
0.005185604095458984,25970150
0.005193471908569336,25970150
0.007462024688720703,25970150
0.009790658950805664,25970150
0.012336254119873047,25970150
0.014899730682373047,19687460
0.01738905906677246,19687460
0.019718647003173828,19687460
0.022026538848876953,19450012
0.024466753005981445,19450012
0.027167558670043945,19332886
0.02940988540649414,19332886
0.0315859317779541,19332886
0.034082651138305664,17937024
0.03656268119812012,17937024
0.03876614570617676,17937024
0.0410611629486084,17937024
0.043862342834472656,17937024
0.04598689079284668,17937024
0.04833555221557617,17937024
0.05034947395324707,17937024
0.05266761779785156,17937024
0.054889678955078125,17937024
0.05700945854187012,17937024
0.059311866760253906,17937024
0.061852216720581055,17937024
0.061867713928222656,17937024
