Time,Objective value
0.08861517906188965,152790
0.08862185478210449,152790
0.08862876892089844,152790
