Time,Objective value
0.28800463676452637,152552
0.28801679611206055,152552
0.2880282402038574,152552
