Time,Objective value
0.1312549114227295,152686
0.13126325607299805,152686
0.1312708854675293,152686
