Time,Objective value
0.25894713401794434,151016
0.2589597702026367,151016
0.2589728832244873,151016
