Time,Objective value
0.3060922622680664,152642
0.3061034679412842,152642
0.30611467361450195,152642
