Time,Objective value
0.10619187355041504,151482
0.1062006950378418,151482
0.10620832443237305,151482
