Time,Objective value
0.13573360443115234,151726
0.1357421875,151726
0.13574910163879395,151726
