Time,Objective value
0.13518667221069336,150494
0.13519525527954102,150494
0.13520264625549316,150494
