Time,Objective value
0.09058928489685059,150942
0.09059572219848633,150942
0.09060192108154297,150942
