Time,Objective value
0.15294170379638672,151330
0.15295052528381348,151330
0.15295815467834473,151330
