Time,Objective value
0.024924755096435547,49130
0.02493429183959961,49130
0.06628012657165527,49130
0.10234999656677246,49130
0.17969870567321777,49130
0.2379624843597412,49130
0.28272414207458496,49130
0.335369348526001,49130
0.38106513023376465,49130
0.4180183410644531,49130
0.47155070304870605,49130
0.5171136856079102,49130
0.5439410209655762,49130
0.5623176097869873,49130
0.5893902778625488,49130
0.6080362796783447,49130
2.2800402641296387,48674
3.9697768688201904,48572
5.215182304382324,48566
6.32649564743042,48542
7.624312400817871,48542
8.891584634780884,48542
10.342721700668335,48536
12.488871097564697,48536
13.716821670532227,48526
14.854929208755493,48516
16.160459518432617,48506
17.522027730941772,48506
18.779525756835938,48498
20.001458406448364,48498
21.210103750228882,48498
22.57565188407898,48498
25.25920534133911,48498
27.69149923324585,48498
29.341905117034912,48498
30.508236408233643,48498
31.727494478225708,48498
33.99497079849243,48498
36.26681089401245,48498
37.69425845146179,48498
38.83034944534302,48498
40.04308295249939,48498
42.05465340614319,48498
42.054670572280884,48498
