Time,Objective value
0.026715993881225586,49674
0.026722192764282227,49674
0.05054116249084473,49626
0.07351064682006836,49368
0.09635305404663086,49368
0.12330198287963867,49368
0.14269256591796875,49186
0.16976475715637207,49186
0.19733238220214844,49186
0.2166142463684082,49186
0.23985004425048828,49154
0.27108216285705566,49154
0.3095865249633789,49154
0.3318021297454834,49154
0.3511381149291992,49154
0.37450075149536133,49154
1.531458854675293,49154
2.60871958732605,49154
3.7137515544891357,49152
4.953800439834595,49152
6.81104588508606,49070
8.713414192199707,49070
10.39160966873169,48900
12.378340721130371,48798
14.38623046875,48744
16.63018488883972,48650
18.089208364486694,48628
19.158703327178955,48594
20.234385013580322,48594
21.36949396133423,48594
22.242047548294067,48594
23.3291335105896,48594
24.4392569065094,48594
25.726654291152954,48594
26.905258417129517,48594
27.904948949813843,48586
29.220637798309326,48586
31.866605281829834,48586
34.11966013908386,48586
36.94680881500244,48586
39.77208113670349,48586
42.22421717643738,48586
42.22423839569092,48586
