Time,Objective value
0.019407987594604492,49668
0.019414663314819336,49668
0.038796424865722656,49668
0.061920881271362305,49668
0.08513164520263672,49416
0.12452578544616699,49416
0.1437084674835205,49416
0.17089080810546875,49416
0.1895136833190918,49416
0.20891928672790527,49416
0.22797489166259766,49416
0.2513856887817383,49298
0.27843332290649414,49298
0.3055446147918701,49298
0.32442545890808105,49298
0.34351205825805664,49100
1.682910442352295,49090
3.024155378341675,48888
4.254319667816162,48680
5.381821155548096,48650
6.705828428268433,48650
8.065788984298706,48650
9.345557928085327,48650
10.756858110427856,48650
12.143110036849976,48650
13.442903757095337,48642
14.62531852722168,48642
15.88471794128418,48618
16.93858027458191,48610
18.183901071548462,48610
19.33596658706665,48610
20.2946720123291,48610
21.440764904022217,48610
22.866523027420044,48610
24.291664123535156,48610
25.516528606414795,48610
26.81726837158203,48610
28.018783807754517,48610
29.059762001037598,48610
30.262646198272705,48592
31.81172776222229,48576
32.89416265487671,48558
34.14319467544556,48558
35.44718146324158,48558
36.85662078857422,48558
38.10028696060181,48558
39.27176213264465,48558
40.385268688201904,48558
41.55744123458862,48558
41.55745339393616,48558
