Time,Objective value
0.06377577781677246,49226
0.06378483772277832,49226
0.10789799690246582,49226
0.1365375518798828,49226
0.18081331253051758,49226
0.2172985076904297,49226
0.2476346492767334,49226
0.283905029296875,49226
0.33710289001464844,49226
0.39052367210388184,49226
0.43532776832580566,49226
0.4801516532897949,49226
0.526400089263916,49226
0.5711061954498291,49226
0.6171185970306396,49226
0.6550440788269043,49226
3.4210991859436035,48914
4.987995862960815,48872
6.264464616775513,48824
7.718233346939087,48782
9.032833099365234,48782
10.414860725402832,48782
11.439065933227539,48782
12.470086574554443,48782
13.607033252716064,48782
14.700536489486694,48782
16.061912298202515,48782
17.39084792137146,48782
20.046055555343628,48782
21.216104984283447,48782
22.318711280822754,48782
23.7270188331604,48782
25.065833806991577,48782
26.312609434127808,48782
27.480770587921143,48744
29.640812158584595,48744
31.30064868927002,48744
33.353145122528076,48744
35.74389052391052,48744
37.24100041389465,48744
38.45855355262756,48744
40.95131063461304,48744
42.0464072227478,48744
42.04641842842102,48744
