Time,Objective value
0.07268762588500977,15261401
0.07269525527954102,15261401
0.14204144477844238,15228954
0.21066737174987793,15228954
0.2793905735015869,15193167
0.3484995365142822,15193167
0.4168093204498291,15193167
0.4854106903076172,15193167
0.5538411140441895,15193167
0.6224563121795654,15193167
0.6909825801849365,15193167
0.7596409320831299,15193167
0.8281731605529785,15193167
0.8965132236480713,15193167
0.964942455291748,15193167
1.0334081649780273,15193167
1.1021020412445068,15193167
1.1705663204193115,15193167
1.2392044067382812,15193167
1.3077857494354248,15193167
1.376199722290039,15193167
1.5036468505859375,15193167
1.6498098373413086,15193167
1.7995834350585938,15193167
1.9474921226501465,15193167
2.09414005279541,15193167
2.0941524505615234,15193167
