Time,Objective value
0.25832343101501465,192
0.26025915145874023,192
0.41172146797180176,168
0.5566041469573975,168
0.7034997940063477,168
0.8519155979156494,168
1.0010478496551514,168
1.1430919170379639,168
1.297795057296753,168
1.4456357955932617,168
1.5908524990081787,168
1.734576940536499,168
1.873384952545166,168
2.0134165287017822,168
2.1537678241729736,168
2.297684669494629,168
2.445035696029663,168
2.589540958404541,168
2.7313730716705322,168
2.8712995052337646,168
3.011150360107422,168
3.1535470485687256,168
3.2955100536346436,168
3.433335542678833,168
3.5743446350097656,168
3.7149124145507812,168
3.855954647064209,168
3.9940452575683594,168
4.13124680519104,168
4.26993989944458,168
4.408043384552002,168
4.545792579650879,168
4.684083938598633,168
4.823367118835449,168
4.964969158172607,168
5.103347301483154,168
5.243070125579834,168
5.3805992603302,168
5.517850875854492,168
5.657068967819214,168
5.797335624694824,168
5.935766696929932,168
6.075115203857422,168
6.214410305023193,168
6.353417158126831,168
6.492050647735596,168
6.629878759384155,168
6.767383337020874,168
6.9062159061431885,168
7.049776792526245,168
7.188550233840942,168
7.3289635181427,168
7.4673027992248535,168
7.607306718826294,168
7.746807098388672,168
7.886736869812012,168
8.025568723678589,168
8.164042949676514,168
8.301494836807251,168
8.44057846069336,168
8.580438613891602,168
8.71865439414978,168
8.858611106872559,168
8.997607707977295,168
9.136509656906128,168
9.27607798576355,168
9.417109251022339,168
9.555148124694824,168
9.692207336425781,168
9.828564643859863,168
9.971904993057251,168
10.111803531646729,168
10.24869155883789,168
10.250553369522095,168
