Time,Objective value
0.24947166442871094,168
0.2512936592102051,168
0.39932966232299805,168
0.5428707599639893,168
0.6866779327392578,168
0.8340983390808105,168
0.9734911918640137,168
1.117767333984375,168
1.2585995197296143,168
1.3988559246063232,168
1.5370478630065918,168
1.6740210056304932,168
1.811591386795044,168
1.952660083770752,168
2.0913825035095215,168
2.2291693687438965,168
2.3681154251098633,168
2.5075671672821045,168
2.6510064601898193,168
2.787548780441284,168
2.928293228149414,168
3.0683772563934326,168
3.206324815750122,168
3.34485125541687,168
3.484201431274414,168
3.622990846633911,168
3.7633159160614014,168
3.8996834754943848,168
4.0412023067474365,168
4.182351589202881,168
4.320061683654785,168
4.463241815567017,168
4.6041083335876465,168
4.740213394165039,168
4.880612134933472,168
5.0212953090667725,168
5.163162708282471,168
5.302041292190552,168
5.438153028488159,168
5.578042030334473,168
5.715723037719727,168
5.854572772979736,168
5.992504358291626,168
6.13231086730957,168
6.271335124969482,168
6.412229299545288,168
6.551733493804932,168
6.691291093826294,168
6.828789234161377,168
6.968701601028442,168
7.105769157409668,168
7.243826866149902,168
7.382382392883301,168
7.519346475601196,168
7.658236265182495,168
7.793661594390869,168
7.928929328918457,168
8.07202935218811,168
8.21141266822815,168
8.348337173461914,168
8.484487771987915,168
8.624563694000244,168
8.761251211166382,168
8.900162935256958,168
9.03810429573059,168
9.17865538597107,168
9.31869888305664,168
9.460636377334595,168
9.601365089416504,168
9.738949298858643,168
9.875820398330688,168
10.015812158584595,168
10.152531385421753,168
10.289061546325684,168
10.290811777114868,168
