Time,Objective value
0.4666929244995117,196
0.46971607208251953,196
0.7371170520782471,168
1.0051937103271484,168
1.2714581489562988,168
1.540369987487793,168
1.8037843704223633,168
2.0772805213928223,168
2.3424785137176514,168
2.6162195205688477,168
2.876030683517456,168
3.136993408203125,168
3.393515110015869,168
3.647850513458252,168
3.9008026123046875,168
4.053562164306641,168
4.190378189086914,168
4.329468727111816,168
4.466537952423096,168
4.649866819381714,168
4.903979539871216,168
5.162970542907715,168
5.422565937042236,168
5.681775331497192,168
5.937059164047241,168
6.1953630447387695,168
6.454127073287964,168
6.7104082107543945,168
6.967559099197388,168
7.233262777328491,168
7.492431879043579,168
7.7500739097595215,168
7.968027830123901,168
8.105907201766968,168
8.24112606048584,168
8.375763416290283,168
8.514103889465332,168
8.65531039237976,168
8.793781995773315,168
8.931144714355469,168
9.067216873168945,168
9.203014850616455,168
9.33998727798462,168
9.476655006408691,168
9.614709377288818,168
9.751802444458008,168
9.890172481536865,168
10.024131774902344,168
10.159370422363281,168
10.30269980430603,168
10.305265426635742,168
