Time,Objective value
0.003638029098510742,6854
0.0036439895629882812,6854
0.004987239837646484,6854
0.006301403045654297,6854
0.007495880126953125,6758
0.008531808853149414,6758
0.009539604187011719,6758
0.010593652725219727,6758
0.01147603988647461,6758
0.012351751327514648,6758
0.013300895690917969,6758
0.014339685440063477,6678
0.015206336975097656,6678
0.01623249053955078,6678
0.01743912696838379,6678
0.018482446670532227,6678
0.01950812339782715,6678
0.020681142807006836,6678
0.021710634231567383,6678
0.022895097732543945,6678
0.0237581729888916,6678
0.024792194366455078,6678
0.025677204132080078,6678
0.026752948760986328,6678
0.028888463973999023,6678
0.030453920364379883,6678
0.03046727180480957,6678
