Time,Objective value
0.004471540451049805,6740
0.004480600357055664,6740
0.006342411041259766,6740
0.008136987686157227,6740
0.010200023651123047,6740
0.011916875839233398,6740
0.013652563095092773,6712
0.015487194061279297,6712
0.01732802391052246,6712
0.01894831657409668,6712
0.020802021026611328,6712
0.022419214248657227,6712
0.024138212203979492,6574
0.026590347290039062,6574
0.028586626052856445,6574
0.030598878860473633,6574
0.032510995864868164,6498
0.03492569923400879,6498
0.03603506088256836,6498
0.03714752197265625,6498
0.0382838249206543,6498
0.03936886787414551,6498
0.04050302505493164,6498
0.04161524772644043,6498
0.042743682861328125,6498
0.04402613639831543,6498
0.04403495788574219,6498
