Time,Objective value
0.005414009094238281,6826
0.005423307418823242,6826
0.00754857063293457,6826
0.009598970413208008,6682
0.011214971542358398,6682
0.012891530990600586,6682
0.014585018157958984,6682
0.016326904296875,6682
0.018039703369140625,6682
0.019526958465576172,6682
0.02108287811279297,6682
0.022882938385009766,6682
0.024728059768676758,6682
0.02656078338623047,6682
0.028370141983032227,6682
0.030324220657348633,6682
0.03189730644226074,6682
0.03356814384460449,6682
0.03524518013000488,6682
0.03694772720336914,6682
0.03874659538269043,6682
0.0405123233795166,6682
0.0420985221862793,6682
0.04378485679626465,6566
0.045775413513183594,6460
0.047447919845581055,6460
0.047461748123168945,6460
