Time,Objective value
0.0029811859130859375,6724
0.002986907958984375,6724
0.003875732421875,6724
0.004786252975463867,6724
0.0056726932525634766,6724
0.006726741790771484,6724
0.007627725601196289,6724
0.008665323257446289,6724
0.00971674919128418,6724
0.010768413543701172,6724
0.011791467666625977,6724
0.012992620468139648,6724
0.01388239860534668,6724
0.015061616897583008,6724
0.016115188598632812,6724
0.017287254333496094,6724
0.018340110778808594,6724
0.019241809844970703,6724
0.020472288131713867,6406
0.021661758422851562,6406
0.022541046142578125,6406
0.023557186126708984,6406
0.024563312530517578,6406
0.025429964065551758,6406
0.026447772979736328,6406
0.02747201919555664,6406
0.027478694915771484,6406
