Time,Objective value
0.005007743835449219,7042
0.005015850067138672,7042
0.006733417510986328,6512
0.008613348007202148,6512
0.010207176208496094,6512
0.011423110961914062,6512
0.012289762496948242,6512
0.013326883316040039,6512
0.014348745346069336,6512
0.015238523483276367,6512
0.016285181045532227,6512
0.017482519149780273,6512
0.01867818832397461,6512
0.019550323486328125,6512
0.020470619201660156,6512
0.021674394607543945,6512
0.022709369659423828,6512
0.023586511611938477,6512
0.024626731872558594,6512
0.025492191314697266,6512
0.026404380798339844,6512
0.027280807495117188,6512
0.02834153175354004,6512
0.029381990432739258,6512
0.03043079376220703,6512
0.03134965896606445,6512
0.03136634826660156,6512
