Time,Objective value
0.037995338439941406,35216
0.038001060485839844,35216
0.07668089866638184,35178
0.1167752742767334,35178
0.17070674896240234,35178
0.21248650550842285,35178
0.25139737129211426,35178
0.28954005241394043,35178
0.3338809013366699,35178
0.37252306938171387,35178
0.4110088348388672,35178
0.44849491119384766,35178
0.48680663108825684,35178
0.528303861618042,35178
0.5612039566040039,35178
0.5998857021331787,35178
0.6368565559387207,35178
0.6773326396942139,35178
0.7152352333068848,35178
0.7564878463745117,35178
0.8027393817901611,35038
0.8423948287963867,35038
0.8809330463409424,35038
0.9188618659973145,35038
0.9617941379547119,34976
1.0217602252960205,34976
1.0217766761779785,34976
