Time,Objective value
0.06415510177612305,35932
0.06416559219360352,35932
0.12456822395324707,35602
0.18702125549316406,35162
0.25324058532714844,35162
0.2951986789703369,35162
0.33492255210876465,35162
0.3715031147003174,35162
0.40930938720703125,35162
0.4479036331176758,35162
0.4843578338623047,35162
0.523512601852417,35002
0.5595965385437012,35002
0.6000349521636963,35002
0.6362931728363037,35002
0.6755995750427246,35002
0.712404727935791,35002
0.7591729164123535,35002
0.8272786140441895,35002
0.9039814472198486,35002
0.976510763168335,34752
1.0342161655426025,34752
1.07387375831604,34752
1.1168310642242432,34752
1.1764073371887207,34752
1.2474637031555176,34752
1.247476577758789,34752
