Time,Objective value
0.06034064292907715,35374
0.06035161018371582,35374
0.12593770027160645,35374
0.19813084602355957,35374
0.26631617546081543,35374
0.33101391792297363,35374
0.39255857467651367,35230
0.45395636558532715,35230
0.5229086875915527,35230
0.5892415046691895,35230
0.6773779392242432,34840
0.7687733173370361,34840
0.834613561630249,34840
0.9018051624298096,34840
0.9685459136962891,34840
1.0283093452453613,34840
1.0960655212402344,34840
1.1624913215637207,34840
1.223628282546997,34840
1.2909512519836426,34840
1.3513569831848145,34840
1.409986972808838,34840
1.4806404113769531,34840
1.5396766662597656,34840
1.6004047393798828,34840
1.6707346439361572,34840
1.6707463264465332,34840
