Time,Objective value
0.05574607849121094,35120
0.0557553768157959,35120
0.1156625747680664,35120
0.17906713485717773,35120
0.24640607833862305,35120
0.3225119113922119,35120
0.39424777030944824,35120
0.4647023677825928,35110
0.5333895683288574,35110
0.5979039669036865,35110
0.6764588356018066,35110
0.7580180168151855,35110
0.8238663673400879,35110
0.8949189186096191,35110
0.970954179763794,35110
1.036710500717163,35110
1.10908842086792,35110
1.1779758930206299,35110
1.2431836128234863,35110
1.3130481243133545,35110
1.3833227157592773,35110
1.4482145309448242,35110
1.5156517028808594,35110
1.5860750675201416,35102
1.6527972221374512,35102
1.729799747467041,35102
1.7298109531402588,35102
