Time,Objective value
0.039228200912475586,35188
0.03923511505126953,35188
0.08022427558898926,35188
0.11948132514953613,35188
0.1631917953491211,35146
0.20429587364196777,35146
0.23981904983520508,35146
0.2788076400756836,35096
0.31592369079589844,34940
0.3585343360900879,34798
0.3946192264556885,34798
0.4365689754486084,34798
0.4790151119232178,34798
0.5162222385406494,34798
0.5594792366027832,34798
0.606316089630127,34798
0.6529052257537842,34798
0.6973202228546143,34798
0.7362079620361328,34798
0.7718126773834229,34798
0.812614917755127,34798
0.8540780544281006,34798
0.8921957015991211,34798
0.9288172721862793,34798
0.9667134284973145,34798
1.009026050567627,34798
1.0090396404266357,34798
