Time,Objective value
0.04352879524230957,34860
0.04353737831115723,34860
0.0825040340423584,34860
0.1221475601196289,34860
0.16126346588134766,34860
0.20246195793151855,34860
0.2462620735168457,34860
0.28637027740478516,34860
0.32468342781066895,34860
0.366774320602417,34860
0.406890869140625,34860
0.4487743377685547,34860
0.48647522926330566,34860
0.5288889408111572,34860
0.570117712020874,34860
0.6153903007507324,34860
0.6535561084747314,34860
0.6914241313934326,34860
0.7339365482330322,34860
0.7792587280273438,34860
0.8152649402618408,34860
0.858370304107666,34860
0.8993704319000244,34860
0.9457108974456787,34860
0.9887082576751709,34860
1.0297813415527344,34860
1.0297901630401611,34860
