Time,Objective value
0.03852415084838867,35874
0.03853130340576172,35874
0.07595658302307129,35278
0.11040401458740234,35278
0.15535569190979004,35176
0.18962383270263672,35176
0.22514724731445312,35176
0.2602839469909668,35176
0.296891450881958,35176
0.3313770294189453,35176
0.36855602264404297,35176
0.4061100482940674,35176
0.44861912727355957,35176
0.49073004722595215,35176
0.5276942253112793,35176
0.5628972053527832,35176
0.5979726314544678,35176
0.638357400894165,35176
0.6807525157928467,35022
0.7152402400970459,35022
0.7533752918243408,35022
0.7915127277374268,35022
0.8283884525299072,35022
0.8625409603118896,35022
0.8976895809173584,35022
0.9326627254486084,35022
0.9326698780059814,35022
