Time,Objective value
0.03958296775817871,35476
0.03959202766418457,35476
0.08021855354309082,35476
0.11694455146789551,35476
0.15520215034484863,35228
0.1956467628479004,35118
0.23463916778564453,35118
0.28136372566223145,35118
0.3176560401916504,35118
0.353818416595459,35118
0.3921830654144287,35118
0.43476033210754395,35118
0.4726254940032959,34980
0.5087604522705078,34980
0.5514564514160156,34980
0.5942988395690918,34980
0.6340715885162354,34980
0.6722633838653564,34980
0.711153507232666,34980
0.7508902549743652,34980
0.7893495559692383,34980
0.8280181884765625,34980
0.8650784492492676,34980
0.9009013175964355,34980
0.9373166561126709,34980
0.973609209060669,34980
0.9736168384552002,34980
