Time,Objective value
0.038979530334472656,35718
0.03898763656616211,35718
0.07718276977539062,35718
0.12015724182128906,35686
0.15824365615844727,35616
0.19442224502563477,35394
0.23313426971435547,35394
0.27210569381713867,35248
0.3121161460876465,35248
0.3482837677001953,35248
0.3938896656036377,35248
0.4310431480407715,35248
0.46927690505981445,35248
0.5103561878204346,35180
0.5514209270477295,35180
0.5906217098236084,35060
0.6265377998352051,34934
0.6675395965576172,34934
0.7115018367767334,34934
0.7482094764709473,34934
0.7864212989807129,34934
0.8292808532714844,34934
0.8689730167388916,34934
0.9110102653503418,34934
0.9492301940917969,34934
0.9891364574432373,34934
0.9891443252563477,34934
