Time,Objective value
0.0027768611907958984,3786
0.00278472900390625,3786
0.002791881561279297,3786
