Time,Objective value
0.002434968948364258,3912
0.002442598342895508,3912
0.002449512481689453,3912
