Time,Objective value
0.002425670623779297,3836
0.002433300018310547,3836
0.00244140625,3836
