Time,Objective value
0.0022399425506591797,3870
0.0022482872009277344,3870
0.0022554397583007812,3870
