Time,Objective value
0.0033659934997558594,3950
0.0033769607543945312,3950
0.0033884048461914062,3950
