Time,Objective value
0.0004677772521972656,468
0.0010190010070800781,248
0.0020682811737060547,220
0.0031232833862304688,192
0.004196643829345703,188
0.005040407180786133,188
0.006112098693847656,188
0.0071866512298583984,188
0.008036613464355469,188
0.009120702743530273,188
0.010199308395385742,188
0.011045455932617188,188
0.012110471725463867,188
0.013184785842895508,188
0.014030218124389648,188
0.015090703964233398,188
0.016168832778930664,188
0.01701521873474121,188
0.018074750900268555,188
0.019150257110595703,188
0.02021050453186035,188
0.021056652069091797,188
0.02212071418762207,188
0.023184537887573242,188
0.024034976959228516,188
0.025101184844970703,188
0.02617049217224121,188
0.027026653289794922,188
0.028129100799560547,188
0.02917313575744629,188
0.03002643585205078,188
0.03110337257385254,188
0.03217482566833496,188
0.03302788734436035,188
0.03389143943786621,188
