Time,Objective value
0.0008018016815185547,416
0.0010876655578613281,308
0.0024237632751464844,200
0.0031862258911132812,192
0.004225730895996094,192
0.0052509307861328125,192
0.0062770843505859375,192
0.007313728332519531,192
0.008020401000976562,192
0.009054899215698242,192
0.010066509246826172,192
0.01106119155883789,192
0.012048482894897461,192
0.013049602508544922,192
0.014053106307983398,192
0.015075922012329102,192
0.016100406646728516,192
0.01728677749633789,192
0.018088579177856445,192
0.019451379776000977,192
0.020205020904541016,192
0.021329641342163086,192
0.022141218185424805,192
0.02300548553466797,192
0.024099349975585938,192
0.02519059181213379,192
0.026051759719848633,192
0.027125120162963867,192
0.0281984806060791,192
0.029076337814331055,192
0.030148744583129883,192
0.031008481979370117,192
0.032085418701171875,192
0.03317737579345703,192
0.034066200256347656,192
0.0351564884185791,192
0.03603196144104004,192
0.037114858627319336,192
0.03819704055786133,192
0.039064645767211914,192
0.0401759147644043,192
0.041045427322387695,192
0.042137861251831055,192
0.04301047325134277,192
0.04323124885559082,192
