Time,Objective value
0.000728607177734375,444
0.0011260509490966797,256
0.002251148223876953,208
0.003016948699951172,204
0.0041658878326416016,192
0.0053119659423828125,188
0.0060803890228271484,188
0.007231950759887695,188
0.00840139389038086,184
0.009160757064819336,184
0.010301828384399414,184
0.01107025146484375,184
0.012217283248901367,184
0.013369321823120117,184
0.014127492904663086,184
0.015273332595825195,184
0.01604008674621582,184
0.01717829704284668,184
0.018315792083740234,184
0.019095420837402344,184
0.02024054527282715,184
0.02138066291809082,184
0.022141456604003906,184
0.023284912109375,184
0.024055004119873047,184
0.025205135345458984,184
0.026369571685791016,184
0.027147293090820312,184
0.02831268310546875,184
0.02910757064819336,184
0.03027510643005371,184
0.03105640411376953,184
0.03222322463989258,184
0.033394813537597656,184
0.03414630889892578,184
0.03530693054199219,184
0.03608107566833496,184
0.037239789962768555,184
0.038019418716430664,184
0.03919577598571777,184
0.040364742279052734,184
0.04113459587097168,184
0.04228806495666504,184
0.04306221008300781,184
0.044209957122802734,184
0.04537057876586914,184
0.04613852500915527,184
0.047290802001953125,184
0.04806232452392578,184
0.04923248291015625,184
0.05001258850097656,184
0.051187753677368164,184
0.052381277084350586,184
0.05315089225769043,184
0.05412149429321289,184
0.055115461349487305,184
0.056334495544433594,184
0.057027578353881836,184
0.058461904525756836,184
0.05939316749572754,184
0.060106754302978516,184
0.0608212947845459,184
