Time,Objective value
0.0006754398345947266,456
0.001310110092163086,260
0.002064228057861328,228
0.003195524215698242,212
0.004330635070800781,212
0.005094766616821289,204
0.006235837936401367,200
0.007369279861450195,200
0.008133172988891602,192
0.009270906448364258,184
0.010029077529907227,184
0.011166810989379883,184
0.01230931282043457,184
0.01307058334350586,184
0.014204263687133789,184
0.015349626541137695,184
0.016113758087158203,184
0.017255544662475586,184
0.018024682998657227,184
0.019165992736816406,184
0.02030491828918457,184
0.02106761932373047,184
0.022223472595214844,184
0.023363113403320312,184
0.024128198623657227,184
0.02529168128967285,184
0.026062488555908203,184
0.027209997177124023,184
0.028366565704345703,184
0.029131412506103516,184
0.03027486801147461,184
0.031038761138916016,184
0.032198429107666016,184
0.03334808349609375,184
0.03411746025085449,184
0.03527045249938965,184
0.03605198860168457,184
0.03721904754638672,184
0.03838920593261719,184
0.039168596267700195,184
0.04032731056213379,184
0.04110240936279297,184
0.042272090911865234,184
0.04305148124694824,184
0.044209957122802734,184
0.04536557197570801,184
0.04614758491516113,184
0.04730558395385742,184
0.04807925224304199,184
0.049247026443481445,184
0.050026893615722656,184
0.051184654235839844,184
0.05235171318054199,184
0.053127288818359375,184
0.054282188415527344,184
0.05505800247192383,184
0.0561366081237793,184
0.057120561599731445,184
0.05810952186584473,184
0.05914759635925293,184
0.06004476547241211,184
0.06051325798034668,184
