Time,Objective value
0.0008518695831298828,484
0.0011415481567382812,300
0.002264738082885742,228
0.0030198097229003906,208
0.004172801971435547,208
0.005320310592651367,208
0.006083011627197266,208
0.007237672805786133,208
0.008388519287109375,208
0.00918269157409668,208
0.010329008102416992,208
0.011092901229858398,208
0.012247800827026367,208
0.013009309768676758,208
0.014164447784423828,208
0.015316963195800781,208
0.016082048416137695,208
0.017238616943359375,208
0.0183870792388916,208
0.019170761108398438,208
0.02031993865966797,208
0.021077871322631836,208
0.022227048873901367,208
0.023370981216430664,208
0.02413153648376465,208
0.025276660919189453,208
0.026040315628051758,208
0.027200698852539062,208
0.02835392951965332,208
0.029120683670043945,208
0.03030705451965332,208
0.03106975555419922,208
0.032232046127319336,208
0.03339576721191406,208
0.03418326377868652,208
0.035366058349609375,208
0.03616619110107422,208
0.03735542297363281,208
0.038153886795043945,208
0.03935861587524414,208
0.04013991355895996,208
0.041332244873046875,208
0.04210710525512695,208
0.043285369873046875,208
0.04406428337097168,208
0.04524111747741699,208
0.04602169990539551,208
0.04720950126647949,208
0.04839015007019043,208
0.04919910430908203,208
0.05038118362426758,208
0.05117392539978027,208
0.05236101150512695,208
0.0531618595123291,208
0.05435585975646973,208
0.05513572692871094,208
0.056325435638427734,208
0.05710864067077637,208
0.058295488357543945,208
0.059073448181152344,208
0.060263872146606445,208
0.061044931411743164,208
0.061840057373046875,208
