Time,Objective value
0.0006682872772216797,404
0.0012598037719726562,244
0.00200653076171875,228
0.003141164779663086,224
0.00428462028503418,224
0.005044221878051758,220
0.006194114685058594,212
0.007339954376220703,204
0.008101463317871094,168
0.009262561798095703,168
0.01002049446105957,168
0.011160612106323242,168
0.012305736541748047,168
0.01306605339050293,168
0.014212608337402344,168
0.015354156494140625,168
0.016118764877319336,168
0.017273426055908203,168
0.018041610717773438,168
0.019183635711669922,168
0.020345687866210938,168
0.02111029624938965,168
0.02227187156677246,168
0.023044824600219727,168
0.024223804473876953,168
0.025401830673217773,168
0.02617788314819336,168
0.027358531951904297,168
0.028136491775512695,168
0.02933049201965332,168
0.03009796142578125,168
0.031269073486328125,168
0.03203940391540527,168
0.03321266174316406,168
0.03438138961791992,168
0.03516268730163574,168
0.03634142875671387,168
0.037117958068847656,168
0.03831195831298828,168
0.03908133506774902,168
0.04027080535888672,168
0.04103541374206543,168
0.04220080375671387,168
0.043376922607421875,168
0.0441439151763916,168
0.04531717300415039,168
0.04608869552612305,168
0.04728293418884277,168
0.0480649471282959,168
0.04903268814086914,168
0.05003952980041504,168
0.051046133041381836,168
0.052284955978393555,168
0.053211212158203125,168
0.05410170555114746,168
0.055129289627075195,168
0.05613875389099121,168
0.05716991424560547,168
0.058218955993652344,168
0.05926990509033203,168
0.06031155586242676,168
0.060323476791381836,168
