Time,Objective value
0.00017499923706054688,10946
0.0010228157043457031,4226
0.0020771026611328125,3488
0.0030202865600585938,3314
0.00409698486328125,3210
0.005042314529418945,2738
0.0061185359954833984,2738
0.007058143615722656,2712
0.008133411407470703,2712
0.009073257446289062,2712
0.010034561157226562,2712
0.011081218719482422,2712
0.012041091918945312,2712
0.013087987899780273,2712
0.014049530029296875,2712
0.015009164810180664,2712
0.01606893539428711,2712
0.01707172393798828,2712
0.01803278923034668,2712
0.019087791442871094,2712
0.0200502872467041,2712
0.021013259887695312,2712
0.02206277847290039,2712
0.023023128509521484,2712
0.024073362350463867,2712
0.025034427642822266,2712
0.025214195251464844,2712
