Time,Objective value
0.00016760826110839844,11010
0.0010976791381835938,3556
0.0021080970764160156,2706
0.0030231475830078125,2706
0.00403594970703125,2706
0.0050466060638427734,2702
0.006058216094970703,2702
0.007065534591674805,2702
0.008087396621704102,2702
0.009043455123901367,2702
0.010056734085083008,2702
0.011061429977416992,2702
0.012067079544067383,2702
0.013072013854980469,2702
0.01407766342163086,2702
0.015097856521606445,2702
0.01601099967956543,2702
0.01701831817626953,2702
0.01806187629699707,2702
0.019072294235229492,2702
0.02007889747619629,2702
0.021085262298583984,2702
0.022093772888183594,2702
0.023005008697509766,2702
0.02400970458984375,2702
0.024755239486694336,2702
