Time,Objective value
0.00012993812561035156,10546
0.0010576248168945312,3204
0.002069234848022461,2802
0.003077268600463867,2802
0.004012346267700195,2802
0.0050275325775146484,2802
0.006057262420654297,2802
0.0070955753326416016,2802
0.008033990859985352,2802
0.009048938751220703,2802
0.010059356689453125,2802
0.011004447937011719,2802
0.012015104293823242,2802
0.013025760650634766,2802
0.014053106307983398,2802
0.015065908432006836,2802
0.016091585159301758,2802
0.01702713966369629,2802
0.018043041229248047,2802
0.0190889835357666,2802
0.02003955841064453,2802
0.02109050750732422,2802
0.0220639705657959,2802
0.023024797439575195,2802
0.023725032806396484,2802
