Time,Objective value
0.00015592575073242188,13086
0.0010035037994384766,3256
0.0020220279693603516,2846
0.0030591487884521484,2674
0.004094600677490234,2672
0.005057334899902344,2672
0.00607752799987793,2672
0.007005453109741211,2672
0.008026599884033203,2672
0.009050369262695312,2672
0.010073661804199219,2672
0.011014699935913086,2672
0.012035608291625977,2672
0.013050317764282227,2672
0.014076709747314453,2672
0.0150909423828125,2672
0.01601409912109375,2672
0.017029523849487305,2672
0.018044471740722656,2672
0.019072771072387695,2672
0.020087480545043945,2672
0.021013259887695312,2672
0.022028446197509766,2672
0.02304244041442871,2672
0.02361464500427246,2672
