Time,Objective value
0.0002346038818359375,13328
0.0010602474212646484,3860
0.0021181106567382812,3020
0.0030205249786376953,2834
0.004128694534301758,2834
0.005117893218994141,2834
0.006104230880737305,2834
0.0071201324462890625,2834
0.008047103881835938,2834
0.009125232696533203,2834
0.010087251663208008,2826
0.011121034622192383,2826
0.01202535629272461,2826
0.013151168823242188,2826
0.014095067977905273,2826
0.015073299407958984,2826
0.016058683395385742,2826
0.017156600952148438,2780
0.01812744140625,2780
0.019099712371826172,2780
0.02005910873413086,2780
0.021029233932495117,2780
0.022144556045532227,2780
0.02312755584716797,2780
0.024102210998535156,2780
0.025072097778320312,2780
0.026053905487060547,2780
0.02701711654663086,2780
0.028100013732910156,2780
0.029119491577148438,2780
0.030009984970092773,2780
0.03104090690612793,2780
0.03204965591430664,2780
0.03301048278808594,2780
0.03408670425415039,2780
0.03514862060546875,2780
0.0360867977142334,2780
0.03715157508850098,2780
0.03808164596557617,2780
0.039018869400024414,2780
0.0394902229309082,2780
