Time,Objective value
0.0001285076141357422,12190
0.0010542869567871094,3918
0.002037525177001953,3080
0.0030701160430908203,2956
0.0040073394775390625,2944
0.005021572113037109,2944
0.006047248840332031,2944
0.007092952728271484,2944
0.008009195327758789,2944
0.009031057357788086,2944
0.010041475296020508,2944
0.011050224304199219,2944
0.012004852294921875,2944
0.013013124465942383,2944
0.01403355598449707,2944
0.015068769454956055,2942
0.01608443260192871,2942
0.017004728317260742,2942
0.018015146255493164,2942
0.019026517868041992,2942
0.020035982131958008,2942
0.021046161651611328,2942
0.02205801010131836,2942
0.02306818962097168,2942
0.02363276481628418,2942
