Time,Objective value
0.00018477439880371094,10498
0.0010957717895507812,3786
0.002051830291748047,3430
0.0030210018157958984,3356
0.004086971282958984,2832
0.005099296569824219,2832
0.0060389041900634766,2832
0.007048368453979492,2832
0.008057355880737305,2832
0.00902557373046875,2832
0.010064363479614258,2832
0.011013269424438477,2832
0.012025117874145508,2832
0.01303553581237793,2832
0.014008760452270508,2832
0.015028238296508789,2832
0.016041994094848633,2832
0.01705765724182129,2832
0.01807093620300293,2832
0.019083738327026367,2832
0.020090341567993164,2832
0.021008968353271484,2832
0.022023916244506836,2832
0.02303290367126465,2832
0.024056434631347656,2832
0.025069236755371094,2832
0.02507615089416504,2832
