Time,Objective value
0.00014591217041015625,11564
0.0010652542114257812,3504
0.002010822296142578,2948
0.0030853748321533203,2948
0.004040956497192383,2916
0.005100727081298828,2748
0.006064176559448242,2714
0.007019519805908203,2714
0.008076190948486328,2714
0.009029865264892578,2714
0.010086536407470703,2714
0.011040449142456055,2714
0.012097835540771484,2714
0.013092279434204102,2714
0.014007329940795898,2714
0.01501011848449707,2714
0.016054391860961914,2714
0.017061710357666016,2714
0.018065214157104492,2714
0.019069433212280273,2714
0.020076274871826172,2714
0.021079301834106445,2714
0.022084474563598633,2714
0.023007869720458984,2714
0.024014711380004883,2714
0.024936437606811523,2714
