Time,Objective value
0.0001289844512939453,8582
0.0010464191436767578,3548
0.0020589828491210938,3028
0.0030689239501953125,2924
0.004009246826171875,2874
0.0050296783447265625,2874
0.006044626235961914,2874
0.007052898406982422,2874
0.008062124252319336,2874
0.009074926376342773,2874
0.010083198547363281,2874
0.01103830337524414,2874
0.012066125869750977,2874
0.01307988166809082,2874
0.014092445373535156,2874
0.01501154899597168,2874
0.01602339744567871,2874
0.01703333854675293,2874
0.01806020736694336,2874
0.019072294235229492,2874
0.020082950592041016,2874
0.021014928817749023,2874
0.022027015686035156,2874
0.02304244041442871,2874
0.02361917495727539,2874
