Time,Objective value
0.00012540817260742188,10926
0.0010628700256347656,3522
0.002083301544189453,3168
0.003014802932739258,2880
0.004029512405395508,2816
0.005049228668212891,2764
0.006060361862182617,2764
0.0070743560791015625,2764
0.00814509391784668,2764
0.009014368057250977,2764
0.01007843017578125,2764
0.011051416397094727,2764
0.012006282806396484,2764
0.013092041015625,2764
0.014054536819458008,2764
0.015121936798095703,2764
0.016092777252197266,2764
0.017047882080078125,2764
0.0181124210357666,2764
0.019008159637451172,2764
0.020077228546142578,2764
0.021123886108398438,2764
0.02200627326965332,2764
0.023108959197998047,2764
0.024019718170166016,2764
0.025079965591430664,2764
0.026183605194091797,2764
0.027090072631835938,2764
0.028008460998535156,2764
0.029046297073364258,2764
0.030071496963500977,2764
0.031087398529052734,2764
0.03206157684326172,2764
0.03304600715637207,2764
0.03414106369018555,2764
0.03504157066345215,2764
0.03605222702026367,2764
0.03682851791381836,2764
