Time,Objective value
0.0001437664031982422,11386
0.001028299331665039,3570
0.0021288394927978516,3266
0.0030083656311035156,3266
0.0040683746337890625,2956
0.005003929138183594,2948
0.006017446517944336,2948
0.007030010223388672,2948
0.008053302764892578,2948
0.009068012237548828,2944
0.010082006454467773,2908
0.01100611686706543,2908
0.012038469314575195,2908
0.013061761856079102,2908
0.014082670211791992,2908
0.015019655227661133,2908
0.016041040420532227,2908
0.017049312591552734,2908
0.018079042434692383,2908
0.01900482177734375,2908
0.02002429962158203,2908
0.021042823791503906,2908
0.022061586380004883,2908
0.023081302642822266,2908
0.02400827407836914,2908
0.02419900894165039,2908
