Time,Objective value
13.89270281791687,46034808
13.892710208892822,46034808
28.932749032974243,46034808
43.454872608184814,45523318
62.640838861465454,45280516
76.83010816574097,45280516
91.09617447853088,45280516
104.96307873725891,45280516
118.93028545379639,45280516
133.01789665222168,45280516
147.58257055282593,45280516
161.93268728256226,45280516
176.11208271980286,45280516
189.98815512657166,45280516
203.85173749923706,45280516
217.81132197380066,45280516
231.94296193122864,45280516
245.9344584941864,45280516
260.04651403427124,45280516
274.56984663009644,45280516
288.7406141757965,45280516
303.0746240615845,45280516
317.4967288970947,45280516
331.87767148017883,45280516
346.6216096878052,45280516
360.75589323043823,45161634
360.7559061050415,45161634
