Time,Objective value
14.185242652893066,45960238
14.185250520706177,45960238
28.750969171524048,45856096
43.898985862731934,45856096
60.47090172767639,45856096
76.52961659431458,45586348
93.34315705299377,45586348
113.1342544555664,45586348
135.689311504364,45349108
154.58241391181946,45349108
170.7293303012848,45186142
185.48216438293457,45186142
200.90460228919983,45186142
216.2269365787506,45186142
232.0614972114563,45186142
246.83480978012085,45186142
261.42990612983704,45186142
276.91740465164185,45186142
291.3342316150665,45186142
309.2223072052002,45186142
329.78488326072693,45186142
349.80851554870605,45186142
369.872597694397,45186142
384.36206221580505,45186142
399.881605386734,45171700
419.13776302337646,45171700
419.13777446746826,45171700
