Time,Objective value
0.03137493133544922,71190
0.031383514404296875,71190
0.0657806396484375,70596
0.09950447082519531,70596
0.13364386558532715,70596
0.1654670238494873,70596
0.19961047172546387,70596
0.23340058326721191,70596
0.26753830909729004,70596
0.30187535285949707,70596
0.33575892448425293,70596
0.36790037155151367,70596
0.3982110023498535,70596
0.41527485847473145,70596
0.432589054107666,70528
0.45004796981811523,70528
0.46639299392700195,70528
0.48392343521118164,70528
0.5006039142608643,70528
0.517970085144043,70528
0.535006046295166,70528
0.5521025657653809,70528
0.5691039562225342,70528
0.5866541862487793,70528
0.6036453247070312,70528
0.6201391220092773,70528
0.6201455593109131,70528
