Time,Objective value
0.016690969467163086,71792
0.016697406768798828,71792
0.03309035301208496,70986
0.0500791072845459,70986
0.06751465797424316,70986
0.08424973487854004,70986
0.1007225513458252,70986
0.11748242378234863,70986
0.13427042961120605,70986
0.1507861614227295,70986
0.167161226272583,70986
0.18408727645874023,70986
0.20026087760925293,70986
0.21648430824279785,70974
0.23370909690856934,70482
0.24953699111938477,70482
0.26607561111450195,70482
0.283435583114624,70482
0.30069756507873535,70482
0.31760573387145996,70482
0.33469057083129883,70482
0.352250337600708,70482
0.36798810958862305,70482
0.3844444751739502,70482
0.40091371536254883,70482
0.4177675247192383,70482
0.417773962020874,70482
