Time,Objective value
0.01610589027404785,71942
0.016112565994262695,71942
0.03288745880126953,71438
0.050779104232788086,70948
0.0682218074798584,70948
0.08498930931091309,70948
0.10122179985046387,70948
0.11779141426086426,70948
0.1348726749420166,70906
0.1512007713317871,70848
0.16817116737365723,70848
0.18590760231018066,70326
0.20270276069641113,70326
0.21932315826416016,70326
0.2360978126525879,70326
0.2526280879974365,70326
0.270169734954834,70326
0.28722310066223145,70326
0.30381250381469727,70326
0.3202483654022217,70326
0.3372993469238281,70326
0.35338592529296875,70326
0.3702545166015625,70326
0.38683557510375977,70326
0.4031987190246582,70326
0.4197676181793213,70326
0.41977429389953613,70326
