Time,Objective value
0.015342235565185547,72206
0.015348434448242188,72206
0.0320284366607666,70552
0.04914069175720215,70552
0.06651854515075684,70402
0.0832211971282959,70402
0.09961318969726562,70402
0.11613988876342773,70402
0.1325068473815918,70402
0.14878106117248535,70402
0.16567277908325195,70402
0.18212175369262695,70402
0.19913125038146973,70402
0.21659231185913086,70402
0.2332320213317871,70402
0.24965500831604004,70402
0.26600027084350586,70402
0.2822904586791992,70402
0.29987382888793945,70402
0.316394567489624,70402
0.33338475227355957,70402
0.35002756118774414,70402
0.3660399913787842,70402
0.3829476833343506,70402
0.39980268478393555,70402
0.41683483123779297,70402
0.4168410301208496,70402
