Time,Objective value
0.022686243057250977,7544718
0.022693395614624023,7544718
0.0405426025390625,7544718
0.04910778999328613,7533408
0.0676414966583252,7526314
0.08287882804870605,7512138
0.0950160026550293,7505838
0.11608004570007324,7505838
0.13338899612426758,7488256
0.1446518898010254,7488256
0.16274404525756836,7468904
0.1748981475830078,7452154
0.1981194019317627,7452154
0.20437359809875488,7450442
0.21724724769592285,7450442
0.23608016967773438,7450442
0.2666194438934326,7450418
0.2824876308441162,7443892
0.30635786056518555,7429198
0.31638264656066895,7429198
0.3355443477630615,7429198
0.35568714141845703,7429198
0.36638879776000977,7429198
0.39070892333984375,7429198
0.4043307304382324,7429198
0.4326474666595459,7429198
0.43265557289123535,7429198
