Time,Objective value
0.025707483291625977,7543072
0.025714874267578125,7543072
0.03334379196166992,7543072
0.04683661460876465,7520634
0.06174945831298828,7520634
0.07875418663024902,7520634
0.09090614318847656,7520634
0.10360264778137207,7464654
0.10782766342163086,7464654
0.1300947666168213,7464654
0.14591479301452637,7464654
0.15329504013061523,7464654
0.16968202590942383,7464654
0.1881859302520752,7464654
0.20001626014709473,7464654
0.21889877319335938,7464654
0.23181724548339844,7464654
0.25323486328125,7464654
0.2592353820800781,7464654
0.2768826484680176,7464654
0.2904245853424072,7464654
0.2963871955871582,7464654
0.3080310821533203,7464654
0.32138776779174805,7464654
0.32800817489624023,7464654
0.3421199321746826,7464654
0.34212684631347656,7464654
