Time,Objective value
0.05696558952331543,7513078
0.05697464942932129,7513078
0.0672464370727539,7513078
0.11277174949645996,7513078
0.14782166481018066,7513078
0.1925516128540039,7513078
0.2282419204711914,7513078
0.24466347694396973,7477470
0.28073787689208984,7441526
0.29869723320007324,7441526
0.34220433235168457,7441526
0.358473539352417,7441526
0.38361096382141113,7433824
0.39559507369995117,7433824
0.43204569816589355,7433824
0.45292186737060547,7433824
0.48374295234680176,7433824
0.5020179748535156,7433824
0.5149691104888916,7433824
0.5344605445861816,7433824
0.5408575534820557,7433824
0.5531697273254395,7433824
0.5742068290710449,7433824
0.5832202434539795,7433824
0.5873613357543945,7433824
0.6083376407623291,7433824
0.6083447933197021,7433824
