Time,Objective value
0.037656307220458984,7593394
0.03766655921936035,7593394
0.06275749206542969,7514918
0.09054994583129883,7514918
0.12064766883850098,7514918
0.1425769329071045,7490964
0.19308876991271973,7484316
0.22366833686828613,7465268
0.23581266403198242,7465268
0.2579772472381592,7465268
0.2791635990142822,7445208
0.28611302375793457,7445208
0.30266737937927246,7445208
0.31041622161865234,7445208
0.3264901638031006,7445208
0.3374018669128418,7445208
0.344343900680542,7445208
0.3582625389099121,7445208
0.38182711601257324,7445208
0.3893105983734131,7443586
0.39740514755249023,7428216
0.4071013927459717,7428216
0.4280397891998291,7428216
0.4394264221191406,7428216
0.4505338668823242,7428216
0.46944236755371094,7428216
0.4694540500640869,7428216
