Time,Objective value
0.23064041137695312,152286
0.23065853118896484,152286
0.23067140579223633,152286
