Time,Objective value
0.1172795295715332,152128
0.11729192733764648,152128
0.11730456352233887,152128
