Time,Objective value
0.19681167602539062,154016
0.1968238353729248,154016
0.1968371868133545,154016
