Time,Objective value
0.08420491218566895,152756
0.08421587944030762,152756
0.08422255516052246,152756
