Time,Objective value
0.08751344680786133,153282
0.08752083778381348,153282
0.08752775192260742,153282
