Time,Objective value
0.0828409194946289,152590
0.08284902572631836,152590
0.0828559398651123,152590
