Time,Objective value
0.0865945816040039,153438
0.08660316467285156,153438
0.08661079406738281,153438
