Time,Objective value
0.07606196403503418,509246041
0.07607436180114746,509246041
0.15189599990844727,479730066
0.2270362377166748,472694119
0.23768353462219238,472587140
0.27965664863586426,467384385
0.32092857360839844,467384385
0.3359692096710205,467384385
0.41121602058410645,467384385
0.41707515716552734,467384385
0.46912670135498047,467384385
0.4874699115753174,466961683
0.5374243259429932,466961683
0.5804367065429688,466961683
0.6555876731872559,464773396
0.7308199405670166,464404074
0.7703511714935303,463483694
0.8165040016174316,463483694
0.8676424026489258,461850590
0.9428670406341553,461850590
1.0106666088104248,461295791
1.0460991859436035,461295791
1.0929076671600342,461295791
1.1153016090393066,461295791
1.120067834854126,461295791
1.1540708541870117,461295791
1.1540815830230713,461295791
