Time,Objective value
0.03691816329956055,467306073
0.036923885345458984,467306073
0.07362055778503418,462945704
0.08538508415222168,460892570
0.10176253318786621,460892570
0.13843488693237305,460892570
0.1680889129638672,460892570
0.1781330108642578,460892570
0.1939859390258789,460892570
0.2050619125366211,460892570
0.20696377754211426,460892570
0.24368023872375488,460892570
0.28034329414367676,460892570
0.30490899085998535,460892570
0.3206934928894043,460892570
0.32282471656799316,460892570
0.35873961448669434,460892570
0.366375207901001,460521976
0.3882772922515869,460521976
0.41014790534973145,460521976
0.427898645401001,460332525
0.4299893379211426,460332525
0.4447293281555176,460332525
0.4512906074523926,460332525
0.4879579544067383,460332525
0.5009469985961914,460332525
0.500953197479248,460332525
