Time,Objective value
0.06754326820373535,509246041
0.06755304336547852,509246041
0.14250826835632324,479730066
0.21793293952941895,472694119
0.22872090339660645,472587140
0.27146005630493164,467384385
0.3128514289855957,467384385
0.3281126022338867,467384385
0.4024646282196045,467384385
0.40801286697387695,467384385
0.4583420753479004,467384385
0.47586536407470703,466961683
0.5233712196350098,466961683
0.5645709037780762,466961683
0.6363606452941895,464773396
0.7080087661743164,464404074
0.7456433773040771,463483694
0.7897155284881592,463483694
0.8384406566619873,461850590
0.9100246429443359,461850590
0.974677562713623,461295791
1.0084702968597412,461295791
1.0547654628753662,461295791
1.0769879817962646,461295791
1.0806629657745361,461295791
1.1095976829528809,461295791
1.1096131801605225,461295791
