Time,Objective value
0.03702092170715332,503627178
0.037027835845947266,503627178
0.06403374671936035,479851712
0.10069894790649414,474236544
0.1279306411743164,474236544
0.1616044044494629,474236544
0.19085049629211426,474077438
0.1923520565032959,474077438
0.20130658149719238,474077438
0.21871447563171387,474077438
0.23329806327819824,474077438
0.23551177978515625,474077438
0.2512238025665283,474077438
0.28786587715148926,474077438
0.2999894618988037,474077438
0.32902026176452637,465528664
0.3328211307525635,465346473
0.3352048397064209,465346473
0.3703482151031494,465346473
0.394512414932251,464102868
0.43113112449645996,464102868
0.4440431594848633,464102868
0.4616551399230957,463575198
0.49097537994384766,463575198
0.5214531421661377,462771740
0.5232894420623779,462771740
0.5232961177825928,462771740
