Time,Objective value
0.03803062438964844,482112388
0.038036346435546875,482112388
0.06904888153076172,472873419
0.0813295841217041,472873419
0.08404660224914551,472723787
0.09432768821716309,471811616
0.1310110092163086,471811616
0.16616249084472656,471811616
0.17702889442443848,471811616
0.20539593696594238,471811616
0.23249101638793945,471811616
0.2454695701599121,471733142
0.24905896186828613,471733142
0.27458715438842773,471733142
0.31126832962036133,471733142
0.3213214874267578,471733142
0.3426346778869629,471733142
0.35346245765686035,471733142
0.3809633255004883,471733142
0.4006686210632324,471374751
0.4123969078063965,471374751
0.449080228805542,471374751
0.4844682216644287,471374751
0.48719167709350586,471374751
0.5064198970794678,471374751
0.5431218147277832,471374751
0.543128252029419,471374751
