Time,Objective value
0.005263805389404297,3878
0.005269289016723633,3878
0.005594730377197266,3874
0.0062830448150634766,3874
0.00754547119140625,3848
0.00846242904663086,3828
0.00874781608581543,3828
0.00900411605834961,3828
0.009597539901733398,3828
0.010188817977905273,3828
0.010462284088134766,3828
0.011481523513793945,3828
0.012407064437866211,3828
0.013361454010009766,3828
0.014216184616088867,3828
0.015653133392333984,3828
0.016357898712158203,3828
0.017126083374023438,3828
0.018242359161376953,3828
0.019143342971801758,3828
0.020699262619018555,3828
0.020705223083496094,3828
