Time,Objective value
0.003104686737060547,3924
0.003110170364379883,3924
0.0045239925384521484,3836
0.004858255386352539,3836
0.006256818771362305,3836
0.008117437362670898,3772
0.008635997772216797,3772
0.009399175643920898,3772
0.009926557540893555,3772
0.010201215744018555,3772
0.010466337203979492,3772
0.011464357376098633,3772
0.012361288070678711,3772
0.01384735107421875,3772
0.014765024185180664,3772
0.015018224716186523,3772
0.01697254180908203,3766
0.017980575561523438,3766
0.018625974655151367,3766
0.02046942710876465,3766
0.020934343338012695,3766
0.02172088623046875,3766
0.02218794822692871,3766
0.023323535919189453,3766
0.0237581729888916,3766
