Time,Objective value
0.004230976104736328,3928
0.0042383670806884766,3928
0.005459785461425781,3928
0.0068206787109375,3928
0.007730960845947266,3928
0.009891986846923828,3892
0.011478185653686523,3892
0.012247800827026367,3890
0.013071537017822266,3890
0.014034748077392578,3870
0.015407085418701172,3858
0.016913414001464844,3858
0.018070220947265625,3858
0.020232677459716797,3858
0.021598100662231445,3858
0.02213144302368164,3858
0.02362537384033203,3858
0.025577306747436523,3828
0.02748250961303711,3784
0.028371334075927734,3784
0.03145337104797363,3784
0.03271961212158203,3784
0.034729957580566406,3784
0.03544425964355469,3784
0.036243438720703125,3784
0.03943610191345215,3784
0.03944826126098633,3784
