Time,Objective value
0.00615692138671875,3870
0.006168365478515625,3870
0.007191896438598633,3870
0.00825810432434082,3870
0.009432554244995117,3870
0.00975489616394043,3870
0.01092982292175293,3858
0.011926651000976562,3858
0.012361764907836914,3858
0.012791872024536133,3858
0.013669967651367188,3858
0.014905452728271484,3858
0.015508174896240234,3844
0.016641855239868164,3834
0.017628908157348633,3834
0.02007007598876953,3822
0.02053213119506836,3822
0.02076888084411621,3822
0.021976709365844727,3768
0.023082733154296875,3768
0.02390265464782715,3764
0.024304628372192383,3764
0.0256040096282959,3764
0.026868104934692383,3764
0.027575969696044922,3764
0.027982711791992188,3764
0.02798938751220703,3764
