Time,Objective value
0.0070607662200927734,3908
0.007069110870361328,3908
0.010061979293823242,3908
0.012366771697998047,3908
0.013862848281860352,3908
0.01619720458984375,3908
0.0205991268157959,3836
0.02218341827392578,3836
0.024962663650512695,3792
0.02577495574951172,3792
0.02832818031311035,3772
0.0302276611328125,3772
0.0322873592376709,3768
0.03320479393005371,3768
0.03442955017089844,3768
0.036448001861572266,3768
0.03803372383117676,3750
0.03847980499267578,3750
0.03961348533630371,3750
0.04024982452392578,3750
0.04071640968322754,3750
0.04293322563171387,3750
0.043717145919799805,3750
0.04612588882446289,3750
0.04720187187194824,3750
0.04802727699279785,3750
0.048041582107543945,3750
