Time,Objective value
0.007223367691040039,3824
0.007234334945678711,3824
0.008994102478027344,3816
0.010455608367919922,3816
0.011228561401367188,3816
0.012420892715454102,3816
0.015208005905151367,3816
0.01692986488342285,3816
0.01874232292175293,3816
0.020840167999267578,3802
0.021437406539916992,3802
0.025519847869873047,3802
0.026348590850830078,3802
0.02772045135498047,3802
0.029500246047973633,3802
0.031275272369384766,3802
0.03315401077270508,3802
0.03379392623901367,3802
0.03486752510070801,3802
0.03541064262390137,3802
0.03611564636230469,3802
0.03661823272705078,3802
0.03717970848083496,3802
0.04018735885620117,3802
0.041379690170288086,3802
0.04356956481933594,3802
0.043584585189819336,3802
