Time,Objective value
3.3347582817077637,151604
3.3348946571350098,151604
4.872056245803833,150602
5.679213047027588,150334
6.543267488479614,150262
7.365258693695068,150204
8.181575059890747,150204
10.133705377578735,150148
11.548477411270142,150148
12.710843324661255,150148
13.49946904182434,150112
14.417885065078735,150112
15.280781507492065,150112
16.019157886505127,150096
16.80557346343994,150096
17.544960975646973,150096
18.18073081970215,150096
19.12471055984497,150096
19.88495111465454,150082
20.510152578353882,150032
21.145992517471313,149986
21.841439485549927,149936
22.6515851020813,149936
23.31848454475403,149936
23.943548679351807,149918
24.55303382873535,149918
25.20691990852356,149918
25.859453201293945,149908
26.51045823097229,149908
27.39139461517334,149894
28.151896715164185,149894
28.731950044631958,149894
29.619983673095703,149894
30.524634838104248,149894
31.31414771080017,149894
32.28109169006348,149894
34.028934717178345,149888
34.757389068603516,149878
35.42412257194519,149870
36.38050436973572,149862
37.16216230392456,149862
38.120768308639526,149862
39.32320547103882,149858
40.58337759971619,149858
42.139286518096924,149858
44.325799226760864,149858
45.15476155281067,149858
46.94530177116394,149858
48.57948565483093,149858
49.457003593444824,149858
50.473244428634644,149858
51.28907227516174,149858
51.898749589920044,149858
52.735121726989746,149858
53.40397000312805,149858
54.25566124916077,149858
54.977760791778564,149858
55.95708990097046,149840
57.62184405326843,149840
59.869637966156006,149840
62.326478242874146,149840
64.5901710987091,149816
65.44228196144104,149816
66.34586453437805,149816
67.60509133338928,149816
69.03776741027832,149816
69.86638736724854,149816
70.90297055244446,149816
72.65795993804932,149816
73.73569917678833,149816
74.50857520103455,149816
75.3399887084961,149816
77.07360553741455,149816
79.32712745666504,149816
80.94040632247925,149816
81.79059171676636,149816
83.51409554481506,149816
84.71198892593384,149816
85.71551728248596,149816
86.63225364685059,149816
87.97446823120117,149816
88.79719233512878,149816
90.77922773361206,149816
92.77998757362366,149816
94.19029808044434,149816
95.1597158908844,149816
96.1003007888794,149816
97.88408827781677,149816
98.96146297454834,149816
99.96900796890259,149816
100.8364269733429,149816
100.83652472496033,149816
