Time,Objective value
0.08967876434326172,154062
0.08968615531921387,154062
0.08969259262084961,154062
