Time,Objective value
0.10464787483215332,154660
0.10465669631958008,154660
0.10466456413269043,154660
