Time,Objective value
0.10098958015441895,153944
0.1009976863861084,153944
0.10100412368774414,153944
