Time,Objective value
0.9248178005218506,35518
0.9251084327697754,35518
1.5161693096160889,34748
2.0655312538146973,34648
2.5934970378875732,34628
3.1068015098571777,34628
3.6574857234954834,34608
4.060709476470947,34608
4.3382039070129395,34608
4.577194452285767,34592
4.8288962841033936,34592
5.111564874649048,34590
5.401058912277222,34498
5.70736289024353,34474
5.9599289894104,34474
6.2248945236206055,34472
6.480889558792114,34472
6.73701810836792,34472
6.979274272918701,34472
7.221909999847412,34472
7.465287923812866,34472
7.726748943328857,34472
8.081568479537964,34472
8.603269100189209,34472
9.109766483306885,34472
9.74507451057434,34472
10.37404179573059,34472
10.992738962173462,34472
11.568594932556152,34472
12.031082153320312,34472
12.266528606414795,34472
12.537652254104614,34472
12.84675645828247,34472
13.119170665740967,34472
13.450291156768799,34472
13.715753078460693,34472
13.956045389175415,34472
14.251753807067871,34472
14.752551794052124,34472
15.351818561553955,34472
15.799369812011719,34472
16.262397289276123,34472
16.819037675857544,34472
17.460675716400146,34472
17.96331548690796,34472
18.46963930130005,34472
18.96685552597046,34472
19.52515411376953,34472
20.00713872909546,34472
20.25393795967102,34472
20.747660398483276,34472
21.2947256565094,34472
21.845283031463623,34472
22.16470193862915,34472
22.422178506851196,34472
22.68082046508789,34472
22.9555926322937,34472
23.227706909179688,34472
23.48149824142456,34472
23.69675612449646,34472
24.165904998779297,34472
24.7875497341156,34472
25.0148286819458,34472
25.274887561798096,34472
25.48213791847229,34472
25.723453760147095,34472
25.996838808059692,34472
26.266316890716553,34472
26.55003523826599,34472
26.757737398147583,34472
26.97458577156067,34472
27.218172073364258,34472
27.425106287002563,34472
27.687647104263306,34472
27.931257963180542,34472
28.345102787017822,34472
28.57761526107788,34472
28.801815509796143,34472
29.067596912384033,34472
29.298515558242798,34472
29.535104990005493,34472
29.78483510017395,34472
30.02373480796814,34472
30.22690200805664,34472
30.429117441177368,34472
30.677133083343506,34472
30.890762090682983,34472
31.130173921585083,34472
31.40092182159424,34472
31.401114225387573,34472
