Time,Objective value
0.4632587432861328,35512
0.463454008102417,35512
0.7465639114379883,34822
0.9841408729553223,34800
1.227773904800415,34760
1.4989404678344727,34724
1.7381255626678467,34704
2.0314457416534424,34682
2.3077211380004883,34678
2.612154006958008,34678
2.8884966373443604,34678
3.4160890579223633,34678
3.6784985065460205,34678
3.9300129413604736,34678
4.178501844406128,34678
4.459686517715454,34664
4.720049858093262,34664
5.00092625617981,34630
5.321582555770874,34614
5.608680486679077,34614
5.851879119873047,34614
6.269218444824219,34614
6.837264776229858,34614
7.514415740966797,34614
8.101638793945312,34614
8.775642395019531,34614
9.362101793289185,34614
9.8687424659729,34614
10.316274404525757,34614
10.753328561782837,34614
11.19854187965393,34614
11.749407291412354,34614
12.294998407363892,34614
12.80937671661377,34614
13.334428548812866,34614
13.797125816345215,34614
14.34882926940918,34596
14.887362718582153,34596
15.521408081054688,34596
16.04581117630005,34596
16.566131830215454,34596
16.942518711090088,34596
17.418537139892578,34596
17.841328382492065,34596
18.309191703796387,34596
18.75662875175476,34596
19.09304451942444,34596
19.447989225387573,34596
19.657735347747803,34596
19.86562490463257,34596
20.124839544296265,34596
20.397463083267212,34594
20.65756368637085,34592
20.92011070251465,34588
21.199438095092773,34588
21.451634168624878,34588
21.824713945388794,34588
22.328116416931152,34588
22.66376805305481,34588
22.870885610580444,34588
23.107415914535522,34588
23.31583285331726,34588
23.53531527519226,34588
23.759750366210938,34588
24.049492597579956,34588
24.284372806549072,34588
24.565909147262573,34588
24.805081844329834,34588
25.02293300628662,34588
25.225910425186157,34588
25.480618953704834,34588
25.749634504318237,34588
26.024452686309814,34580
26.270537853240967,34580
26.52138066291809,34580
26.73115587234497,34580
27.156633615493774,34580
27.6681125164032,34580
28.065149307250977,34580
28.501725912094116,34580
29.033590078353882,34580
29.46264386177063,34580
30.029775857925415,34580
30.505159616470337,34580
30.988181829452515,34580
31.432195901870728,34580
31.43247652053833,34580
