Time,Objective value
0.8865563869476318,35018
0.886857271194458,35018
1.4392638206481934,34816
1.9887945652008057,34816
2.5199573040008545,34816
3.0353314876556396,34814
3.5448527336120605,34694
4.023033857345581,34682
4.275900602340698,34668
4.532265901565552,34668
4.753671884536743,34666
5.017827987670898,34666
5.275266885757446,34666
5.53819465637207,34666
6.0008368492126465,34636
6.548043966293335,34596
7.018583297729492,34564
7.4829089641571045,34564
8.014374256134033,34560
8.340254545211792,34560
8.597610235214233,34560
9.044570446014404,34560
9.49720287322998,34554
10.047571897506714,34554
10.540103197097778,34546
11.08138632774353,34546
11.532804250717163,34546
12.018961906433105,34546
12.302569150924683,34546
12.57041621208191,34546
12.8236083984375,34528
13.024003267288208,34528
13.291265726089478,34528
13.54518461227417,34528
14.231065511703491,34528
14.894739151000977,34528
15.420438528060913,34528
16.02042531967163,34528
16.279396772384644,34528
16.528513431549072,34528
16.74910306930542,34528
16.962501525878906,34528
17.186313152313232,34528
17.44641089439392,34528
17.706697940826416,34528
17.951265335083008,34528
18.210647106170654,34528
18.46560049057007,34528
19.019891023635864,34528
19.62941861152649,34528
20.073856353759766,34528
20.569327354431152,34528
21.158801555633545,34528
21.668135404586792,34528
22.273266553878784,34528
22.851064443588257,34528
23.374812364578247,34528
23.942397117614746,34528
24.492324829101562,34528
24.779459476470947,34528
25.056451320648193,34528
25.300123691558838,34528
25.575313091278076,34528
25.83877444267273,34528
26.07701277732849,34528
26.391185522079468,34528
26.654852390289307,34528
26.915035486221313,34528
27.175988912582397,34528
27.394242763519287,34528
27.642192363739014,34528
27.91789937019348,34528
28.212698459625244,34528
28.573254346847534,34528
29.08165168762207,34528
29.59077763557434,34528
29.90603542327881,34528
30.206575870513916,34528
30.517492532730103,34528
30.758938789367676,34528
30.97224187850952,34528
31.217370986938477,34528
31.476054430007935,34528
31.476236581802368,34528
