Time,Objective value
0.47317981719970703,35752
0.4733593463897705,35752
0.7418296337127686,34764
1.009143352508545,34730
1.2616004943847656,34730
1.5221796035766602,34720
1.7511711120605469,34720
2.2414865493774414,34720
2.785194158554077,34720
3.273425340652466,34714
3.7606289386749268,34714
4.40109920501709,34616
4.916425704956055,34596
5.411184549331665,34596
5.905423641204834,34596
6.429157018661499,34596
6.9396092891693115,34596
7.485811233520508,34596
7.94525146484375,34596
8.545310735702515,34596
9.023077487945557,34596
9.55706000328064,34596
9.987200736999512,34596
10.518885374069214,34596
11.033912897109985,34594
11.649151086807251,34594
12.150621175765991,34594
12.70939826965332,34594
13.17414379119873,34594
13.659040689468384,34590
13.902113676071167,34590
14.120266199111938,34582
14.355899333953857,34582
14.593809604644775,34582
14.838548421859741,34582
15.052217960357666,34582
15.255991458892822,34582
15.5083167552948,34582
15.733424663543701,34582
15.999632358551025,34576
16.23235845565796,34576
16.505451679229736,34572
16.739216804504395,34572
16.986985445022583,34572
17.272225379943848,34572
17.53475522994995,34572
17.858644247055054,34572
18.12987995147705,34568
18.42926549911499,34568
18.735292196273804,34568
19.0084810256958,34568
19.28918766975403,34568
19.53707718849182,34560
19.7898588180542,34558
20.042550086975098,34556
20.344906330108643,34556
20.57848596572876,34556
20.89665150642395,34556
21.159543991088867,34556
21.374152898788452,34556
21.643338918685913,34556
21.962613821029663,34556
22.2069673538208,34556
22.51358127593994,34556
22.809932947158813,34556
23.07109832763672,34556
23.332695960998535,34556
23.621505737304688,34556
23.897679805755615,34556
24.211869955062866,34556
24.475882053375244,34556
24.779332399368286,34556
25.04715585708618,34556
25.31718635559082,34556
25.55024790763855,34556
25.805041551589966,34556
26.049023151397705,34556
26.365412712097168,34556
26.650291204452515,34556
26.932367086410522,34556
27.19881820678711,34556
27.497360706329346,34556
27.80356764793396,34556
28.08453631401062,34556
28.36441946029663,34556
28.655073642730713,34556
28.97007131576538,34556
29.22575306892395,34556
29.480624675750732,34556
29.752979516983032,34556
30.248970985412598,34556
30.755882263183594,34556
31.16340160369873,34556
31.45714044570923,34556
31.457308769226074,34556
