Time,Objective value
0.018718242645263672,35126
0.01872706413269043,35126
0.018733978271484375,35126
