Time,Objective value
0.013445615768432617,35828
0.01345205307006836,35828
0.013458967208862305,35828
