Time,Objective value
0.014168500900268555,35884
0.014174938201904297,35884
0.01418161392211914,35884
