Time,Objective value
0.01868581771850586,35450
0.0186917781829834,35450
0.01869821548461914,35450
