Time,Objective value
0.02062368392944336,35656
0.020635128021240234,35656
0.02064681053161621,35656
