Time,Objective value
0.00186920166015625,55342216
0.0018744468688964844,55342216
0.0020346641540527344,27641986
0.0030434131622314453,22300452
0.004054546356201172,22287508
0.005064725875854492,22287508
0.006071805953979492,22287508
0.007081747055053711,22287508
0.008091449737548828,22287508
0.009100914001464844,22287508
0.010112524032592773,22287508
0.011116504669189453,22287508
0.012109756469726562,22287508
0.013048887252807617,22287508
0.014079809188842773,22287508
0.01506948471069336,22287508
0.01605224609375,22287508
0.017040014266967773,22287508
0.018021583557128906,22287508
0.019002437591552734,22287508
0.020062685012817383,22287508
0.021012067794799805,22287508
0.022098541259765625,22287508
0.02309131622314453,22287508
0.024077892303466797,22287508
0.025058269500732422,22287508
0.026050090789794922,22287508
0.027024269104003906,22287508
0.028013944625854492,22287508
0.02909111976623535,22287508
0.030071258544921875,22287508
0.030956745147705078,22287508
