Time,Objective value
0.0017077922821044922,54775004
0.0017125606536865234,54775004
0.002087116241455078,23504282
0.003078937530517578,23020472
0.004058837890625,23020472
0.005037784576416016,23020472
0.006016731262207031,23020472
0.00709080696105957,23020472
0.008078575134277344,23020472
0.00906515121459961,23020472
0.010045289993286133,23020472
0.011025190353393555,23020472
0.0120086669921875,23020472
0.013084173202514648,23020472
0.014023065567016602,23020472
0.015072822570800781,23020472
0.01606464385986328,23020472
0.017047405242919922,23020472
0.01804065704345703,23020472
0.019023895263671875,23020472
0.020006656646728516,23020472
0.02108597755432129,23020472
0.022076845169067383,23020472
0.023060321807861328,23020472
0.024042367935180664,23020472
0.025025129318237305,23020472
0.02600717544555664,23020472
0.027088642120361328,23020472
0.027602672576904297,23020472
