Time,Objective value
0.001861572265625,68799550
0.0018668174743652344,68799550
0.0020034313201904297,29589400
0.003093242645263672,22651130
0.004078865051269531,22651130
0.005065202713012695,22651130
0.006076335906982422,22651130
0.007070779800415039,22651130
0.008063316345214844,22651130
0.009059906005859375,22651130
0.010046005249023438,22651130
0.011034011840820312,22651130
0.012026786804199219,22651130
0.013013839721679688,22651130
0.014009475708007812,22651130
0.015012025833129883,22651130
0.016013383865356445,22651130
0.017099618911743164,22651130
0.01808905601501465,22651130
0.019075632095336914,22651130
0.02005791664123535,22651130
0.02105259895324707,22651130
0.02203202247619629,22651130
0.023015260696411133,22651130
0.024015188217163086,22651130
0.025099515914916992,22651130
0.026090145111083984,22651130
0.02707052230834961,22651130
0.028050899505615234,22651130
0.028057575225830078,22651130
