Time,Objective value
0.03194856643676758,49558
0.03195548057556152,49558
0.03196239471435547,49558
