Time,Objective value
0.03368830680847168,49490
0.03369712829589844,49490
0.033704519271850586,49490
