Time,Objective value
0.03996014595031738,50182
0.039972543716430664,50182
0.03998517990112305,50182
