Time,Objective value
0.5964105129241943,155054
0.5964202880859375,155054
1.1666138172149658,152044
1.783947229385376,151878
2.295219898223877,151878
2.660296678543091,151878
3.1996068954467773,151878
3.779139995574951,151878
4.367243528366089,151878
4.948810577392578,151698
5.556488990783691,151698
6.144113302230835,151698
6.512460708618164,151698
6.8506019115448,151698
7.21212100982666,151308
7.565547704696655,151308
7.925020217895508,151308
8.291194915771484,151308
8.647087574005127,151308
8.989089250564575,151308
9.343753337860107,151308
9.724380016326904,151308
10.048882007598877,151308
10.377886295318604,151308
10.750656604766846,151308
11.101821660995483,151142
11.101830244064331,151142
