Time,Objective value
0.3606750965118408,153824
0.36068153381347656,153824
0.6823091506958008,152122
1.0108137130737305,152122
1.3441238403320312,152122
1.7235183715820312,152122
2.08437180519104,151604
2.43083119392395,151604
2.778728485107422,151604
3.1229636669158936,151604
3.494405746459961,151604
3.8210971355438232,151604
4.164066553115845,151604
4.503706932067871,151604
4.852766513824463,151462
5.179957151412964,151462
5.513261795043945,151462
5.834075927734375,151462
6.16309928894043,151462
6.502521276473999,151462
6.841371774673462,151462
7.166499376296997,151462
7.500834941864014,151462
7.846940517425537,151462
8.195874691009521,151462
8.534775257110596,151462
8.534782648086548,151462
