Time,Objective value
0.6406033039093018,153152
0.6406123638153076,153152
1.1409893035888672,152474
1.5105538368225098,151592
1.8480567932128906,151592
2.3328123092651367,151592
2.679464101791382,151592
3.0620803833007812,151592
3.426624059677124,151382
3.781742572784424,151382
4.111317157745361,151382
4.438145399093628,151382
4.765497922897339,151382
5.100077390670776,151382
5.431009531021118,151382
5.763450622558594,151382
6.096297979354858,151382
6.432663917541504,151382
6.770249605178833,150974
7.097422122955322,150974
7.427576541900635,150974
7.787595272064209,150974
8.12496542930603,150974
8.464330911636353,150974
8.789236545562744,150974
9.111612319946289,150974
9.111620903015137,150974
