Time,Objective value
0.3297402858734131,152358
0.32974720001220703,152358
0.683539867401123,152212
1.0477445125579834,152212
1.3962171077728271,152212
1.741978645324707,151840
2.1057703495025635,151840
2.449918746948242,151118
2.8061716556549072,151118
3.1842167377471924,151118
3.757241725921631,151118
4.359550714492798,151118
4.965332508087158,151118
5.56538724899292,151118
6.11699104309082,151118
6.703328371047974,151118
7.284772157669067,151118
7.865821838378906,151118
8.455121994018555,151118
9.010215759277344,151118
9.572214603424072,151118
10.16080641746521,151118
10.680644512176514,151118
11.02116584777832,151118
11.351052045822144,151118
11.67609691619873,151118
11.67610502243042,151118
