Time,Objective value
0.5797116756439209,152500
0.5797207355499268,152500
1.1467866897583008,152500
1.7365810871124268,152500
2.3199028968811035,152310
2.926279306411743,152310
3.472491502761841,152310
4.060944318771362,152310
4.680810213088989,151782
5.052669286727905,151782
5.404319524765015,151782
5.74828839302063,151782
6.09867262840271,151782
6.519865036010742,151448
7.117431163787842,151448
7.451251745223999,151448
7.803406476974487,151448
8.309499025344849,151448
8.674408435821533,151448
8.989614009857178,151448
9.332586765289307,151448
9.700605869293213,151448
10.054722309112549,151448
10.40365719795227,151384
10.747607707977295,151384
11.077693462371826,151324
11.077700853347778,151324
