Time,Objective value
0.3464221954345703,151466
0.34642910957336426,151466
0.7027339935302734,151466
1.0627918243408203,151466
1.4797582626342773,151466
2.117708444595337,151466
2.750490427017212,151466
3.3293607234954834,151466
3.6692895889282227,151466
4.020056962966919,151466
4.355353116989136,151466
4.707623243331909,151174
5.026581525802612,151174
5.341456174850464,151174
5.668575286865234,151174
6.004634618759155,151174
6.343949794769287,151174
6.672569274902344,151174
7.027833938598633,151174
7.368171453475952,151174
7.725239276885986,151174
8.056512355804443,151174
8.362364530563354,151174
8.698781490325928,151174
9.04313039779663,151174
9.3926522731781,151174
9.392659902572632,151174
