Time,Objective value
0.3665938377380371,152396
0.36660003662109375,152396
0.7106821537017822,152104
1.0582406520843506,151996
1.3922977447509766,151996
1.7409234046936035,151996
2.0986781120300293,151996
2.4497487545013428,151996
2.817802667617798,151996
3.1456234455108643,151996
3.473139762878418,151996
3.8102071285247803,150940
4.1772141456604,150940
4.54509973526001,150940
4.887880325317383,150940
5.374474048614502,150940
5.951075553894043,150940
6.545529127120972,150940
7.168894052505493,150940
7.750584602355957,150940
8.3639554977417,150940
8.939828634262085,150940
9.493828773498535,150940
10.064739227294922,150940
10.637463331222534,150940
11.21124267578125,150940
11.21125864982605,150940
