Time,Objective value
4.447443008422852,152254
4.447664022445679,152254
6.151576280593872,150784
8.010854244232178,150764
9.635498523712158,150320
11.321337699890137,150312
13.345174074172974,150312
15.217651128768921,150238
17.818172693252563,150238
20.5203275680542,150238
21.971359968185425,150238
25.466459035873413,150238
27.56489586830139,150234
29.259957551956177,150198
31.387795209884644,150198
33.50833868980408,150198
35.4798104763031,150190
36.761664152145386,150190
38.28479790687561,150168
39.901315689086914,150168
41.383827209472656,150168
43.692437171936035,150152
46.206085443496704,150150
47.88649296760559,150148
49.177001953125,150148
51.01100516319275,150140
52.54241752624512,150140
55.40631699562073,150120
58.355733156204224,150120
59.72331261634827,150086
62.27586126327515,150086
65.3701503276825,150086
68.51121640205383,150086
69.88139700889587,150086
71.45348119735718,150086
72.80258321762085,150080
73.96258449554443,150080
76.67535853385925,150060
78.24757480621338,150060
79.88029408454895,150060
81.28037738800049,150060
82.68518471717834,150060
83.83121347427368,150060
84.94822311401367,150034
86.12523341178894,150034
88.72734904289246,150034
90.4487681388855,150010
92.25621438026428,150010
94.12584114074707,150010
96.16425466537476,149986
97.95052790641785,149986
99.0820803642273,149968
100.38599753379822,149948
100.38619589805603,149948
