Time,Objective value
0.0001995563507080078,492
0.0010221004486083984,304
0.0020987987518310547,284
0.0031495094299316406,260
0.0040454864501953125,232
0.005141258239746094,188
0.006228208541870117,188
0.007308244705200195,184
0.008023262023925781,180
0.009099245071411133,168
0.010209321975708008,168
0.011301755905151367,168
0.01236581802368164,168
0.013078927993774414,168
0.014184951782226562,168
0.01528024673461914,168
0.016015052795410156,168
0.017154216766357422,168
0.01819896697998047,168
0.019303560256958008,168
0.02004075050354004,168
0.021108388900756836,168
0.02217555046081543,168
0.023282527923583984,168
0.024341821670532227,168
0.02507781982421875,168
0.026190996170043945,168
0.027245521545410156,168
0.0283050537109375,168
0.02905750274658203,168
0.03011608123779297,168
0.031243085861206055,168
0.03229522705078125,168
0.03304576873779297,168
0.03416919708251953,168
0.03530144691467285,168
0.036379337310791016,168
0.037132978439331055,168
0.0382080078125,168
0.03926587104797363,168
0.04033374786376953,168
0.041074514389038086,168
0.04211997985839844,168
0.04313921928405762,168
0.04405808448791504,168
0.04531264305114746,168
0.04642033576965332,168
0.047318458557128906,168
0.048218727111816406,168
0.04932522773742676,168
0.050308942794799805,168
0.05127263069152832,168
0.05226850509643555,168
0.05322861671447754,168
0.054212331771850586,168
0.05520033836364746,168
0.05618453025817871,168
0.056520700454711914,168
