Time,Objective value
0.00012731552124023438,452
0.001009225845336914,284
0.0020682811737060547,240
0.0030145645141601562,200
0.004186868667602539,196
0.0051610469818115234,192
0.006129026412963867,192
0.007094383239746094,192
0.008079290390014648,192
0.009046077728271484,192
0.010013103485107422,192
0.011173009872436523,192
0.012136459350585938,192
0.013101816177368164,192
0.014085769653320312,192
0.015052080154418945,192
0.016017913818359375,192
0.01717853546142578,192
0.018140316009521484,192
0.019106388092041016,192
0.020089149475097656,192
0.02106499671936035,192
0.022043943405151367,192
0.023017406463623047,192
0.024198055267333984,192
0.02517414093017578,192
0.026155948638916016,192
0.027131080627441406,192
0.0281069278717041,192
0.02907848358154297,192
0.03004765510559082,192
0.030828475952148438,192
