Time,Objective value
0.00015807151794433594,492
0.0010540485382080078,288
0.002146482467651367,248
0.0030095577239990234,208
0.004128217697143555,208
0.0050737857818603516,200
0.006020545959472656,196
0.0072214603424072266,192
0.008151054382324219,192
0.009066581726074219,192
0.010011672973632812,192
0.011069536209106445,192
0.012032032012939453,192
0.013006210327148438,192
0.014160633087158203,192
0.015124082565307617,192
0.016089439392089844,192
0.017054080963134766,192
0.01801776885986328,192
0.01918506622314453,192
0.020150184631347656,192
0.021127700805664062,192
0.02210235595703125,192
0.023065567016601562,192
0.02402782440185547,192
0.02500629425048828,192
0.026162147521972656,192
0.02712535858154297,192
0.02809739112854004,192
0.029061317443847656,192
0.030025005340576172,192
0.03100275993347168,192
0.032156944274902344,192
0.03255009651184082,192
