Time,Objective value
0.0001533031463623047,488
0.0010073184967041016,288
0.002225160598754883,224
0.0030329227447509766,224
0.004124879837036133,212
0.0050280094146728516,196
0.0061321258544921875,196
0.00704503059387207,196
0.008170843124389648,192
0.009079933166503906,192
0.010059595108032227,192
0.01103067398071289,188
0.012192010879516602,188
0.013167142868041992,188
0.014135360717773438,188
0.015102863311767578,188
0.01607060432434082,188
0.017038583755493164,188
0.01800394058227539,188
0.019170761108398438,188
0.020139217376708984,188
0.02110576629638672,188
0.02207350730895996,188
0.0230405330657959,188
0.02400946617126465,188
0.025170326232910156,188
0.026144027709960938,188
0.02712106704711914,188
0.028098583221435547,188
0.029086828231811523,188
0.030062198638916016,188
0.031036853790283203,188
0.03200936317443848,184
0.03201627731323242,184
