Time,Objective value
0.03782343864440918,67758
0.03783130645751953,67758
0.03783774375915527,67758
