Time,Objective value
0.07832050323486328,68512
0.07833504676818848,68512
0.07834696769714355,68512
