Time,Objective value
0.038541316986083984,67338
0.03854990005493164,67338
0.03855729103088379,67338
