Time,Objective value
0.033455848693847656,68696
0.0334630012512207,68696
0.03346967697143555,68696
