Time,Objective value
0.03158831596374512,68224
0.031595468521118164,68224
0.03160214424133301,68224
