Time,Objective value
0.0002040863037109375,177224
0.0011792182922363281,172806
0.0022220611572265625,171078
0.003129720687866211,170444
0.004103422164916992,169376
0.005112886428833008,167630
0.006166934967041016,167630
0.0072977542877197266,167426
0.008238792419433594,167426
0.009285211563110352,167426
0.010293722152709961,167426
0.011074066162109375,165506
0.012195348739624023,165506
0.013069391250610352,164894
0.01436161994934082,164836
0.015261411666870117,164836
0.016089439392089844,164506
0.017061710357666016,164128
0.018069028854370117,164128
0.019538402557373047,164128
0.020496129989624023,164128
0.021108627319335938,163272
0.02235555648803711,162698
0.02352142333984375,161970
0.0243072509765625,161630
0.02564549446105957,161630
0.026322364807128906,161630
0.027095317840576172,161420
0.0285489559173584,161284
0.029308795928955078,161284
0.030055522918701172,160952
0.03151059150695801,160952
0.03225278854370117,160952
0.033788204193115234,160468
0.03455972671508789,160468
0.0353550910949707,160468
0.03642106056213379,160144
0.037235260009765625,160144
0.03803396224975586,160144
0.03984665870666504,160144
0.04101395606994629,158430
0.041838645935058594,158430
0.04298806190490723,158430
0.04418158531188965,158430
0.045259952545166016,158430
0.04607987403869629,158430
0.04702472686767578,158430
0.04807448387145996,158430
0.049093008041381836,158430
0.050072669982910156,158430
0.051076412200927734,158430
0.052222490310668945,158430
0.053343772888183594,158246
0.05481982231140137,158006
0.056182861328125,158006
0.057500600814819336,157918
0.05898547172546387,157918
0.06011772155761719,157918
0.061362266540527344,157918
0.06301093101501465,157044
0.06464838981628418,157044
0.06608295440673828,156958
0.06728124618530273,156958
0.0688931941986084,156958
0.07010865211486816,156958
0.07149195671081543,156958
0.07317757606506348,156958
0.07491111755371094,156610
0.07643985748291016,156336
0.07791352272033691,156260
0.07966375350952148,155906
0.08092498779296875,155906
0.08246946334838867,155906
0.08421540260314941,155906
0.08565998077392578,155906
0.08735537528991699,155906
0.08900260925292969,155906
0.08900904655456543,155906
