Time,Objective value
0.0002040863037109375,174316
0.0011794567108154297,172668
0.0020127296447753906,170870
0.0031213760375976562,170870
0.004081249237060547,170870
0.005098104476928711,170048
0.006223201751708984,168582
0.0070574283599853516,168582
0.008020877838134766,167338
0.009124040603637695,166116
0.010144948959350586,166116
0.011393308639526367,165722
0.012179374694824219,165722
0.013303518295288086,165722
0.01423788070678711,165020
0.015074014663696289,165020
0.016431093215942383,165020
0.01743912696838379,163748
0.01801443099975586,163748
0.01900649070739746,163748
0.020160675048828125,163060
0.021317005157470703,162834
0.022644996643066406,161132
0.02334308624267578,161132
0.02406454086303711,161132
0.025292158126831055,161132
0.02617168426513672,160856
0.02772378921508789,159728
0.02847886085510254,159716
0.029540538787841797,159716
0.030351877212524414,159716
0.031119585037231445,159716
0.03287696838378906,159716
0.03377652168273926,159716
0.03468608856201172,159716
0.035352468490600586,159716
0.036249399185180664,159716
0.03723907470703125,159716
0.03811359405517578,159716
0.03919172286987305,159420
0.04010152816772461,159420
0.041077375411987305,159420
0.04251432418823242,159420
0.04335904121398926,159420
0.04440879821777344,158784
0.04543423652648926,158350
0.046555280685424805,158062
0.04767036437988281,158062
0.04877638816833496,158062
0.05007743835449219,158062
0.051325321197509766,158062
0.05241107940673828,158062
0.05336308479309082,158062
0.05463743209838867,158062
0.05567526817321777,158062
0.056937217712402344,157716
0.05835580825805664,157716
0.05980420112609863,157254
0.0609736442565918,157254
0.06220817565917969,157254
0.0634164810180664,157254
0.06469035148620605,157170
0.0661005973815918,156508
0.06759929656982422,156508
0.06899237632751465,156508
0.07035350799560547,156508
0.07163763046264648,156508
0.07309770584106445,156508
0.0748286247253418,156508
0.07614684104919434,156508
0.07771682739257812,156508
0.07947564125061035,156280
0.08116364479064941,156280
0.08265089988708496,156280
0.08430027961730957,156280
0.08597254753112793,156280
0.08742547035217285,156280
0.08915090560913086,156280
0.09080672264099121,156280
0.09081649780273438,156280
