Time,Objective value
0.0036537647247314453,204
0.003660440444946289,204
0.0036678314208984375,204
