Time,Objective value
0.002716541290283203,200
0.002724170684814453,200
0.002731800079345703,200
