Time,Objective value
0.002973318099975586,208
0.0029795169830322266,208
0.002985715866088867,208
