Time,Objective value
0.0029783248901367188,208
0.002986431121826172,208
0.002994060516357422,208
