Time,Objective value
0.002963542938232422,188
0.002971649169921875,188
0.0029785633087158203,188
