Time,Objective value
0.0024209022521972656,228
0.0024275779724121094,228
0.0024340152740478516,228
