Time,Objective value
0.0775904655456543,164056
0.07759714126586914,164056
0.15538859367370605,162944
0.23250722885131836,161294
0.30965638160705566,161294
0.38687872886657715,161294
0.5088694095611572,161294
0.6742169857025146,161178
0.8399767875671387,161178
1.0054590702056885,161178
1.1698870658874512,161178
1.2774202823638916,161022
1.3546061515808105,160778
1.4315693378448486,160740
1.5086488723754883,159540
1.585958480834961,159540
1.6629326343536377,159540
1.7399797439575195,159116
1.8170654773712158,158890
1.8942327499389648,158890
1.971330165863037,158890
2.097076892852783,158890
2.2624928951263428,158890
2.4280340671539307,158890
2.5932135581970215,158890
2.75675368309021,158890
2.7567670345306396,158890
