Time,Objective value
0.15497303009033203,162596
0.1549825668334961,162596
0.32094621658325195,161006
0.451251745223999,160014
0.5280179977416992,159802
0.604957103729248,159802
0.6817812919616699,159802
0.7586352825164795,159802
0.8355746269226074,159802
0.912437915802002,159802
0.9892756938934326,159802
1.0660972595214844,159802
1.143568515777588,159802
1.2204976081848145,159802
1.3711230754852295,159802
1.5371508598327637,159730
1.7024505138397217,159600
1.867621660232544,159600
2.033677816390991,159472
2.199712038040161,159472
2.3661246299743652,159472
2.532310962677002,159472
2.6982879638671875,159472
2.8044047355651855,159326
2.880449056625366,159326
2.9540812969207764,159326
2.9540886878967285,159326
