Time,Objective value
0.07723259925842285,162310
0.0772407054901123,162310
0.15451622009277344,161868
0.23138761520385742,161868
0.3082857131958008,160392
0.3853754997253418,160392
0.4624662399291992,160070
0.5393898487091064,160070
0.6164207458496094,160070
0.6934475898742676,160070
0.7704193592071533,160070
0.8473594188690186,160070
0.924431324005127,159928
1.0015532970428467,159710
1.078528642654419,159710
1.1554508209228516,159710
1.232377529144287,159710
1.3428192138671875,159710
1.5080742835998535,159100
1.6748456954956055,159100
1.8413753509521484,159100
2.0081732273101807,159100
2.0865671634674072,159100
2.1637697219848633,159100
2.240915060043335,159100
2.318039894104004,159100
2.3180477619171143,159100
