Time,Objective value
0.07722330093383789,164046
0.07722949981689453,164046
0.15426969528198242,163018
0.23101043701171875,161334
0.3078446388244629,161334
0.3848106861114502,160794
0.46153807640075684,160220
0.5385544300079346,160220
0.6155319213867188,160220
0.7777864933013916,160220
0.9453296661376953,160220
1.1128692626953125,160220
1.2804267406463623,160220
1.44639253616333,160220
1.6123275756835938,159656
1.7766854763031006,159656
1.9413299560546875,159656
2.1076273918151855,159656
2.2731218338012695,159656
2.438532829284668,159656
2.5649497509002686,159656
2.6419389247894287,159656
2.718660354614258,159656
2.795365571975708,159440
2.872096061706543,159254
2.9489657878875732,159254
2.9489731788635254,159254
