Time,Objective value
0.002945423126220703,17997928
0.0029556751251220703,17997928
0.002966642379760742,17997928
