Time,Objective value
0.0023000240325927734,17997928
0.0023064613342285156,17997928
0.0023131370544433594,17997928
