Time,Objective value
0.002994537353515625,17997928
0.0030066967010498047,17997928
0.003019094467163086,17997928
