Time,Objective value
0.0016994476318359375,17997928
0.0017066001892089844,17997928
0.0017130374908447266,17997928
