Time,Objective value
0.0017099380493164062,17997928
0.0017175674438476562,17997928
0.0017244815826416016,17997928
