Time,Objective value
0.0019273757934570312,17997928
0.0019342899322509766,17997928
0.0019423961639404297,17997928
