Time,Objective value
0.001714944839477539,17997928
0.0017216205596923828,17997928
0.0017282962799072266,17997928
