Time,Objective value
0.16513967514038086,166980
0.16514897346496582,166980
0.332261323928833,166980
0.49897170066833496,166980
0.6660149097442627,166980
0.8331489562988281,166980
1.0005111694335938,166980
1.1676762104034424,166980
1.255753993988037,166980
1.3331031799316406,166980
1.410454273223877,166980
1.4878954887390137,166980
1.6119420528411865,166980
1.7789981365203857,166980
1.9464242458343506,166980
2.115111827850342,166980
2.2823359966278076,166980
2.4494380950927734,166980
2.61645245552063,166980
2.750670909881592,166980
2.8754284381866455,166980
2.95285964012146,166980
3.0271167755126953,166460
3.1012179851531982,166460
3.179539918899536,166460
3.25370192527771,166460
3.253709316253662,166460
