Time,Objective value
0.07734012603759766,168854
0.0773468017578125,168854
0.15473055839538574,168854
0.2317955493927002,168314
0.30867838859558105,168306
0.38585662841796875,168306
0.4629697799682617,168306
0.5401113033294678,167762
0.6169641017913818,167762
0.6938672065734863,167762
0.770716667175293,167762
0.8475110530853271,167762
0.9242885112762451,167762
1.0011229515075684,167762
1.0779554843902588,167762
1.1547520160675049,167632
1.2319302558898926,167632
1.309145212173462,167342
1.3899760246276855,167342
1.5563709735870361,167342
1.722970724105835,167342
1.8895957469940186,167342
2.056631326675415,167342
2.223064422607422,166470
2.3884382247924805,166470
2.553922653198242,166470
2.5539348125457764,166470
