Time,Objective value
0.07715010643005371,169014
0.07715702056884766,169014
0.15419936180114746,167296
0.23100948333740234,167296
0.3078293800354004,167296
0.3846015930175781,167296
0.4612741470336914,167296
0.5380334854125977,167296
0.6148812770843506,167296
0.6916475296020508,167296
0.7684686183929443,167296
0.845067024230957,167296
0.9218785762786865,167296
0.9987053871154785,167296
1.0754241943359375,167296
1.1523005962371826,167296
1.2290947437286377,167296
1.3059282302856445,167296
1.3826298713684082,167296
1.4594359397888184,167296
1.5361649990081787,167296
1.6129558086395264,167296
1.689758539199829,166238
1.766540288925171,166238
1.8433942794799805,166238
1.920316219329834,166238
1.9203226566314697,166238
