Time,Objective value
0.16960358619689941,167924
0.16961359977722168,167924
0.3403348922729492,167394
0.5115725994110107,167394
0.6827840805053711,167394
0.8540174961090088,167394
1.025364875793457,167394
1.1969068050384521,167394
1.3682317733764648,167394
1.5395207405090332,166610
1.7101011276245117,166610
1.8807876110076904,166610
2.0516703128814697,166610
2.2220489978790283,166610
2.39021372795105,166610
2.55348801612854,166610
2.7168712615966797,166610
2.8799803256988525,166610
3.043099880218506,166610
3.206717014312744,166610
3.3704476356506348,166610
3.533477783203125,166610
3.6965177059173584,166610
3.8594658374786377,166610
4.022468090057373,166610
4.1853837966918945,166610
4.18539571762085,166610
