Time,Objective value
0.07734274864196777,168386
0.07734990119934082,168386
0.15449285507202148,167158
0.23180294036865234,167158
0.30901384353637695,167158
0.3863654136657715,166462
0.46338415145874023,166462
0.5404224395751953,166462
0.6174187660217285,166462
0.6944625377655029,166462
0.7716052532196045,166462
0.8486897945404053,166462
0.925614595413208,166462
1.0026006698608398,166462
1.079545021057129,166462
1.156463861465454,166462
1.2334399223327637,166462
1.310426950454712,166462
1.3874096870422363,166462
1.4644522666931152,166462
1.5413453578948975,166462
1.618438959121704,166462
1.6952197551727295,166462
1.7722604274749756,166462
1.84922456741333,166462
1.926548719406128,166462
1.9265613555908203,166462
