Time,Objective value
0.16471242904663086,167958
0.16472244262695312,167958
0.3299877643585205,167958
0.4939451217651367,166416
0.6603913307189941,166416
0.8288681507110596,166416
0.9974591732025146,166416
1.1658222675323486,166416
1.3343470096588135,166416
1.4330816268920898,166416
1.509953260421753,166416
1.5867881774902344,166416
1.6635525226593018,166416
1.7403135299682617,166416
1.8172328472137451,166416
1.8999826908111572,166416
2.0248653888702393,166416
2.101858615875244,166416
2.1787002086639404,166416
2.2555408477783203,166416
2.3322055339813232,166416
2.409034013748169,166416
2.485867977142334,166416
2.5627400875091553,166416
2.639968156814575,166416
2.717097520828247,166416
2.7171075344085693,166416
