Time,Objective value
0.0378875732421875,47155118
0.03789496421813965,47155118
0.07948493957519531,46669046
0.12150096893310547,46669046
0.1628584861755371,46669046
0.20331430435180664,46519388
0.24416875839233398,46519388
0.28453540802001953,46519388
0.32544970512390137,46519388
0.3677074909210205,46201340
0.40980052947998047,46201340
0.45186662673950195,46201340
0.49335551261901855,46201340
0.5352034568786621,46201340
0.5772945880889893,46100402
0.619135856628418,46100402
0.6599597930908203,46100402
0.7016878128051758,46100402
0.7442848682403564,46100402
0.7863306999206543,46100402
0.8277430534362793,46100402
0.8688313961029053,46100402
0.9103710651397705,46100402
0.9507880210876465,46100402
0.9915163516998291,46100402
1.0333096981048584,46100402
1.0333223342895508,46100402
