Time,Objective value
0.08027362823486328,47082694
0.08028388023376465,47082694
0.1598818302154541,46910734
0.2403242588043213,46253890
0.3221399784088135,46253890
0.40438199043273926,46253890
0.4846336841583252,46253890
0.5645487308502197,46253890
0.6465511322021484,46253890
0.7293710708618164,46253890
0.8090581893920898,46253890
0.8873872756958008,46253890
0.9668655395507812,46253890
1.0614538192749023,46253890
1.1345798969268799,46253890
1.2065579891204834,46253890
1.2772841453552246,46253890
1.347097635269165,46253890
1.4184200763702393,46253890
1.4897263050079346,46253890
1.55979585647583,46253890
1.6293129920959473,46253890
1.6984825134277344,46253890
1.7677943706512451,46253890
1.8385157585144043,46253890
1.9099481105804443,46253890
1.9099607467651367,46253890
