Time,Objective value
0.039177656173706055,46523548
0.0391850471496582,46523548
0.0814523696899414,46523548
0.12347793579101562,46458340
0.1680896282196045,46343388
0.20882940292358398,46343388
0.24937844276428223,46343388
0.29012417793273926,46343388
0.33101391792297363,46343388
0.371532678604126,46343388
0.41191864013671875,46343388
0.45185017585754395,46343388
0.4926941394805908,46343388
0.5333077907562256,46101096
0.5764224529266357,46101096
0.619753360748291,46101096
0.663445234298706,46101096
0.7055215835571289,46101096
0.7481245994567871,46101096
0.790468692779541,46101096
0.8336813449859619,46101096
0.8766639232635498,46101096
0.9198563098907471,46101096
0.9628589153289795,46101096
1.0040974617004395,46101096
1.047161340713501,46101096
1.0471718311309814,46101096
