Time,Objective value
0.08068656921386719,47327694
0.08069777488708496,47327694
0.16580772399902344,46349304
0.24708843231201172,46131974
0.329723596572876,46131974
0.41163158416748047,46131974
0.49257469177246094,46131974
0.5720913410186768,46131974
0.65179443359375,46131974
0.7317695617675781,46131974
0.812589168548584,46131974
0.8941717147827148,46131974
0.9753141403198242,46131974
1.0683739185333252,46131974
1.1444847583770752,46131974
1.2171294689178467,46131974
1.288588285446167,46131974
1.3581552505493164,46131974
1.4280009269714355,46131974
1.4987034797668457,46131974
1.5689830780029297,46131974
1.6377968788146973,46131974
1.708585262298584,46131974
1.7789275646209717,46053762
1.848935604095459,46053762
1.920175552368164,46053762
1.9201865196228027,46053762
