Time,Objective value
0.05840563774108887,50188
0.05841207504272461,50188
0.11704039573669434,50030
0.17540574073791504,50030
0.23369550704956055,49726
0.291670560836792,49726
0.35035085678100586,49726
0.40880751609802246,49726
0.46710777282714844,49726
0.5253047943115234,49726
0.5836174488067627,49726
0.641486644744873,49726
0.6996767520904541,49726
0.7575552463531494,49726
0.8160030841827393,49726
0.8743319511413574,49726
0.9323978424072266,49726
0.9909381866455078,49726
1.049522876739502,49726
1.1073696613311768,49726
1.1655755043029785,49726
1.2237005233764648,49628
1.2822003364562988,49628
1.3404598236083984,49628
1.3989055156707764,49530
1.4569406509399414,49530
1.456946611404419,49530
