Time,Objective value
0.058867692947387695,49556
0.058873653411865234,49556
0.11770200729370117,49556
0.17580175399780273,49556
0.23476648330688477,49556
0.29313230514526367,49556
0.35165977478027344,49556
0.4108412265777588,49556
0.46930646896362305,49556
0.5278656482696533,49556
0.5858466625213623,49556
0.6444563865661621,49556
0.7031674385070801,49556
0.7616467475891113,49556
0.8196711540222168,49556
0.8778114318847656,49556
0.9368529319763184,49556
0.9953739643096924,49556
1.053823471069336,49556
1.1118206977844238,49556
1.1700658798217773,49556
1.2283532619476318,49556
1.2865521907806396,49556
1.3445377349853516,49556
1.4030721187591553,49556
1.461320400238037,49556
1.4613327980041504,49556
