Time,Objective value
0.0820167064666748,15248570
0.08202695846557617,15248570
0.08203482627868652,15248570
