Time,Objective value
0.06026124954223633,15244659
0.06026816368103027,15244659
0.060278892517089844,15244659
