Time,Objective value
0.08321046829223633,15155119
0.08321881294250488,15155119
0.08322596549987793,15155119
