Time,Objective value
0.06067991256713867,15200241
0.06068825721740723,15200241
0.060695648193359375,15200241
