Time,Objective value
0.09444665908813477,2752
0.09523248672485352,2752
0.14281225204467773,2642
0.18947625160217285,2642
0.23218536376953125,2498
0.28130531311035156,2498
0.3300917148590088,2498
0.38045811653137207,2498
0.4295179843902588,2486
0.48003149032592773,2486
0.5270981788635254,2486
0.5847611427307129,2486
0.6341192722320557,2486
0.6830282211303711,2486
0.7298781871795654,2486
0.7825577259063721,2486
0.8251891136169434,2486
0.8679804801940918,2486
0.9142403602600098,2486
0.9604973793029785,2486
1.010314702987671,2486
1.061720848083496,2424
1.120373249053955,2424
1.1644446849822998,2424
1.205432653427124,2424
1.2482326030731201,2424
1.291632890701294,2424
1.3389406204223633,2424
1.3808343410491943,2424
1.4352385997772217,2424
1.4853358268737793,2424
1.528658390045166,2424
1.573002815246582,2424
1.6191720962524414,2424
1.6677992343902588,2424
1.7118635177612305,2424
1.75726318359375,2424
1.806807041168213,2424
1.853909969329834,2424
1.899073600769043,2424
1.943505048751831,2424
1.994401216506958,2424
2.0397980213165283,2424
2.0879883766174316,2424
2.1390061378479004,2424
2.1837384700775146,2424
2.2339417934417725,2424
2.288666009902954,2424
2.342161178588867,2424
2.387577533721924,2424
2.4334676265716553,2424
2.4780333042144775,2424
2.5249617099761963,2424
2.5666518211364746,2424
2.614701747894287,2424
2.661755323410034,2424
2.710909605026245,2424
2.762951612472534,2424
2.8127856254577637,2424
2.8640801906585693,2424
2.909339189529419,2424
2.961993455886841,2424
3.0065367221832275,2424
3.0549864768981934,2424
3.100383758544922,2424
3.1508219242095947,2424
3.194631814956665,2424
3.243312120437622,2424
3.29036021232605,2424
3.3402280807495117,2424
3.385011911392212,2424
3.442667007446289,2378
3.493959426879883,2378
3.545539140701294,2378
3.595196485519409,2378
3.6446213722229004,2378
3.6883442401885986,2378
3.738002061843872,2378
3.7884552478790283,2378
3.834857702255249,2378
3.8834173679351807,2378
3.931124210357666,2378
3.9741177558898926,2378
4.026692152023315,2378
4.027422666549683,2378
