Time,Objective value
0.0025970935821533203,3008
0.002604961395263672,3008
0.0031027793884277344,2794
0.0034444332122802734,2722
0.004057884216308594,2722
0.005023002624511719,2722
0.006098270416259766,2722
0.00725102424621582,2722
0.008103370666503906,2722
0.009203672409057617,2722
0.010023832321166992,2722
0.01128840446472168,2722
0.011555910110473633,2722
