Time,Objective value
0.002245187759399414,3680
0.0022513866424560547,3680
0.0027861595153808594,3416
0.0033576488494873047,3000
0.004070758819580078,3000
0.005240917205810547,2992
0.006529092788696289,2992
0.007189273834228516,2888
0.008152961730957031,2652
0.009040594100952148,2652
0.010146856307983398,2652
0.011234045028686523,2652
0.011240720748901367,2652
