Time,Objective value
0.003143310546875,3070
0.00315093994140625,3070
0.0034742355346679688,3070
0.004077911376953125,3070
0.004999876022338867,3070
0.005609750747680664,3070
0.006247282028198242,3070
0.007054567337036133,3070
0.008392333984375,3070
0.009226799011230469,3070
0.010026931762695312,3032
0.011362791061401367,3018
0.012402534484863281,2794
0.013058662414550781,2794
0.013936519622802734,2794
