Time,Objective value
0.0031096935272216797,3196
0.003119945526123047,3196
0.0035314559936523438,3196
0.003899812698364258,3196
0.0044400691986083984,3108
0.005052804946899414,3108
0.006041765213012695,3108
0.007246494293212891,3008
0.008240938186645508,3008
0.009133338928222656,3008
0.01062631607055664,2826
0.011076688766479492,2826
0.012166500091552734,2826
0.013388395309448242,2826
0.013792753219604492,2826
