Time,Objective value
0.0008568763732910156,2912
0.0015926361083984375,2912
0.0022802352905273438,2912
0.0031316280364990234,2810
0.004204511642456055,2810
0.0050776004791259766,2810
0.006098508834838867,2810
0.007044553756713867,2810
0.008153915405273438,2810
0.00913095474243164,2810
0.009321212768554688,2810
