Time,Objective value
0.002314329147338867,3228
0.0023207664489746094,3228
0.0026712417602539062,3228
0.0032846927642822266,3228
0.004326343536376953,3228
0.005080223083496094,2858
0.006173849105834961,2858
0.0071201324462890625,2734
0.008164644241333008,2734
0.00921320915222168,2734
0.009872198104858398,2734
