Time,Objective value
0.0024938583374023438,3008
0.0025005340576171875,3008
0.0029523372650146484,2794
0.0032105445861816406,2722
0.004278898239135742,2722
0.00523066520690918,2722
0.006066322326660156,2722
0.007191181182861328,2722
0.008103609085083008,2722
0.009440898895263672,2722
0.010179519653320312,2722
0.011180877685546875,2722
0.011434078216552734,2722
