Time,Objective value
0.0008521080017089844,3554
0.001428365707397461,3368
0.0022068023681640625,3148
0.0033216476440429688,2898
0.004090547561645508,2898
0.005166769027709961,2664
0.006114006042480469,2664
0.00714421272277832,2664
0.007269382476806641,2664
