Time,Objective value
0.002748250961303711,3204
0.002755403518676758,3204
0.003287792205810547,2926
0.0035889148712158203,2926
0.004111528396606445,2926
0.00529026985168457,2764
0.006074666976928711,2764
0.0073168277740478516,2716
0.008125543594360352,2716
0.009021997451782227,2668
0.010475635528564453,2668
0.011161327362060547,2668
0.012161016464233398,2668
0.012167215347290039,2668
