Time,Objective value
0.002689361572265625,3106
0.0026979446411132812,3106
0.003384828567504883,3106
0.004015207290649414,3008
0.0044825077056884766,3008
0.005010843276977539,3008
0.006110191345214844,2708
0.0070345401763916016,2708
0.008237361907958984,2708
0.009107112884521484,2708
0.010284423828125,2708
0.01109623908996582,2708
0.011333942413330078,2708
