Time,Objective value
0.0021958351135253906,3628
0.0022017955780029297,3628
0.002637624740600586,3216
0.0030837059020996094,2938
0.0044460296630859375,2878
0.00544428825378418,2878
0.006166219711303711,2834
0.007123708724975586,2834
0.008239269256591797,2814
0.009130239486694336,2780
0.009970426559448242,2530
