Time,Objective value
0.002806425094604492,3048
0.0028123855590820312,3048
0.0032501220703125,2614
0.003631114959716797,2614
0.004113197326660156,2614
0.005156755447387695,2614
0.006006479263305664,2614
0.007020711898803711,2614
0.008211612701416016,2614
0.009147405624389648,2560
0.009567022323608398,2560
