Time,Objective value
0.0009217262268066406,3554
0.0014677047729492188,3368
0.002451181411743164,3148
0.0032639503479003906,2898
0.004151344299316406,2898
0.005190849304199219,2898
0.006276130676269531,2664
0.007191896438598633,2664
0.008332252502441406,2664
0.009143352508544922,2664
0.009150505065917969,2664
