Time,Objective value
0.002275228500366211,3218
0.0022804737091064453,3218
0.0027594566345214844,3218
0.0030393600463867188,3218
0.004034280776977539,3218
0.005577802658081055,2680
0.006022453308105469,2680
0.0071108341217041016,2680
0.00831913948059082,2680
0.009327411651611328,2680
0.010150671005249023,2680
0.011115312576293945,2680
0.012191057205200195,2680
0.012197732925415039,2680
