Time,Objective value
0.0027265548706054688,3536
0.002732515335083008,3536
0.003326892852783203,3222
0.003731250762939453,3222
0.00478053092956543,3040
0.005347013473510742,3040
0.006634712219238281,3040
0.007108926773071289,3040
0.008106231689453125,3040
0.00923466682434082,3004
0.010083913803100586,3004
0.011500358581542969,3004
0.012104272842407227,3004
0.013322114944458008,2832
0.013329744338989258,2832
