Time,Objective value
0.005441904067993164,3790
0.005449056625366211,3790
0.008301973342895508,3790
0.010767221450805664,3790
0.013268232345581055,3790
0.015700817108154297,3790
0.018459081649780273,3790
0.020969390869140625,3790
0.023855924606323242,3790
0.026387691497802734,3790
0.029317855834960938,3790
0.03251791000366211,3790
0.03499603271484375,3790
0.038169145584106445,3790
0.04115176200866699,3790
0.04395270347595215,3790
0.046587228775024414,3790
0.049346208572387695,3790
0.052327871322631836,3772
0.05530595779418945,3772
0.05792641639709473,3772
0.06067180633544922,3772
0.06315946578979492,3772
0.06590700149536133,3772
0.06837868690490723,3772
0.07160687446594238,3772
0.07161498069763184,3772
