Time,Objective value
0.004579305648803711,3904
0.00458526611328125,3904
0.006879568099975586,3904
0.009891986846923828,3806
0.012670755386352539,3806
0.01546335220336914,3806
0.018242835998535156,3806
0.020792245864868164,3806
0.023358583450317383,3806
0.02589893341064453,3806
0.02865290641784668,3806
0.03134346008300781,3806
0.034101247787475586,3806
0.03700733184814453,3806
0.03951215744018555,3806
0.04203319549560547,3788
0.04564642906188965,3788
0.04974818229675293,3788
0.05384230613708496,3788
0.058264970779418945,3788
0.06254267692565918,3788
0.06681370735168457,3788
0.07150411605834961,3788
0.07582616806030273,3788
0.0805201530456543,3788
0.08520936965942383,3788
0.08522868156433105,3788
