Time,Objective value
0.0053975582122802734,3816
0.005403757095336914,3816
0.008352518081665039,3816
0.011288166046142578,3806
0.014101982116699219,3806
0.016536235809326172,3806
0.019260406494140625,3806
0.02186441421508789,3806
0.024381637573242188,3806
0.02737259864807129,3782
0.030041217803955078,3782
0.03276228904724121,3782
0.035521745681762695,3782
0.03797769546508789,3782
0.04050469398498535,3782
0.04337143898010254,3782
0.04611396789550781,3782
0.04886293411254883,3782
0.0513453483581543,3782
0.05407142639160156,3782
0.056775569915771484,3782
0.05930781364440918,3782
0.061757802963256836,3782
0.06473398208618164,3782
0.06763601303100586,3782
0.07012605667114258,3782
0.07013320922851562,3782
