Time,Objective value
0.006283760070800781,3890
0.006291627883911133,3890
0.010226011276245117,3868
0.014141321182250977,3868
0.018947839736938477,3842
0.022931575775146484,3842
0.02762317657470703,3838
0.03241610527038574,3800
0.036489009857177734,3800
0.041033029556274414,3800
0.04550981521606445,3800
0.04993724822998047,3800
0.054068565368652344,3800
0.05917859077453613,3800
0.06378650665283203,3790
0.0684349536895752,3790
0.0726766586303711,3790
0.07761335372924805,3790
0.08237028121948242,3780
0.08660554885864258,3780
0.09126162528991699,3780
0.09575629234313965,3780
0.10023093223571777,3780
0.10513997077941895,3780
0.10968446731567383,3780
0.11432957649230957,3780
0.11435103416442871,3780
