Time,Objective value
0.0069010257720947266,3972
0.006909608840942383,3972
0.011162519454956055,3930
0.015744924545288086,3890
0.02035045623779297,3840
0.02453327178955078,3840
0.029070615768432617,3840
0.033629655838012695,3840
0.0379033088684082,3810
0.040776729583740234,3810
0.0437469482421875,3810
0.04650759696960449,3810
0.04931473731994629,3810
0.05204129219055176,3810
0.05452299118041992,3810
0.05726361274719238,3810
0.059799909591674805,3784
0.06252670288085938,3784
0.06504559516906738,3784
0.06752586364746094,3784
0.0702669620513916,3784
0.07279348373413086,3784
0.0755455493927002,3784
0.07838964462280273,3784
0.08122873306274414,3784
0.08396220207214355,3784
0.08397364616394043,3784
