Time,Objective value
0.006463050842285156,3948
0.006470918655395508,3948
0.01042795181274414,3854
0.014594078063964844,3854
0.01733994483947754,3854
0.02015542984008789,3854
0.022660493850708008,3854
0.025417089462280273,3804
0.027861595153808594,3804
0.030317068099975586,3804
0.03347969055175781,3804
0.03599953651428223,3804
0.03870868682861328,3804
0.0415644645690918,3760
0.04401993751525879,3760
0.046715736389160156,3760
0.04942798614501953,3760
0.051871538162231445,3760
0.05434417724609375,3760
0.057053327560424805,3760
0.05979347229003906,3760
0.06254911422729492,3760
0.06507515907287598,3760
0.06795883178710938,3760
0.07064437866210938,3760
0.07341361045837402,3760
0.07342147827148438,3760
