Time,Objective value
0.004753589630126953,3910
0.0047588348388671875,3910
0.007288694381713867,3888
0.010063886642456055,3800
0.012575864791870117,3800
0.015127182006835938,3800
0.018116235733032227,3800
0.021009445190429688,3776
0.02371072769165039,3774
0.026445865631103516,3774
0.028939008712768555,3774
0.0314633846282959,3774
0.034363508224487305,3774
0.03710126876831055,3774
0.03963327407836914,3774
0.04218935966491699,3774
0.04469656944274902,3774
0.04748249053955078,3774
0.050238609313964844,3774
0.052839040756225586,3774
0.05546307563781738,3774
0.05827045440673828,3774
0.06112384796142578,3774
0.06349492073059082,3774
0.06609320640563965,3774
0.06871843338012695,3774
0.06872868537902832,3774
