Time,Objective value
0.0032346248626708984,3972
0.0032410621643066406,3972
0.00596165657043457,3930
0.008705615997314453,3890
0.011521100997924805,3840
0.014076709747314453,3840
0.016819238662719727,3840
0.019554615020751953,3840
0.02262425422668457,3810
0.025455236434936523,3810
0.028365373611450195,3810
0.03106379508972168,3810
0.033812522888183594,3810
0.0365138053894043,3810
0.038962364196777344,3810
0.04162716865539551,3810
0.044129133224487305,3784
0.04681515693664551,3784
0.04928851127624512,3784
0.05176067352294922,3784
0.054506540298461914,3784
0.05698871612548828,3784
0.059651851654052734,3784
0.06234884262084961,3784
0.0650629997253418,3784
0.06760191917419434,3784
0.06761050224304199,3784
