Time,Objective value
0.0017261505126953125,3780
0.0017337799072265625,3780
0.0017418861389160156,3780
