Time,Objective value
0.002101898193359375,3780
0.0021092891693115234,3780
0.002117156982421875,3780
