Time,Objective value
0.0028073787689208984,3336
0.0028183460235595703,3336
0.002829313278198242,3336
