Time,Objective value
0.0016007423400878906,3614
0.001607656478881836,3614
0.0016148090362548828,3614
