Time,Objective value
0.0015697479248046875,3454
0.0015766620635986328,3454
0.0015840530395507812,3454
