Time,Objective value
0.12679576873779297,6432
0.1284799575805664,6432
0.19138813018798828,6404
0.25317978858947754,6404
0.3177635669708252,6374
0.3805561065673828,6324
0.4492039680480957,6324
0.5170233249664307,6324
0.5815510749816895,6324
0.6498439311981201,6324
0.718106746673584,6320
0.7876183986663818,6320
0.860806941986084,6320
0.9282131195068359,6320
0.9956223964691162,6320
1.0673258304595947,6320
1.140082836151123,6320
1.2077066898345947,6320
1.2727081775665283,6320
1.342210054397583,6320
1.404587745666504,6320
1.4722483158111572,6288
1.5409531593322754,6288
1.6082253456115723,6288
1.6778135299682617,6288
1.753807783126831,6288
1.8520045280456543,6288
1.920757532119751,6272
1.9837586879730225,6234
2.052164077758789,6202
2.117050886154175,6202
2.1896958351135254,6202
2.264186382293701,6202
2.333641529083252,6202
2.4008102416992188,6202
2.466695547103882,6202
2.5398447513580322,6202
2.6040151119232178,6202
2.6787092685699463,6202
2.7470662593841553,6202
2.811939239501953,6202
2.884148120880127,6202
2.953279733657837,6202
3.018639087677002,6202
3.089193105697632,6202
3.1923117637634277,6202
3.299163579940796,6202
3.4121999740600586,6202
3.541443109512329,6202
3.669623613357544,6202
3.7883856296539307,6202
3.9155046939849854,6202
4.024798393249512,6202
4.139890432357788,6202
4.207866191864014,6202
4.273926496505737,6202
4.342761039733887,6202
4.408458232879639,6202
4.471067428588867,6202
4.536875009536743,6202
4.602447271347046,6202
4.665940761566162,6202
4.735550165176392,6194
4.800877332687378,6194
4.873781204223633,6194
4.875529527664185,6194
