Time,Objective value
0.12564492225646973,6584
0.12741541862487793,6584
0.19681334495544434,6352
0.26680922508239746,6332
0.33235883712768555,6332
0.4039301872253418,6332
0.4705381393432617,6332
0.540734052658081,6332
0.6127536296844482,6332
0.6784262657165527,6332
0.7439098358154297,6292
0.8104591369628906,6292
0.8757927417755127,6292
0.9438912868499756,6292
1.0091807842254639,6292
1.0768537521362305,6292
1.15096116065979,6280
1.2192130088806152,6280
1.2856969833374023,6280
1.3556392192840576,6230
1.4244003295898438,6230
1.4914188385009766,6230
1.5563583374023438,6230
1.6268033981323242,6230
1.6939005851745605,6230
1.7628779411315918,6230
1.8306972980499268,6230
1.8985016345977783,6230
1.9644477367401123,6230
2.0286505222320557,6230
2.105475425720215,6230
2.169036388397217,6230
2.2405996322631836,6230
2.3019087314605713,6230
2.366456985473633,6230
2.435170888900757,6230
2.51371431350708,6230
2.577925205230713,6230
2.645787000656128,6230
2.719036817550659,6230
2.787883758544922,6230
2.854109764099121,6194
2.921976327896118,6194
2.9950404167175293,6194
3.068518877029419,6194
3.1348557472229004,6194
3.2064332962036133,6156
3.277820110321045,6156
3.3480682373046875,6156
3.413930654525757,6156
3.482377290725708,6156
3.551640510559082,6156
3.6192145347595215,6156
3.6848416328430176,6156
3.75246262550354,6156
3.8161282539367676,6156
3.883765459060669,6156
3.945225954055786,6156
4.0123748779296875,6156
4.077760457992554,6156
4.1386823654174805,6156
4.1978840827941895,6156
4.262717247009277,6156
4.3239359855651855,6156
4.386302947998047,6156
4.447921514511108,6156
4.50944972038269,6156
4.573915719985962,6156
4.640285968780518,6156
4.711390495300293,6156
4.778795480728149,6156
4.83889365196228,6156
4.840598106384277,6156
