Time,Objective value
0.04367256164550781,68300
0.04368162155151367,68300
0.04368925094604492,68300
