Time,Objective value
0.042658329010009766,67900
0.04266810417175293,67900
0.04267621040344238,67900
