Time,Objective value
0.04215598106384277,68146
0.04216289520263672,68146
0.04216957092285156,68146
