Time,Objective value
0.0006840229034423828,125900
0.001191854476928711,98880
0.0022013187408447266,95380
0.0031592845916748047,95380
0.004026174545288086,95380
0.0050165653228759766,95380
0.006069660186767578,95380
0.0070037841796875,95380
0.008146047592163086,95380
0.00915384292602539,95380
0.01019287109375,95380
0.011177301406860352,95380
0.012006998062133789,95380
0.01305246353149414,95380
0.014011859893798828,95380
0.015166759490966797,95380
0.016140460968017578,95380
0.017095088958740234,95380
0.0180356502532959,95380
0.01918482780456543,95380
0.020125389099121094,95380
0.021064043045043945,95380
0.022006988525390625,95380
0.023139238357543945,95380
0.024077415466308594,95380
0.025028467178344727,95380
0.026155710220336914,95380
0.02709341049194336,95380
0.028048038482666016,95380
0.029173851013183594,95380
0.03011178970336914,95380
0.031052589416503906,95380
0.032176971435546875,95380
0.03312087059020996,95380
0.03387641906738281,95380
