Time,Objective value
0.0008816719055175781,129290
0.0011701583862304688,108660
0.002183198928833008,99920
0.0031690597534179688,97020
0.004099607467651367,96020
0.005128383636474609,95720
0.006018400192260742,95420
0.00723719596862793,95420
0.008146286010742188,95420
0.009031295776367188,95420
0.010120868682861328,95420
0.011235952377319336,95420
0.012056589126586914,95420
0.013297319412231445,95420
0.014224529266357422,95420
0.015059709548950195,95420
0.016158580780029297,95420
0.01715707778930664,95420
0.018208026885986328,95420
0.019129037857055664,95420
0.02006220817565918,95420
0.021284818649291992,95420
0.022197961807250977,95420
0.023233890533447266,95420
0.024007797241210938,95420
0.025228261947631836,95420
0.02614903450012207,95420
0.02707529067993164,95420
0.02812337875366211,95420
0.02906179428100586,95420
0.030344486236572266,95420
0.031316518783569336,95420
0.032279253005981445,95420
0.03327131271362305,95420
0.03429722785949707,95420
0.03531622886657715,95420
0.036336660385131836,95420
0.03702092170715332,95420
0.038042306900024414,95420
0.039067745208740234,95420
0.040088653564453125,95420
0.04111003875732422,95420
0.042142629623413086,95420
0.04319643974304199,95420
0.0442347526550293,95420
0.04526782035827637,95420
0.04630637168884277,95420
0.047339439392089844,95420
0.04803299903869629,95420
0.04906630516052246,95420
0.050102949142456055,95420
0.05113077163696289,95420
0.051830291748046875,95420
