Time,Objective value
0.0004448890686035156,132700
0.001165151596069336,97900
0.002102375030517578,94890
0.003046751022338867,94890
0.004173755645751953,94690
0.005112171173095703,94690
0.006048440933227539,94690
0.007169961929321289,94690
0.008106708526611328,94690
0.009061098098754883,94690
0.010184764862060547,94690
0.011121273040771484,94690
0.012057304382324219,94690
0.01317906379699707,94690
0.014115333557128906,94690
0.01505732536315918,94690
0.016003847122192383,94690
0.017143726348876953,94690
0.018093585968017578,94690
0.019053936004638672,94690
0.020189523696899414,94690
0.021136045455932617,94690
0.022081613540649414,94690
0.023028135299682617,94690
0.02416253089904785,94690
0.02510857582092285,94690
0.02605748176574707,94690
0.027004241943359375,94690
0.028139591217041016,94690
0.029095888137817383,94690
0.030032873153686523,94690
0.031163454055786133,94690
0.031929969787597656,94690
