Time,Objective value
0.0005056858062744141,131760
0.001207113265991211,97040
0.002140522003173828,92620
0.003035306930541992,92620
0.004120588302612305,92620
0.005043745040893555,92620
0.006127595901489258,92620
0.0072116851806640625,92620
0.008150100708007812,92620
0.009020566940307617,92620
0.010043144226074219,92620
0.011060476303100586,92620
0.012133598327636719,92620
0.013028860092163086,92620
0.014040946960449219,92620
0.015114307403564453,92620
0.016009807586669922,92620
0.01702427864074707,92620
0.018097400665283203,92620
0.019170045852661133,92620
0.02001643180847168,92620
0.021122217178344727,92620
0.022097349166870117,92620
0.02317333221435547,92620
0.024069786071777344,92620
0.025144577026367188,92620
0.026041030883789062,92620
0.0271151065826416,92620
0.028011560440063477,92620
0.02908468246459961,92620
0.030165672302246094,92620
0.031062841415405273,92620
0.03213763236999512,92620
0.03292036056518555,92620
