Time,Objective value
0.08553385734558105,152850
0.0855414867401123,152850
0.18484044075012207,151828
0.2778351306915283,151386
0.36217451095581055,151386
0.44691967964172363,151386
0.5317864418029785,151386
0.631474494934082,151386
0.716667890548706,151386
0.8008782863616943,151386
0.8854057788848877,151386
0.9802143573760986,151386
1.0800800323486328,151386
1.1663570404052734,151386
1.259519338607788,151302
1.333153247833252,151302
1.408294677734375,151302
1.495600700378418,151302
1.590029001235962,151302
1.6897644996643066,151302
1.7834317684173584,151302
1.8685150146484375,151302
1.9680123329162598,151302
2.0522730350494385,151302
2.1369285583496094,151302
2.2336597442626953,151302
2.2336668968200684,151302
