Time,Objective value
0.21964383125305176,153390
0.21965479850769043,153390
0.40317726135253906,151912
0.619032621383667,151912
0.8010165691375732,151714
0.9232499599456787,151714
1.017279863357544,151714
1.102067470550537,151714
1.1959569454193115,151330
1.2817788124084473,151330
1.3813416957855225,151330
1.4737927913665771,151330
1.5662508010864258,151330
1.662834882736206,151330
1.7381048202514648,151330
1.822275161743164,151330
1.9073147773742676,151330
2.0069565773010254,151330
2.0910794734954834,151330
2.17537260055542,151330
2.2943286895751953,151330
2.3846116065979004,151330
2.4841887950897217,151330
2.5705952644348145,151330
2.712738275527954,151330
2.9191925525665283,151330
2.919206380844116,151330
