Time,Objective value
0.0935201644897461,152126
0.09352612495422363,152126
0.19356584548950195,152126
0.2930111885070801,151982
0.3931245803833008,151982
0.4778892993927002,151982
0.57724928855896,151982
0.6618139743804932,151982
0.7615971565246582,151982
0.8463401794433594,151982
0.9312388896942139,151982
1.0274219512939453,151982
1.1275382041931152,151982
1.2158563137054443,151982
1.3000237941741943,151906
1.3843779563903809,151906
1.468843698501587,151906
1.5531046390533447,150996
1.6455614566802979,150996
1.7361912727355957,150996
1.8205585479736328,150996
1.9202005863189697,150996
2.019843339920044,150996
2.104196071624756,150996
2.1891164779663086,150996
2.287827491760254,150996
2.287841796875,150996
