Time,Objective value
0.20943641662597656,152986
0.20944619178771973,152986
0.38538575172424316,152986
0.5933995246887207,152986
0.7710299491882324,151840
0.9484543800354004,151840
1.1253228187561035,151840
1.3020453453063965,151840
1.3944401741027832,151840
1.4785940647125244,151840
1.5628249645233154,151840
1.6469991207122803,151224
1.7416954040527344,151224
1.825850009918213,151224
1.925227403640747,151224
2.0096988677978516,151224
2.0956673622131348,151224
2.179825782775879,151224
2.265874147415161,151224
2.3653318881988525,151224
2.449551582336426,151224
2.5358963012695312,151224
2.6319615840911865,151224
2.716221332550049,151224
2.801398515701294,151224
2.885364055633545,151224
2.8853707313537598,151224
