Time,Objective value
0.1269068717956543,67958
0.12691640853881836,67958
0.2568540573120117,67582
0.38665032386779785,67582
0.5164039134979248,67232
0.6463048458099365,67232
0.7755703926086426,67232
0.9049887657165527,67232
1.0345957279205322,67232
1.1642205715179443,67232
1.293757438659668,66806
1.424185037612915,66806
1.5537796020507812,66806
1.684016466140747,66806
1.8158211708068848,66806
1.9408159255981445,66806
2.0654757022857666,66806
2.1893043518066406,66806
2.313832998275757,66806
2.4377033710479736,66806
2.5624446868896484,66806
2.687230348587036,66806
2.8121213912963867,66806
2.938947916030884,66806
3.063866376876831,66806
3.187323570251465,66806
3.1873369216918945,66806
