Time,Objective value
0.1291642189025879,67296
0.12917876243591309,67296
0.258880615234375,67296
0.3881866931915283,67296
0.517951250076294,67296
0.6475715637207031,67296
0.764981746673584,67296
0.8406927585601807,67296
0.924680233001709,67296
0.9914262294769287,67296
1.0580103397369385,67296
1.124786615371704,67296
1.191464900970459,67296
1.2580406665802002,67296
1.3246634006500244,67296
1.391294240951538,67296
1.4579405784606934,67296
1.5246353149414062,67296
1.5948596000671387,67296
1.7027242183685303,67250
1.7697169780731201,67250
1.8365275859832764,67250
1.903447151184082,67250
1.9702372550964355,67250
2.0367634296417236,67250
2.1034579277038574,67250
2.103468656539917,67250
