Time,Objective value
0.12938809394836426,67736
0.12939834594726562,67736
0.25901246070861816,67706
0.38909029960632324,67706
0.5157103538513184,67706
0.6428463459014893,67634
0.7672591209411621,67634
0.8922860622406006,67634
1.0167455673217773,67562
1.1426317691802979,67438
1.267625093460083,67198
1.3933558464050293,67198
1.519688606262207,67198
1.645845651626587,67198
1.7720999717712402,67198
1.898003339767456,67198
2.024182081222534,67198
2.1500558853149414,67198
2.276315689086914,67198
2.4022269248962402,67198
2.5284030437469482,67198
2.654268264770508,67198
2.7800230979919434,67198
2.9054949283599854,67198
3.03159499168396,67198
3.1429340839385986,67198
3.1429455280303955,67198
