Time,Objective value
0.12951207160949707,9263186
0.1295185089111328,9263186
0.2593204975128174,9263186
0.38884973526000977,9263186
0.5184357166290283,9263186
0.6477007865905762,9203958
0.7777111530303955,9150774
0.907334566116333,9150774
1.0367305278778076,9150774
1.1661953926086426,9150774
1.2956509590148926,9150774
1.4252827167510986,9150774
1.554893970489502,9150774
1.6844587326049805,9150774
1.8140795230865479,9150774
1.9436511993408203,9150774
2.0731351375579834,9150774
2.2027816772460938,9150774
2.3321170806884766,9150774
2.4617700576782227,9150774
2.5912444591522217,9150774
2.7209925651550293,9150774
2.850390911102295,9150774
2.9800989627838135,9150774
3.1096653938293457,9150774
3.2396109104156494,9150774
3.2396209239959717,9150774
