Time,Objective value
0.13226556777954102,9277992
0.13227200508117676,9277992
0.2612767219543457,9241288
0.39025139808654785,9215114
0.5190107822418213,9215114
0.6476507186889648,9171882
0.7767007350921631,9171882
0.9059464931488037,9171882
1.0351612567901611,9171882
1.1641838550567627,9171882
1.2931163311004639,9171882
1.422112226486206,9171882
1.5510363578796387,9171882
1.680269718170166,9171882
1.9468111991882324,9171882
2.2148549556732178,9171882
2.4843595027923584,9171882
2.754314422607422,9171882
3.023542881011963,9171882
3.292909622192383,9171882
3.562356472015381,9171882
3.8304760456085205,9171882
4.098371267318726,9171882
4.3625078201293945,9171882
4.6197264194488525,9171882
4.876052141189575,9171882
4.876063585281372,9171882
