Time,Objective value
0.0005519390106201172,177802
0.0016536712646484375,164334
0.0034558773040771484,160716
0.0052814483642578125,159558
0.007084369659423828,158884
0.008884668350219727,158248
0.010696172714233398,157996
0.012498140335083008,157260
0.01430821418762207,156778
0.01610732078552246,156526
0.017910003662109375,156340
0.019710540771484375,156140
0.021512508392333984,155878
0.02331233024597168,155732
0.025119304656982422,155668
0.02691960334777832,155560
0.028721094131469727,155552
0.030521154403686523,155540
0.032321929931640625,155524
0.034121036529541016,155446
0.03593158721923828,155358
0.03773355484008789,155330
0.0395352840423584,155170
0.04133439064025879,155142
0.04313397407531738,155064
0.04494047164916992,155052
0.046742916107177734,155024
0.04854273796081543,154994
0.05034184455871582,154898
0.05213785171508789,154898
0.0539393424987793,154898
0.05574679374694824,154898
0.05754661560058594,154898
0.05934619903564453,154886
0.06114363670349121,154886
0.06294369697570801,154884
0.06475162506103516,154884
0.06655359268188477,154884
0.06835794448852539,154884
0.07017040252685547,154884
0.07198715209960938,154884
0.07380199432373047,154884
0.07562994956970215,154884
0.07744121551513672,154884
0.07924938201904297,154884
0.08106303215026855,154884
0.08287382125854492,154884
0.08469390869140625,154884
0.08651065826416016,154852
0.08832597732543945,154852
0.09013509750366211,154852
0.0919485092163086,154852
0.09195685386657715,154852
