Time,Objective value
0.0006260871887207031,176686
0.0018646717071533203,164356
0.003698587417602539,159740
0.005836963653564453,157720
0.008304834365844727,156828
0.010468482971191406,156432
0.012572765350341797,156180
0.01532602310180664,155904
0.01812291145324707,155760
0.020618915557861328,155612
0.02367234230041504,155350
0.025976181030273438,155286
0.028893709182739258,155100
0.031625986099243164,154942
0.03414320945739746,154780
0.03725719451904297,154464
0.04003500938415527,154378
0.043090105056762695,154348
0.045984506607055664,154232
0.04906940460205078,154202
0.05211305618286133,154184
0.055190086364746094,154138
0.05824780464172363,154084
0.06145739555358887,154040
0.0651087760925293,154040
0.06874513626098633,154014
0.0723886489868164,154010
0.07602095603942871,153940
0.07964754104614258,153760
0.08328437805175781,153700
0.08692693710327148,153628
0.09055566787719727,153624
0.0941922664642334,153610
0.09781670570373535,153610
0.10144925117492676,153566
0.10511350631713867,153566
0.10879325866699219,153566
0.11247634887695312,153566
0.11617064476013184,153566
0.11988973617553711,153566
0.12367987632751465,153566
0.12748956680297852,153566
0.13126611709594727,153566
0.13503360748291016,153566
0.13878917694091797,153566
0.14257335662841797,153540
0.146315336227417,153480
0.15009093284606934,153480
0.15385866165161133,153480
0.15758204460144043,153480
0.16132473945617676,153480
0.1650855541229248,153480
0.16510295867919922,153480
