Time,Objective value
0.0009756088256835938,179432
0.0013992786407470703,177456
0.003498554229736328,163912
0.007306337356567383,161158
0.011132478713989258,159982
0.014925956726074219,159340
0.018744945526123047,158150
0.02255082130432129,157964
0.026350021362304688,157646
0.03014087677001953,157422
0.0339052677154541,157306
0.037683963775634766,157240
0.04146099090576172,156832
0.04529309272766113,156612
0.04920005798339844,156408
0.05297040939331055,156362
0.0566866397857666,156152
0.060647010803222656,156104
0.06442403793334961,156020
0.06819987297058105,155950
0.07211589813232422,155876
0.07589197158813477,155862
0.07971358299255371,155862
0.0838623046875,155844
0.08800864219665527,155830
0.09183025360107422,155820
0.09600520133972168,155812
0.10022521018981934,155786
0.10410094261169434,155778
0.10799527168273926,155746
0.11227560043334961,155734
0.11651086807250977,155730
0.12075018882751465,155726
0.12461113929748535,155726
0.12839317321777344,155726
0.13224458694458008,155654
0.13602972030639648,155654
0.13981914520263672,155654
0.14360308647155762,155638
0.14745163917541504,155614
0.1511976718902588,155614
0.15487933158874512,155614
0.1585690975189209,155610
0.16247940063476562,155592
0.16616153717041016,155544
0.1695539951324463,155528
0.17285823822021484,155528
0.17649507522583008,155528
0.17963838577270508,155524
0.18269109725952148,155524
0.18562769889831543,155524
0.1888735294342041,155524
0.19265055656433105,155524
0.19266414642333984,155524
