Time,Objective value
0.0008618831634521484,177692
0.0012629032135009766,174606
0.003406524658203125,163726
0.0071070194244384766,160252
0.010808944702148438,158760
0.014517545700073242,157260
0.01821613311767578,156706
0.021922826766967773,156502
0.025621652603149414,156192
0.029317617416381836,156092
0.03302478790283203,155980
0.036725759506225586,155926
0.04042387008666992,155620
0.044129371643066406,155448
0.04782366752624512,155240
0.051573991775512695,155168
0.05531167984008789,155032
0.05904674530029297,154902
0.06279516220092773,154808
0.06654882431030273,154780
0.07034730911254883,154780
0.07416319847106934,154732
0.07794880867004395,154732
0.08174371719360352,154732
0.08555293083190918,154624
0.08940553665161133,154624
0.09331250190734863,154624
0.09717655181884766,154620
0.10101056098937988,154616
0.10485696792602539,154584
0.1086728572845459,154540
0.11250996589660645,154526
0.11635565757751465,154526
0.12019157409667969,154526
0.1240224838256836,154514
0.12780261039733887,154514
0.1316530704498291,154508
0.1354382038116455,154500
0.13927435874938965,154500
0.1431272029876709,154500
0.14703989028930664,154500
0.1508190631866455,154500
0.15385699272155762,154500
0.15765786170959473,154478
0.16104507446289062,154478
0.16428399085998535,154478
0.16748619079589844,154478
0.1705305576324463,154478
0.17361855506896973,154478
0.1774427890777588,154478
0.18103432655334473,154478
0.18453192710876465,154478
0.1878669261932373,154478
0.1878824234008789,154478
