Time,Objective value
0.1011955738067627,151314
0.10120415687561035,151314
0.10121273994445801,151314
