Time,Objective value
0.0722053050994873,149454
0.07221245765686035,149454
0.0722193717956543,149454
