Time,Objective value
0.08358478546142578,150906
0.08359217643737793,150906
0.08359885215759277,150906
