Time,Objective value
0.07258033752441406,151258
0.07258772850036621,151258
0.07259440422058105,151258
