Time,Objective value
0.16948294639587402,151174
0.1694955825805664,151174
0.1695082187652588,151174
