Time,Objective value
0.25635194778442383,727252458
0.25713133811950684,727252458
0.44105005264282227,725271599
0.6099715232849121,725152121
0.7869071960449219,710468508
0.9581284523010254,710468508
1.1240484714508057,710468508
1.3048112392425537,710468508
1.4860930442810059,710468508
1.671421766281128,710288923
1.836195707321167,707694334
2.0097365379333496,707694334
2.1874663829803467,707344016
2.365715980529785,707344016
2.516643762588501,707344016
2.608340263366699,676387835
2.6852967739105225,675425364
2.7835090160369873,675425364
2.873569965362549,675425364
2.9638235569000244,664021918
3.059187650680542,650662226
3.1469168663024902,650662226
3.2413389682769775,650662226
3.3282480239868164,641592778
3.413593292236328,641592778
3.5666046142578125,638621378
3.7109482288360596,638621378
3.8584518432617188,638621378
4.014817476272583,638621183
4.159538984298706,638621183
4.309486150741577,638101037
4.474536657333374,638101037
4.667840957641602,638101037
4.82340407371521,638101037
5.003803968429565,638101037
5.172987699508667,638101037
5.345386028289795,637137951
5.508677244186401,637137951
5.679095029830933,637137951
5.849407196044922,637137951
6.021510124206543,637137951
6.190124034881592,637137951
6.363299131393433,637137951
6.494097709655762,637137951
6.595564842224121,637137951
6.678468942642212,637137951
6.778552293777466,637137951
6.873092412948608,637117113
6.976950645446777,637117113
7.0682196617126465,637117113
7.161638021469116,637117113
7.2636284828186035,637117113
7.3519508838653564,637117113
7.437416076660156,637117113
7.527859687805176,637117113
7.622351884841919,637117113
7.735632658004761,637117113
7.83717679977417,637117113
7.930845260620117,637117113
8.036824464797974,637117113
8.137438535690308,637117113
8.231695890426636,637117113
8.325396299362183,637117113
8.425626754760742,637117113
8.51794719696045,637117113
8.617098331451416,637117113
8.70822525024414,637117113
8.799307107925415,637117113
8.882863759994507,637117113
8.994141578674316,637117113
9.082297325134277,637117113
9.082797050476074,637117113
