Time,Objective value
0.017637014389038086,35222
0.017643451690673828,35222
0.017650365829467773,35222
