Time,Objective value
0.013910531997680664,35262
0.013916492462158203,35262
0.013923406600952148,35262
