Time,Objective value
0.018136262893676758,35484
0.0181429386138916,35484
0.018149852752685547,35484
