Time,Objective value
0.07731938362121582,166086
0.07732677459716797,166086
0.15422272682189941,164234
0.2310473918914795,164234
0.307910680770874,164006
0.3847181797027588,163310
0.4614875316619873,162170
0.5383701324462891,162170
0.6152489185333252,162170
0.6921465396881104,161028
0.7689969539642334,160534
0.8458397388458252,160534
0.9227182865142822,160436
0.999474048614502,160436
1.0763084888458252,160436
1.1660306453704834,160436
1.242844820022583,160436
1.3201110363006592,160436
1.3968777656555176,160436
1.4736828804016113,160230
1.5505235195159912,160230
1.6273221969604492,160230
1.7040932178497314,160230
1.7809488773345947,160230
1.8578102588653564,160230
1.9345929622650146,160230
1.9345998764038086,160230
