Time,Objective value
0.0773630142211914,166432
0.07737040519714355,166432
0.15439105033874512,164094
0.23125767707824707,164094
0.30817437171936035,163470
0.385084867477417,162822
0.461885929107666,162822
0.5388810634613037,162822
0.6157407760620117,162822
0.6926286220550537,162822
0.769599437713623,162806
0.8464577198028564,162806
0.9233365058898926,162150
1.0002295970916748,162150
1.0770044326782227,162150
1.1539089679718018,162102
1.2307889461517334,162102
1.3078205585479736,161504
1.3847143650054932,161504
1.4615914821624756,161504
1.5385346412658691,161504
1.6153144836425781,161504
1.6923680305480957,161504
1.7692475318908691,161504
1.846010684967041,161504
1.9229552745819092,161504
1.9229629039764404,161504
