Time,Objective value
0.07737898826599121,167374
0.07738637924194336,167374
0.15460968017578125,165610
0.23163771629333496,163874
0.3087005615234375,162872
0.38565993309020996,162872
0.4626293182373047,162872
0.539496660232544,162872
0.6164698600769043,162872
0.6933615207672119,162872
0.7702980041503906,162872
0.8471972942352295,162872
0.9241912364959717,162872
1.0011777877807617,162512
1.0781738758087158,162512
1.155132532119751,162512
1.2322218418121338,162512
1.3091602325439453,162512
1.3862059116363525,162512
1.4631531238555908,162512
1.5400962829589844,162512
1.6170103549957275,162512
1.6939797401428223,162512
1.7709565162658691,162512
1.8479893207550049,162386
1.92506742477417,162032
1.9250800609588623,162032
