Time,Objective value
0.14377307891845703,166056
0.1437826156616211,166056
0.26922082901000977,165052
0.3460230827331543,164130
0.42293214797973633,164130
0.49980664253234863,164098
0.5765740871429443,164098
0.6532843112945557,163716
0.7301740646362305,163210
0.8069145679473877,162998
0.8837931156158447,162304
0.9605402946472168,161896
1.0375053882598877,161896
1.161177396774292,161896
1.3272488117218018,161896
1.452453851699829,161896
1.5294239521026611,161896
1.606292963027954,161896
1.6831414699554443,161896
1.7600502967834473,161860
1.836855411529541,161860
1.913609504699707,161860
1.9906322956085205,161860
2.068011522293091,161860
2.1448798179626465,161860
2.2216482162475586,161860
2.2216551303863525,161860
