Time,Objective value
0.07737112045288086,167818
0.0773775577545166,167818
0.15458011627197266,165696
0.2316148281097412,164934
0.3086855411529541,163718
0.3860628604888916,163644
0.4631032943725586,163644
0.5402059555053711,163644
0.6172382831573486,163644
0.6942934989929199,163298
0.7715654373168945,163298
0.922605037689209,162758
1.0876781940460205,162520
1.2536168098449707,162520
1.419623851776123,161710
1.5848255157470703,161710
1.749854326248169,161710
1.9148731231689453,161710
2.080186367034912,161674
2.246039628982544,161674
2.4122314453125,161674
2.576138496398926,161674
2.7348875999450684,161674
2.8935394287109375,161674
3.052314043045044,161674
3.2130825519561768,161674
3.21309232711792,161674
