Time,Objective value
0.08506608009338379,166828
0.08507299423217773,166828
0.1623382568359375,164792
0.2394087314605713,164792
0.31641697883605957,164792
0.393322229385376,164792
0.4702773094177246,164320
0.5474851131439209,163762
0.6243412494659424,163762
0.7011997699737549,163762
0.7780287265777588,163762
0.854952335357666,163180
0.9320931434631348,163180
1.009268045425415,163180
1.0907318592071533,163062
1.2361702919006348,163062
1.4022061824798584,163062
1.5686619281768799,162832
1.7348637580871582,162832
1.9012389183044434,162832
2.031261920928955,162832
2.1085379123687744,162832
2.1857194900512695,162832
2.263143301010132,162832
2.340623378753662,162832
2.4180240631103516,162198
2.4180359840393066,162198
