Time,Objective value
0.003499746322631836,17937024
0.003507375717163086,17937024
0.004634857177734375,17937024
0.005736112594604492,17937024
0.006763935089111328,17937024
0.00786590576171875,17937024
0.009002447128295898,17937024
0.009977579116821289,17937024
0.011029243469238281,17937024
0.011836767196655273,17937024
0.012637615203857422,17937024
0.013634920120239258,17937024
0.014442920684814453,17937024
0.01540517807006836,17937024
0.016308307647705078,17937024
0.01719832420349121,17937024
0.018107175827026367,17937024
0.019150257110595703,17937024
0.019979000091552734,17937024
0.02080678939819336,17937024
0.0215914249420166,17937024
0.022532224655151367,17937024
0.02346324920654297,17937024
0.024481773376464844,17937024
0.02539849281311035,17937024
0.026310205459594727,17937024
0.026318073272705078,17937024
