Time,Objective value
0.003905773162841797,17997928
0.003916025161743164,17997928
0.005759239196777344,17997928
0.007476806640625,17997928
0.008897542953491211,17937024
0.010279417037963867,17937024
0.011684417724609375,17937024
0.013007879257202148,17937024
0.014453887939453125,17937024
0.01595020294189453,17937024
0.0176241397857666,17937024
0.019097328186035156,17937024
0.020258665084838867,17937024
0.021985769271850586,17937024
0.02367401123046875,17937024
0.025178909301757812,17937024
0.026724576950073242,17937024
0.028238296508789062,17937024
0.0297393798828125,17937024
0.030884504318237305,17937024
0.03214597702026367,17937024
0.03337883949279785,17937024
0.03490281105041504,17937024
0.03630805015563965,17937024
0.03771662712097168,17937024
0.03920888900756836,17937024
0.03922224044799805,17937024
