Time,Objective value
0.002428293228149414,18670
0.002437114715576172,18670
0.0024919509887695312,13350
0.003055095672607422,7552
0.004147768020629883,6956
0.005021095275878906,6956
0.006037473678588867,6956
0.007055759429931641,6956
0.008073568344116211,6956
0.00909280776977539,6956
0.010110139846801758,6956
0.011014938354492188,6956
0.012033700942993164,6956
0.013049602508544922,6956
0.01406717300415039,6956
0.015093803405761719,6956
0.016011953353881836,6956
0.017056941986083984,6956
0.018008947372436523,6956
0.01907944679260254,6956
0.020027875900268555,6956
0.0211031436920166,6956
0.022050857543945312,6956
0.02311563491821289,6956
0.02405524253845215,6956
0.025072574615478516,6956
0.026113271713256836,6956
0.02701854705810547,6956
0.028035879135131836,6956
0.02907109260559082,6956
0.030088424682617188,6956
0.030318498611450195,6956
