Time,Objective value
0.0018858909606933594,18996
0.0018911361694335938,18996
0.002048015594482422,7360
0.0030066967010498047,6824
0.004074811935424805,6824
0.0050258636474609375,6824
0.0060307979583740234,6824
0.007096290588378906,6824
0.008108139038085938,6824
0.009058237075805664,6824
0.010017156600952148,6824
0.011093854904174805,6824
0.012104988098144531,6824
0.013056516647338867,6824
0.014063835144042969,6824
0.015054464340209961,6824
0.01607203483581543,6824
0.01704263687133789,6824
0.018002986907958984,6824
0.019077301025390625,6824
0.0200347900390625,6824
0.02111959457397461,6824
0.022070884704589844,6824
0.023022174835205078,6824
0.024092912673950195,6824
0.025048255920410156,6824
0.026010990142822266,6824
0.027100801467895508,6824
0.028057098388671875,6824
0.029012203216552734,6824
0.029493331909179688,6824
