Time,Objective value
0.0002014636993408203,176088
0.0011913776397705078,173138
0.002035379409790039,171768
0.003143787384033203,171160
0.004113912582397461,171160
0.00516057014465332,169992
0.006279945373535156,168478
0.0071980953216552734,167976
0.008135080337524414,167872
0.009149312973022461,167832
0.010287046432495117,166708
0.011031150817871094,166708
0.01218867301940918,165478
0.013042688369750977,164370
0.014029264450073242,164370
0.015413761138916016,164370
0.016307353973388672,164370
0.017199039459228516,164370
0.01826190948486328,164370
0.01919722557067871,164370
0.020327091217041016,164370
0.021311521530151367,164370
0.022545337677001953,164370
0.023092985153198242,164046
0.02436685562133789,163070
0.02510356903076172,162314
0.026473283767700195,162048
0.02725815773010254,161840
0.02812957763671875,161840
0.02947211265563965,161840
0.030277729034423828,161666
0.031255245208740234,161666
0.03208351135253906,160514
0.03405261039733887,159098
0.03491473197937012,159098
0.035784244537353516,159098
0.03664827346801758,159098
0.03745555877685547,159098
0.03833818435668945,159098
0.03928112983703613,159098
0.04020977020263672,159098
0.04102945327758789,159098
0.0427398681640625,159098
0.04395866394042969,159098
0.044972896575927734,159098
0.045975685119628906,159098
0.04702329635620117,159006
0.048134565353393555,158426
0.049226999282836914,158426
0.05026555061340332,158426
0.05140948295593262,158342
0.05284261703491211,157706
0.05417943000793457,157706
0.055651187896728516,157706
0.056951284408569336,157706
0.0581669807434082,157706
0.0595707893371582,157706
0.06086540222167969,157484
0.06216907501220703,157484
0.06337332725524902,157484
0.06476712226867676,157484
0.06656861305236816,157448
0.06776094436645508,157448
0.06921076774597168,157448
0.07071137428283691,157448
0.07202005386352539,157448
0.07309865951538086,157448
0.07448363304138184,157448
0.07567763328552246,157448
0.07689547538757324,157448
0.0782017707824707,157448
0.07962560653686523,157448
0.08124160766601562,157448
0.0826406478881836,157448
0.08446335792541504,156798
0.08622360229492188,156290
0.08788537979125977,156290
0.08965158462524414,156290
0.08965921401977539,156290
