Time,Objective value
0.00020003318786621094,177028
0.001194000244140625,172418
0.0020275115966796875,172230
0.0031266212463378906,171510
0.0040988922119140625,170740
0.005121946334838867,169880
0.006173849105834961,169880
0.007035493850708008,169588
0.008253335952758789,169068
0.009260177612304688,167062
0.010080814361572266,166366
0.011185169219970703,165468
0.012389898300170898,165468
0.013213634490966797,165378
0.014075279235839844,165378
0.01503133773803711,164094
0.01616835594177246,164094
0.017175912857055664,164094
0.018337488174438477,162736
0.019349098205566406,162736
0.020475387573242188,162736
0.021059513092041016,162736
0.02232670783996582,162736
0.023705005645751953,162736
0.024405717849731445,162736
0.02502918243408203,162736
0.02622699737548828,162736
0.02752375602722168,162736
0.028195858001708984,162470
0.02957439422607422,161722
0.030419588088989258,160956
0.03129148483276367,160956
0.03233957290649414,160868
0.033121347427368164,160578
0.03416180610656738,160564
0.03565096855163574,160564
0.036542654037475586,160466
0.03734183311462402,160466
0.0381777286529541,160466
0.03912758827209473,160466
0.04097270965576172,160466
0.041748762130737305,160094
0.04288530349731445,159370
0.04420828819274902,159070
0.045289039611816406,159070
0.04657101631164551,159070
0.04755139350891113,159070
0.04858255386352539,159070
0.04946255683898926,159070
0.05024242401123047,159070
0.05120229721069336,159070
0.05227470397949219,159070
0.053368330001831055,159070
0.05467391014099121,158938
0.05615735054016113,158938
0.05723214149475098,158938
0.05842423439025879,158938
0.05954098701477051,158938
0.06080818176269531,158338
0.06212329864501953,158000
0.06374764442443848,157606
0.06516027450561523,156946
0.06674385070800781,156888
0.06790518760681152,156888
0.06940364837646484,156888
0.07086348533630371,156888
0.07237577438354492,156888
0.07384657859802246,156330
0.07559919357299805,156330
0.07706761360168457,156330
0.0786738395690918,156330
0.08026623725891113,156330
0.08211064338684082,156330
0.0842897891998291,156330
0.08575916290283203,156330
0.08751583099365234,156330
0.08928036689758301,156278
0.09100627899169922,156278
0.09101486206054688,156278
