Time,Objective value
0.00019979476928710938,176040
0.0011758804321289062,173074
0.0020422935485839844,171326
0.0031719207763671875,170144
0.004141807556152344,170144
0.005232334136962891,167964
0.0060770511627197266,167964
0.007250785827636719,167964
0.008168458938598633,167924
0.009319543838500977,167038
0.01011514663696289,165492
0.011177778244018555,165492
0.012274742126464844,165492
0.013081073760986328,165492
0.014278173446655273,165492
0.015170574188232422,165492
0.01616668701171875,165492
0.01712775230407715,165454
0.018253087997436523,164456
0.019189119338989258,164456
0.020195484161376953,164456
0.021293163299560547,163816
0.022635936737060547,160254
0.023279428482055664,160254
0.024539709091186523,160254
0.0251920223236084,160254
0.02659773826599121,160254
0.02732396125793457,160254
0.02868056297302246,160254
0.029463529586791992,160254
0.03025031089782715,160254
0.031090497970581055,160254
0.03252816200256348,160254
0.03323483467102051,160254
0.034810543060302734,160254
0.035878896713256836,159806
0.03705883026123047,158744
0.038494110107421875,157814
0.03979754447937012,157814
0.04092049598693848,157814
0.04199028015136719,157814
0.043031930923461914,157814
0.04424762725830078,157814
0.045174360275268555,157814
0.04626631736755371,157814
0.047449588775634766,157814
0.04836750030517578,157814
0.049535512924194336,157814
0.050589799880981445,157814
0.05171537399291992,157814
0.053032875061035156,157814
0.05420660972595215,157814
0.055350303649902344,157814
0.056444406509399414,157814
0.05771136283874512,157814
0.0588831901550293,157814
0.05988359451293945,157814
0.06098151206970215,157814
0.06201624870300293,157814
0.06333422660827637,157728
0.06464791297912598,157728
0.06603837013244629,157728
0.0679328441619873,157712
0.07075881958007812,157712
0.07432389259338379,157372
0.07789850234985352,157194
0.0811765193939209,157168
0.08400607109069824,157168
0.0866999626159668,157168
0.08972907066345215,157168
0.09245610237121582,157168
0.09558558464050293,157168
0.09931063652038574,156828
0.10300636291503906,156196
0.10634875297546387,156196
0.10964632034301758,156196
0.11285853385925293,156196
0.1160731315612793,156196
0.1160891056060791,156196
