Time,Objective value
0.00022268295288085938,176890
0.0010960102081298828,174068
0.0022323131561279297,172414
0.0032198429107666016,170724
0.00402069091796875,169562
0.005115032196044922,169562
0.006039619445800781,169562
0.007249593734741211,169562
0.008232593536376953,168602
0.009171485900878906,168182
0.010228633880615234,167124
0.011270761489868164,167124
0.012051105499267578,166554
0.013434648513793945,165008
0.014261722564697266,165008
0.015120744705200195,165008
0.0160524845123291,165008
0.01704692840576172,164084
0.018443822860717773,164084
0.019422054290771484,164084
0.020412683486938477,164084
0.021086931228637695,162790
0.022340774536132812,162656
0.023547887802124023,162372
0.02427077293395996,162372
0.025536537170410156,162372
0.026209115982055664,162318
0.027570724487304688,162318
0.02829599380493164,162318
0.029809951782226562,160852
0.030453920364379883,160852
0.031200170516967773,160852
0.03204035758972168,160852
0.033734798431396484,160852
0.034479618072509766,160852
0.03509998321533203,160852
0.036046743392944336,160852
0.03771567344665527,160468
0.038669586181640625,160468
0.03946852684020996,160468
0.04019808769226074,160468
0.04165983200073242,160468
0.04263639450073242,160468
0.043530941009521484,160468
0.04446554183959961,160468
0.04545712471008301,160104
0.04639887809753418,159226
0.0474092960357666,158750
0.04837918281555176,158750
0.04951143264770508,158750
0.05053377151489258,158750
0.05146360397338867,158750
0.0526278018951416,158614
0.0536952018737793,158614
0.05490517616271973,158614
0.05579543113708496,158614
0.057061195373535156,158614
0.05838489532470703,158614
0.05952167510986328,158614
0.060752153396606445,158614
0.06213641166687012,158066
0.06340956687927246,157622
0.06465744972229004,157622
0.06625247001647949,157438
0.06798291206359863,156508
0.06955289840698242,156508
0.07129907608032227,156508
0.07285761833190918,156508
0.07437443733215332,156508
0.07574892044067383,156508
0.07723689079284668,156508
0.07884049415588379,156508
0.08019256591796875,156508
0.0819394588470459,156508
0.08365750312805176,155952
0.0854029655456543,155760
0.08714914321899414,155760
0.0886986255645752,155760
0.09027504920959473,155760
0.09028196334838867,155760
