Time,Objective value
0.10094547271728516,156440
0.1009519100189209,156440
0.1889181137084961,156440
0.2881345748901367,156440
0.3796656131744385,156440
0.4645054340362549,156054
0.5488734245300293,156054
0.6378767490386963,156054
0.7220649719238281,156054
0.8172612190246582,156054
0.9027466773986816,156054
1.002094030380249,156054
1.0861849784851074,156054
1.1855015754699707,156054
1.2755722999572754,155042
1.3749134540557861,155042
1.4591634273529053,155042
1.547182559967041,155042
1.6466033458709717,155042
1.7452733516693115,155042
1.844848394393921,155042
1.9213242530822754,155042
2.0057802200317383,155042
2.090463638305664,155042
2.1746931076049805,155042
2.260812997817993,155042
2.2608211040496826,155042
