Time,Objective value
0.1436903476715088,156164
0.14369893074035645,156164
0.29659581184387207,156164
0.4887731075286865,156164
0.6452658176422119,156164
0.8088645935058594,156164
0.9657177925109863,156164
1.1390421390533447,156164
1.3179547786712646,156164
1.4665672779083252,156164
1.6569387912750244,156164
1.8514890670776367,156164
2.023148775100708,155532
2.1799869537353516,155532
2.3640859127044678,155532
2.5328450202941895,155532
2.679478168487549,155532
2.8267979621887207,155532
3.0352466106414795,155532
3.193380355834961,155532
3.3440001010894775,155532
3.5073840618133545,155532
3.6752328872680664,155532
3.823866128921509,155532
4.006606101989746,155532
4.207189083099365,155532
4.207206726074219,155532
