Time,Objective value
0.21712589263916016,157320
0.21713590621948242,157320
0.3993723392486572,157154
0.5895943641662598,156526
0.773510217666626,155976
0.926006555557251,155976
1.0121991634368896,155732
1.096825361251831,155732
1.1865322589874268,155732
1.2817718982696533,155732
1.3663229942321777,155732
1.4589741230010986,155732
1.55824875831604,155732
1.6542744636535645,155732
1.753575325012207,155732
1.8532986640930176,155732
1.9376497268676758,155732
2.0219874382019043,155732
2.112531900405884,155732
2.1996490955352783,155732
2.3137693405151367,155462
2.4272470474243164,155462
2.5097126960754395,155462
2.5997862815856934,155462
2.690298080444336,155462
2.7853944301605225,155462
2.785402297973633,155462
