Time,Objective value
0.1048898696899414,157188
0.10489654541015625,157188
0.19564199447631836,156730
0.2950868606567383,156252
0.3797190189361572,156252
0.47568511962890625,156252
0.5602595806121826,156252
0.6595158576965332,156242
0.7436072826385498,156124
0.8283743858337402,156082
0.9137821197509766,156082
0.9978916645050049,156082
1.083235263824463,156082
1.1673648357391357,156082
1.266864538192749,155382
1.3665475845336914,155354
1.4509034156799316,155354
1.5508570671081543,155354
1.650325059890747,155354
1.7490386962890625,155354
1.8331186771392822,155354
1.9184308052062988,155354
2.016237497329712,155354
2.189577579498291,155354
2.3988728523254395,155354
2.574880361557007,155354
2.5748939514160156,155354
