Time,Objective value
0.1801917552947998,156346
0.18020105361938477,156346
0.3210163116455078,156346
0.4955883026123047,156346
0.6771368980407715,156346
0.8801114559173584,156346
1.0581157207489014,156220
1.2328453063964844,156220
1.407949686050415,156220
1.614985704421997,156220
1.7900567054748535,156220
1.9646544456481934,156220
2.1393508911132812,156220
2.347167491912842,156220
2.523517608642578,156220
2.700483560562134,156220
2.9095516204833984,156220
3.1053380966186523,156194
3.3060426712036133,156194
3.4815945625305176,156194
3.687242031097412,156194
3.86259388923645,156194
4.0423479080200195,156194
4.241488695144653,156194
4.416075706481934,155970
4.5841615200042725,155970
4.584177255630493,155970
