Time,Objective value
0.08715343475341797,156146
0.08715987205505371,156146
0.17159628868103027,156120
0.25608158111572266,156120
0.34139060974121094,156120
0.4259989261627197,156120
0.5112121105194092,156120
0.6108267307281494,156120
0.710686206817627,156120
0.7964920997619629,156120
0.8806056976318359,156120
0.9802558422088623,156120
1.0798933506011963,156120
1.177443265914917,156120
1.2771084308624268,156120
1.3622634410858154,156120
1.4583065509796143,156120
1.5423901081085205,156120
1.636852741241455,155722
1.720963954925537,155722
1.7945151329040527,155722
1.8886353969573975,155722
1.9730887413024902,155722
2.0581672191619873,155722
2.1424343585968018,155722
2.242215156555176,155722
2.2422280311584473,155722
