Time,Objective value
0.005292654037475586,200
0.005299568176269531,200
0.007793903350830078,200
0.009631872177124023,200
0.012391090393066406,200
0.015136003494262695,200
0.01731395721435547,200
0.019631624221801758,200
0.022159576416015625,200
0.02507305145263672,200
0.027156352996826172,200
0.029242753982543945,200
0.03150510787963867,200
0.03400540351867676,200
0.03685474395751953,196
0.03908109664916992,196
0.04107499122619629,196
0.04343295097351074,196
0.04544973373413086,196
0.04723358154296875,196
0.04992938041687012,196
0.05107831954956055,196
0.05261421203613281,196
0.055683135986328125,196
0.05821108818054199,196
0.06119346618652344,196
0.06120109558105469,196
