Time,Objective value
0.12610483169555664,68182
0.1261141300201416,68182
0.25420427322387695,68182
0.3819081783294678,68182
0.5108702182769775,68182
0.6394298076629639,68182
0.7685825824737549,68182
0.8973634243011475,68182
1.0267219543457031,68182
1.1554388999938965,68182
1.2833328247070312,68182
1.4125592708587646,68182
1.5416326522827148,68182
1.671065092086792,68182
1.800048589706421,68182
1.928481101989746,68182
2.057051181793213,68182
2.1858320236206055,68182
2.310040235519409,68182
2.3844118118286133,67918
2.449773073196411,67918
2.511739730834961,67918
2.5738706588745117,67918
2.6359357833862305,67918
2.697960376739502,67918
2.7594943046569824,67918
2.759500503540039,67918
