Time,Objective value
0.13001322746276855,68562
0.1300218105316162,68562
0.25815629959106445,68562
0.38717198371887207,68246
0.5208075046539307,68246
0.6551198959350586,68100
0.7829952239990234,68100
0.9122292995452881,68100
1.0405869483947754,68100
1.1686608791351318,68100
1.2958691120147705,68100
1.4211804866790771,68100
1.4855716228485107,68100
1.549912929534912,67940
1.6146807670593262,67940
1.6797606945037842,67940
1.7443037033081055,67940
1.8091866970062256,67940
1.8733694553375244,67940
1.9376912117004395,67940
2.0022830963134766,67940
2.066774606704712,67940
2.1313514709472656,67940
2.1961233615875244,67940
2.260806083679199,67940
2.325775623321533,67940
2.3257880210876465,67940
