Time,Objective value
0.06399369239807129,68208
0.06399989128112793,68208
0.1280813217163086,68208
0.19275593757629395,68208
0.2576868534088135,68208
0.32211828231811523,68208
0.3867974281311035,68208
0.4514584541320801,68208
0.5159363746643066,68096
0.5801641941070557,67844
0.6442880630493164,67844
0.708341121673584,67844
0.7726254463195801,67844
0.8367109298706055,67844
0.9009580612182617,67844
0.9656076431274414,67844
1.0298728942871094,67844
1.094221830368042,67844
1.1587090492248535,67844
1.2229506969451904,67844
1.2872333526611328,67844
1.351102352142334,67844
1.4155845642089844,67844
1.4800224304199219,67844
1.5443964004516602,67844
1.6087076663970947,67844
1.6087141036987305,67844
