Time,Objective value
73.19616794586182,8278944
73.20214319229126,8278944
114.56091856956482,8215500
161.87967443466187,8208514
197.96619057655334,8208514
230.6024353504181,8201826
230.60571551322937,8201826
