Time,Objective value
73.66817307472229,8325714
73.6714916229248,8325714
117.06948065757751,8214458
152.15582489967346,8211202
183.45887994766235,8209496
216.94177436828613,8206576
250.8048837184906,8206320
250.80813670158386,8206320
