Time,Objective value
83.47103238105774,8267516
83.4769344329834,8267516
121.2495527267456,8203704
156.16214513778687,8198200
192.83919978141785,8195574
226.79363775253296,8194006
226.79679608345032,8194006
