Time,Objective value
0.21573376655578613,153206
0.2157456874847412,153206
0.2157580852508545,153206
