Time,Objective value
0.10335755348205566,154360
0.10336589813232422,154360
0.10337352752685547,154360
