Time,Objective value
0.1165475845336914,153894
0.11655616760253906,153894
0.11656379699707031,153894
