Time,Objective value
0.1004490852355957,155186
0.10045647621154785,155186
0.1004631519317627,155186
