Time,Objective value
0.2101912498474121,154690
0.21020913124084473,154690
0.21022272109985352,154690
