Time,Objective value
0.15660309791564941,154106
0.1566147804260254,154106
0.15662574768066406,154106
