Time,Objective value
8.093590021133423,8318168
8.093690633773804,8318168
11.383119583129883,8218222
15.36860966682434,8215238
18.782896518707275,8209796
22.197211027145386,8206736
25.03750777244568,8204308
27.356717824935913,8204308
29.954744338989258,8204308
33.098402976989746,8204308
35.24362349510193,8204308
37.9461715221405,8204148
40.659852743148804,8199644
43.129934310913086,8199644
46.83624601364136,8196616
49.96617603302002,8196616
52.2866313457489,8196616
55.65516257286072,8195476
58.49026346206665,8195476
62.72036027908325,8195476
65.37208771705627,8195476
68.22951245307922,8195410
70.60087633132935,8189182
72.85982656478882,8189182
76.80030822753906,8189182
80.184077501297,8189182
83.58101677894592,8188528
86.79798150062561,8188528
91.02783679962158,8184260
94.3964581489563,8181686
97.65709042549133,8181686
100.43907690048218,8181686
103.78300714492798,8181686
107.04894018173218,8181686
110.1714596748352,8180248
113.56809091567993,8180248
116.85398983955383,8180248
119.10707974433899,8180248
122.56625890731812,8180248
126.78957509994507,8180248
129.66158747673035,8180200
133.31748175621033,8180200
137.36506271362305,8179964
140.30960655212402,8179964
143.92992520332336,8179964
151.95771384239197,8179964
156.30801820755005,8179346
161.30012011528015,8179204
167.05098032951355,8179204
171.28528141975403,8179204
173.6066300868988,8178308
175.81161046028137,8178308
180.8632481098175,8178134
185.3959562778473,8177530
188.31093072891235,8177418
191.82630705833435,8177418
194.43344593048096,8175418
197.90852165222168,8175418
202.4684133529663,8175418
205.42532181739807,8175418
208.19329071044922,8175418
212.89391374588013,8175418
216.04598379135132,8175418
219.68785524368286,8175418
223.98378729820251,8175418
227.84465050697327,8175418
227.84474301338196,8175418
