Time,Objective value
13.320740461349487,152366
13.323424816131592,152366
19.940679788589478,150532
26.98089337348938,150438
33.440611124038696,150324
39.791547536849976,150324
46.45169186592102,150136
52.900309801101685,150136
59.57006478309631,150128
66.63949394226074,150026
79.87291288375854,149904
93.66762447357178,149904
101.080970287323,149890
101.08369016647339,149890
