Time,Objective value
13.508127450942993,151976
13.510767459869385,151976
20.882755756378174,150228
27.34990668296814,150228
33.95271062850952,150208
40.94596290588379,150208
47.85381746292114,150128
54.37571454048157,150060
62.13152551651001,150044
69.20928287506104,150032
75.56076550483704,150032
81.64684653282166,150032
87.19254779815674,150022
93.65675640106201,149892
100.89859986305237,149892
100.90119552612305,149892
