Time,Objective value
16.479930639266968,151918
16.48470163345337,151918
29.34266757965088,150492
37.10808706283569,150258
49.738608598709106,150140
59.371607065200806,150140
69.3121612071991,149998
79.20192861557007,149816
86.25920581817627,149742
95.60546064376831,149632
102.57583022117615,149618
102.57852435112,149618
