Time,Objective value
21.16022825241089,151546
21.16295886039734,151546
32.7973415851593,150742
47.48332500457764,150518
56.588438987731934,150460
64.86082410812378,150340
74.15217661857605,150340
81.25427031517029,150334
87.77793478965759,150282
96.8823401927948,150228
103.99984335899353,150228
104.00254607200623,150228
