Time,Objective value
18.349817752838135,151852
18.352480173110962,151852
25.436474323272705,150266
33.235668420791626,150040
42.34469437599182,150040
48.64903926849365,150040
57.49020481109619,149948
64.08025741577148,149948
72.25391864776611,149898
80.1186089515686,149890
86.80209803581238,149890
94.31051301956177,149832
101.53423523902893,149804
101.53684782981873,149804
