Time,Objective value
0.09226322174072266,153058
0.09227156639099121,153058
0.09227943420410156,153058
