Time,Objective value
0.1031789779663086,152576
0.10318636894226074,152576
0.10319328308105469,152576
