Time,Objective value
0.180220365524292,152540
0.18023324012756348,152540
0.18024611473083496,152540
