Time,Objective value
0.10442519187927246,153000
0.10443377494812012,153000
0.10444164276123047,153000
