Time,Objective value
0.10542535781860352,152354
0.10543322563171387,152354
0.10544013977050781,152354
