Time,Objective value
0.0541379451751709,71888
0.05414390563964844,71888
0.10858654975891113,70866
0.16260433197021484,70846
0.21686172485351562,70152
0.27161455154418945,70152
0.32540011405944824,70152
0.379070520401001,70152
0.4327366352081299,70152
0.4864010810852051,70066
0.5403306484222412,69740
0.5940239429473877,69740
0.6477618217468262,69490
0.7015879154205322,69490
0.7555365562438965,69364
0.8092606067657471,69364
0.8629798889160156,69016
0.9168300628662109,69016
0.9706499576568604,69016
1.0245113372802734,68638
1.0783488750457764,68184
1.1336174011230469,68184
1.1876459121704102,68184
1.2413420677185059,68184
1.2952773571014404,68184
1.349501371383667,68184
1.3495123386383057,68184
