Time,Objective value
0.11352825164794922,71146
0.11353778839111328,71146
0.2281641960144043,70402
0.34265851974487305,70402
0.4572880268096924,70270
0.5721020698547363,70022
0.6868155002593994,70022
0.8014335632324219,70022
0.9158978462219238,69922
1.0305790901184082,69922
1.0845520496368408,68934
1.1384549140930176,68800
1.192284345626831,68502
1.246156930923462,68502
1.344484806060791,68502
1.4415628910064697,68182
1.5396678447723389,68182
1.595440149307251,68182
1.6493175029754639,68182
1.7030370235443115,68182
1.7569348812103271,68182
1.810859203338623,67774
1.8647286891937256,67774
1.9186594486236572,67774
1.9725985527038574,67774
2.0310826301574707,67774
2.031097888946533,67774
