Time,Objective value
0.054312944412231445,71146
0.054320573806762695,71146
0.10904669761657715,70402
0.16347551345825195,70402
0.21773409843444824,70270
0.2717254161834717,70022
0.3257448673248291,70022
0.37957000732421875,70022
0.43356823921203613,69922
0.4875154495239258,69922
0.5415053367614746,68934
0.5952551364898682,68800
0.6491916179656982,68502
0.7032091617584229,68502
0.7570981979370117,68502
0.8109157085418701,68182
0.8648536205291748,68182
0.9186463356018066,68182
0.9725258350372314,68182
1.026254415512085,68182
1.0802090167999268,68182
1.134244680404663,67774
1.1882100105285645,67774
1.2420094013214111,67774
1.2959842681884766,67774
1.3499641418457031,67774
1.3499724864959717,67774
