Time,Objective value
0.05414533615112305,71262
0.05415177345275879,71262
0.10826587677001953,70356
0.16217947006225586,70220
0.2161698341369629,69736
0.27002763748168945,68950
0.32404017448425293,68950
0.3781254291534424,68522
0.43200182914733887,68498
0.4860503673553467,68498
0.5402305126190186,68498
0.5943918228149414,68498
0.6853988170623779,68498
0.800161600112915,68220
0.914862871170044,68220
1.0294876098632812,68168
1.1439423561096191,68086
1.2584304809570312,68086
1.3733351230621338,68086
1.488865852355957,68086
1.6032378673553467,68086
1.717726230621338,68086
1.831984043121338,68086
1.942256212234497,68086
2.053866386413574,68086
2.1634068489074707,68086
2.163419008255005,68086
