Time,Objective value
0.05439138412475586,70436
0.0543980598449707,70436
0.1085820198059082,70436
0.16282200813293457,70436
0.2171468734741211,70102
0.2711355686187744,70074
0.32521557807922363,70074
0.3793456554412842,70074
0.4334590435028076,69754
0.48734188079833984,69350
0.5412759780883789,69350
0.5952920913696289,69350
0.6494133472442627,69350
0.7033600807189941,69054
0.7573139667510986,69054
0.811211347579956,69054
0.8652060031890869,69054
0.9190027713775635,69054
0.9730532169342041,68660
1.0271034240722656,68660
1.081272840499878,68660
1.1352415084838867,68660
1.1893870830535889,68660
1.243453025817871,68660
1.2976112365722656,68660
1.3518006801605225,68660
1.351813554763794,68660
