Time,Objective value
0.05412435531616211,70680
0.054129838943481445,70680
0.10796427726745605,69660
0.16182708740234375,69660
0.21581339836120605,69660
0.270477294921875,69504
0.3242959976196289,69192
0.378082275390625,68630
0.43187975883483887,68630
0.48572206497192383,68020
0.5395247936248779,68020
0.5933640003204346,67788
0.6471819877624512,67490
0.7008922100067139,67484
0.7546877861022949,67484
0.8084728717803955,67484
0.8622615337371826,67484
0.9160840511322021,67118
0.9698848724365234,67118
1.0237085819244385,67118
1.0774850845336914,67118
1.1289567947387695,66886
1.1828367710113525,66886
1.236537218093872,66886
1.2903482913970947,66886
1.310647964477539,66874
1.3106563091278076,66874
