Time,Objective value
0.0540010929107666,71960
0.05400681495666504,71960
0.1077723503112793,71648
0.16158652305603027,71058
0.2154076099395752,70256
0.26921987533569336,69976
0.3504164218902588,69976
0.46475744247436523,69976
0.5793938636779785,69594
0.6939771175384521,69594
0.808626651763916,69594
0.9230799674987793,69234
1.0377230644226074,69234
1.1524970531463623,68638
1.267071008682251,68638
1.3820569515228271,68638
1.4968419075012207,68456
1.6116127967834473,68456
1.7215616703033447,68456
1.8314709663391113,68132
1.9410932064056396,68132
2.052917003631592,67968
2.162597179412842,67968
2.273381471633911,67638
2.3829689025878906,67638
2.492586612701416,67638
2.49259877204895,67638
