Time,Objective value
0.11781668663024902,71874
0.1178290843963623,71874
0.22200679779052734,70740
0.2849769592285156,70338
0.33942151069641113,69646
0.3939933776855469,69296
0.44807910919189453,69066
0.5027902126312256,69066
0.5570173263549805,69066
0.6113972663879395,69066
0.6655988693237305,69066
0.7200000286102295,68986
0.7740330696105957,68986
0.8282716274261475,68884
0.8824644088745117,68884
0.936840295791626,68884
0.9910478591918945,68884
1.0456194877624512,68884
1.1013519763946533,68784
1.1563410758972168,68784
1.2104461193084717,68784
1.2646293640136719,68784
1.3187434673309326,68784
1.3732883930206299,68618
1.428159475326538,68618
1.4823572635650635,68618
1.4823651313781738,68618
