Time,Objective value
0.05418562889099121,71904
0.054192543029785156,71904
0.10805630683898926,70728
0.1619873046875,70096
0.21582388877868652,69946
0.2696390151977539,69498
0.32343578338623047,69268
0.37721800804138184,68902
0.43099379539489746,68902
0.48477840423583984,68902
0.5386343002319336,68902
0.5924360752105713,68902
0.6462063789367676,68902
0.7000608444213867,68902
0.7537949085235596,68902
0.8076350688934326,68784
0.8614680767059326,68784
0.9153296947479248,68784
0.9696648120880127,68432
1.0235693454742432,68432
1.0774030685424805,68432
1.1313269138336182,68432
1.185149908065796,68432
1.2391068935394287,67922
1.2930243015289307,67922
1.3469595909118652,67922
1.3469665050506592,67922
