Time,Objective value
0.08442139625549316,156210
0.08442902565002441,156210
0.2035379409790039,153426
0.28771495819091797,153426
0.3740518093109131,153426
0.48950839042663574,153426
0.5920946598052979,153426
0.7337114810943604,153426
0.8333604335784912,153426
0.964590311050415,153426
1.0353305339813232,153426
1.1234519481658936,153426
1.2567744255065918,153426
1.372704029083252,153426
1.5020172595977783,153426
1.5879318714141846,153426
11.879721879959106,153156
24.101086616516113,153018
35.73938465118408,152872
48.43306589126587,152788
61.19332957267761,152766
71.06829714775085,152716
84.58414649963379,152684
96.61797618865967,152586
106.10655403137207,152542
106.10656476020813,152542
