Time,Objective value
0.006628990173339844,728965647
0.006642580032348633,728965647
0.006655693054199219,728965647
