Time,Objective value
0.007187604904174805,728973042
0.007196903228759766,728973042
0.007207155227661133,728973042
