Time,Objective value
0.002796173095703125,728973042
0.002804994583129883,728973042
0.002811908721923828,728973042
