Time,Objective value
16.086647748947144,157838
16.09141254425049,157838
25.504223823547363,155262
35.15983295440674,155152
44.49875545501709,154974
55.64345026016235,154974
65.20154118537903,154814
72.12976932525635,154752
80.650151014328,154752
91.97702217102051,154752
99.74682593345642,154694
107.2676362991333,154694
107.27026581764221,154694
