Time,Objective value
15.25664234161377,155852
15.259266138076782,155852
22.921486616134644,155224
31.586686849594116,154994
38.16730046272278,154812
47.69369316101074,154706
56.05521059036255,154560
65.24407839775085,154522
75.72599983215332,154430
84.87742924690247,154384
91.52899551391602,154384
98.42046284675598,154384
107.77252769470215,154384
107.77520179748535,154384
