Time,Objective value
13.505339860916138,156098
13.5079824924469,156098
21.879284381866455,155146
29.40202021598816,155062
36.03050446510315,154594
42.74782061576843,154588
49.36403512954712,154574
55.657814264297485,154518
61.64007019996643,154432
68.02931380271912,154384
74.64184045791626,154384
84.6016674041748,154342
90.82488203048706,154282
96.86731457710266,154282
102.86758637428284,154282
102.87017917633057,154282
