Time,Objective value
17.79684853553772,156928
17.799694061279297,156928
28.070444345474243,154810
37.692291498184204,154690
44.40029764175415,154374
52.799285650253296,154308
62.36867332458496,154308
71.73126983642578,154302
86.21949219703674,154302
99.33967614173889,154282
111.91142964363098,154250
111.91587829589844,154250
