Time,Objective value
13.543299198150635,155766
13.54807734489441,155766
22.43472409248352,155284
30.16309428215027,155274
38.17337346076965,155152
46.34820246696472,154998
55.85769867897034,154950
65.28719735145569,154890
71.74933052062988,154766
79.53576397895813,154736
85.8298556804657,154666
92.58311867713928,154666
99.07112789154053,154578
106.19071912765503,154578
106.19330263137817,154578
