Time,Objective value
0.05661344528198242,192
0.05662178993225098,192
0.11333346366882324,192
0.1700906753540039,192
0.22661900520324707,192
0.2832341194152832,184
0.33974361419677734,184
0.3963327407836914,184
0.4527559280395508,184
0.5094413757324219,184
0.5663292407989502,184
0.6232211589813232,184
0.6803021430969238,184
0.7373535633087158,184
0.7947962284088135,184
0.8521149158477783,184
0.9088213443756104,168
0.9628996849060059,168
1.0164036750793457,168
1.055753469467163,168
1.0856177806854248,168
1.115020751953125,168
1.1439855098724365,168
1.172597885131836,168
1.2013285160064697,168
1.2301340103149414,168
1.230140209197998,168
