Time,Objective value
0.01143336296081543,97810
0.011441946029663086,97810
0.016977548599243164,97810
0.025057077407836914,92850
0.03496575355529785,92850
0.04344892501831055,92850
0.05297064781188965,92850
0.05901646614074707,92850
0.06567120552062988,92850
0.07094788551330566,92850
0.07738018035888672,92850
0.08496975898742676,92300
0.09188151359558105,92300
0.09797334671020508,92300
0.10297250747680664,92300
0.10953116416931152,92300
0.11582088470458984,92300
0.12165498733520508,92300
0.1278393268585205,92300
0.13445734977722168,92300
0.1429729461669922,92300
0.14966416358947754,92300
0.15817975997924805,92300
0.1649789810180664,92300
0.17241120338439941,92300
0.1790010929107666,92300
0.1790163516998291,92300
