Time,Objective value
0.005272388458251953,97620
0.005278110504150391,97620
0.00984501838684082,94540
0.01187753677368164,94540
0.015110015869140625,94540
0.018144607543945312,94540
0.023144245147705078,94320
0.027515888214111328,94320
0.030257701873779297,94320
0.03493809700012207,94320
0.03801894187927246,94320
0.0414736270904541,94320
0.044946908950805664,94320
0.0481867790222168,94320
0.05153918266296387,94320
0.05427098274230957,94320
0.057700157165527344,94320
0.06152796745300293,93280
0.06596803665161133,93280
0.07073545455932617,93280
0.0761709213256836,93280
0.07826924324035645,93280
0.08191800117492676,93280
0.08516645431518555,93280
0.09037613868713379,93280
0.09278440475463867,93280
0.09279346466064453,93280
