Time,Objective value
0.003968715667724609,97620
0.003974437713623047,97620
0.008548974990844727,94540
0.010567188262939453,94540
0.013771295547485352,94540
0.01678466796875,94540
0.021727800369262695,94320
0.026081562042236328,94320
0.02881932258605957,94320
0.03349494934082031,94320
0.036548614501953125,94320
0.040014028549194336,94320
0.04347944259643555,94320
0.046712636947631836,94320
0.05007457733154297,94320
0.052802324295043945,94320
0.05630159378051758,94320
0.0601353645324707,93280
0.06453585624694824,93280
0.06920504570007324,93280
0.07448458671569824,93280
0.07649493217468262,93280
0.08013606071472168,93280
0.08337259292602539,93280
0.08858132362365723,93280
0.09109282493591309,93280
0.09110546112060547,93280
