Time,Objective value
0.005093574523925781,97930
0.005099296569824219,97930
0.007940530776977539,97930
0.012855291366577148,96240
0.016105175018310547,96240
0.020602941513061523,96240
0.023216724395751953,96240
0.025612354278564453,96240
0.028368234634399414,96240
0.033196449279785156,94110
0.03723597526550293,94110
0.040909528732299805,94110
0.044208526611328125,94110
0.047463417053222656,94110
0.05070018768310547,94110
0.054277896881103516,94110
0.05992937088012695,94110
0.06383848190307617,94110
0.06755948066711426,94110
0.07093024253845215,94020
0.07536578178405762,94020
0.07791590690612793,94020
0.08146548271179199,94020
0.08511519432067871,94020
0.08833527565002441,94020
0.09327292442321777,94020
0.09328603744506836,94020
