Time,Objective value
0.002489328384399414,9004
0.0024957656860351562,9004
0.0025382041931152344,8498
0.003032207489013672,3406
0.004124164581298828,3046
0.00507044792175293,2884
0.006013154983520508,2884
0.007097959518432617,2884
0.008040904998779297,2884
0.009115934371948242,2884
0.010057449340820312,2884
0.011131763458251953,2884
0.01203775405883789,2884
0.013076066970825195,2884
0.014007568359375,2884
0.015053749084472656,2884
0.016093730926513672,2884
0.01703047752380371,2884
0.018068552017211914,2884
0.019002437591552734,2884
0.020040512084960938,2884
0.02107834815979004,2884
0.022023916244506836,2884
0.023074626922607422,2884
0.024011611938476562,2884
0.025049924850463867,2884
0.026087045669555664,2884
0.02702164649963379,2884
0.02805781364440918,2884
0.029102563858032227,2884
0.030040264129638672,2884
0.030774831771850586,2884
