Time,Objective value
0.00179290771484375,11510
0.0017981529235839844,11510
0.0020394325256347656,3728
0.003090381622314453,2988
0.004015445709228516,2988
0.00510096549987793,2988
0.006041765213012695,2988
0.007049560546875,2988
0.008031129837036133,2988
0.009064197540283203,2988
0.01004934310913086,2988
0.01109170913696289,2988
0.012026071548461914,2988
0.013019084930419922,2988
0.014044761657714844,2988
0.015070438385009766,2988
0.016095399856567383,2988
0.017007827758789062,2988
0.018088579177856445,2988
0.019022226333618164,2988
0.020058393478393555,2988
0.021093130111694336,2988
0.022025346755981445,2988
0.023061513900756836,2988
0.024099111557006836,2988
0.025031328201293945,2988
0.02606797218322754,2988
0.02710437774658203,2988
0.028046131134033203,2988
0.029082536697387695,2988
0.02940058708190918,2988
