Time,Objective value
0.002072572708129883,9200
0.002079486846923828,9200
0.0021200180053710938,8498
0.0030777454376220703,3828
0.0040760040283203125,3828
0.005010366439819336,3828
0.006048440933227539,3828
0.0070874691009521484,3828
0.008023500442504883,3828
0.009059667587280273,3828
0.010098695755004883,3828
0.011032581329345703,3828
0.012077808380126953,3828
0.013015270233154297,3828
0.014059066772460938,3828
0.015096902847290039,3828
0.01603102684020996,3828
0.017066240310668945,3828
0.01810312271118164,3828
0.019036531448364258,3828
0.020073890686035156,3828
0.02100849151611328,3828
0.02204442024230957,3828
0.023079633712768555,3828
0.024020671844482422,3828
0.025058984756469727,3828
0.026098251342773438,3828
0.02703237533569336,3828
0.028069019317626953,3828
0.028487443923950195,3828
