Time,Objective value
0.0020101070404052734,8508
0.002015352249145508,8508
0.002051830291748047,8450
0.0030167102813720703,3906
0.004103422164916992,3906
0.005059480667114258,3906
0.006025791168212891,3906
0.007079601287841797,3906
0.008030414581298828,3906
0.009085655212402344,3906
0.01003408432006836,3906
0.011091470718383789,3906
0.012055397033691406,3906
0.013007164001464844,3906
0.014075279235839844,3906
0.015026092529296875,3906
0.01607513427734375,3906
0.017019987106323242,3906
0.0180819034576416,3906
0.019033432006835938,3906
0.02010202407836914,3906
0.021069049835205078,3906
0.02203202247619629,3906
0.023098468780517578,3906
0.024077653884887695,3906
0.025042057037353516,3906
0.02610635757446289,3906
0.027063846588134766,3906
0.02802586555480957,3906
0.028676748275756836,3906
