Time,Objective value
0.0019843578338623047,9194
0.0019893646240234375,9194
0.002022981643676758,9194
0.0030732154846191406,3304
0.004015445709228516,3304
0.005122661590576172,3304
0.006122589111328125,3304
0.007018327713012695,3304
0.008026123046875,3304
0.009079933166503906,3304
0.010070562362670898,3304
0.011022567749023438,3304
0.012067794799804688,3304
0.013007640838623047,3304
0.014046669006347656,3304
0.015091419219970703,3304
0.01602792739868164,3304
0.017068147659301758,3304
0.018021106719970703,3304
0.019057512283325195,3304
0.020091772079467773,3304
0.021024703979492188,3304
0.022059202194213867,3304
0.02309274673461914,3304
0.024036169052124023,3304
0.025072574615478516,3304
0.026004791259765625,3304
0.027122020721435547,3304
0.028037309646606445,3304
0.029114484786987305,3304
0.030068159103393555,3304
0.031087160110473633,3304
0.03216433525085449,3304
0.03251314163208008,3304
