Time,Objective value
0.0017430782318115234,10404
0.0017478466033935547,10404
0.002088785171508789,3240
0.003034830093383789,3222
0.004076480865478516,3222
0.005037784576416016,3222
0.006085872650146484,3222
0.007020711898803711,3222
0.008057594299316406,3222
0.009095191955566406,3222
0.010028839111328125,3222
0.011036872863769531,3222
0.012026786804199219,3222
0.013018608093261719,3222
0.014026880264282227,3222
0.015016794204711914,3222
0.01601862907409668,3222
0.0170590877532959,3222
0.0180203914642334,3222
0.019102811813354492,3222
0.020059823989868164,3222
0.021027565002441406,3222
0.02207636833190918,3222
0.023024320602416992,3222
0.02407360076904297,3222
0.025020122528076172,3222
0.026067018508911133,3222
0.02701091766357422,3222
0.02785801887512207,3222
