Time,Objective value
0.0033674240112304688,12190
0.003378152847290039,12190
0.0034399032592773438,7754
0.0036268234252929688,4296
0.004061222076416016,3026
0.005124092102050781,3026
0.006236076354980469,3026
0.0071964263916015625,3026
0.008153438568115234,3026
0.009136438369750977,3026
0.010015726089477539,3026
0.011063814163208008,3026
0.01210474967956543,3026
0.01314544677734375,3026
0.014008522033691406,3026
0.015042304992675781,3026
0.01609206199645996,3026
0.01712775230407715,3026
0.01816582679748535,3026
0.019028902053833008,3026
0.020081758499145508,3026
0.021122455596923828,3026
0.02216053009033203,3026
0.023020267486572266,3026
0.0240633487701416,3026
0.025101661682128906,3026
0.026140689849853516,3026
0.027179718017578125,3026
0.02803969383239746,3026
0.029090404510498047,3026
0.03013134002685547,3026
0.031180143356323242,3026
0.03204011917114258,3026
0.03310823440551758,3026
0.034166574478149414,3026
0.03504824638366699,3026
0.0361170768737793,3026
0.03717350959777832,3026
0.03804421424865723,3026
0.03913068771362305,3026
0.04000711441040039,3026
0.04106879234313965,3026
0.04212045669555664,3026
0.043174028396606445,3026
0.044046640396118164,3026
0.04511404037475586,3026
0.04619741439819336,3026
0.047096967697143555,3026
0.04817652702331543,3026
0.04907965660095215,3026
0.04926872253417969,3026
