Time,Objective value
0.0026352405548095703,11386
0.0026445388793945312,11386
0.0027048587799072266,8954
0.0030617713928222656,3626
0.004118442535400391,3498
0.005170345306396484,3498
0.006039857864379883,3498
0.007079362869262695,3498
0.008125543594360352,3498
0.009156465530395508,3498
0.010024309158325195,3498
0.011081218719482422,3498
0.012121438980102539,3498
0.013156414031982422,3498
0.014030933380126953,3498
0.015070676803588867,3498
0.01611042022705078,3498
0.01714777946472168,3498
0.018019676208496094,3498
0.019066333770751953,3498
0.020107030868530273,3498
0.02114415168762207,3498
0.022022724151611328,3498
0.02307748794555664,3498
0.02414226531982422,3498
0.025037765502929688,3498
0.02609705924987793,3498
0.027146100997924805,3498
0.028021574020385742,3498
0.0290679931640625,3498
0.030110836029052734,3498
0.031157970428466797,3498
0.03203916549682617,3498
0.03309226036071777,3498
0.03415274620056152,3498
0.03502798080444336,3498
0.03607463836669922,3498
0.03711390495300293,3498
0.03815460205078125,3498
0.039040327072143555,3498
0.04010939598083496,3498
0.04116368293762207,3498
0.04203152656555176,3498
0.04308271408081055,3498
0.04414868354797363,3498
0.04501748085021973,3498
0.04606366157531738,3498
0.046421051025390625,3498
