Time,Objective value
0.002719879150390625,26482610
0.0027267932891845703,26482610
0.003602743148803711,24807852
0.004034757614135742,24807852
0.004413127899169922,24807852
0.00513148307800293,24807852
0.0064792633056640625,24807852
0.007357120513916016,20500070
0.008681058883666992,20500070
0.009085416793823242,20500070
0.010010719299316406,20265368
0.011034011840820312,20265368
0.012090682983398438,20265368
0.012995004653930664,20265368
