Time,Objective value
0.002847433090209961,20328118
0.0028541088104248047,20328118
0.0032155513763427734,20328118
0.003635883331298828,20328118
0.004355430603027344,20328118
0.0050258636474609375,20328118
0.006566762924194336,20328118
0.007249355316162109,20328118
0.008492708206176758,20328118
0.009057998657226562,20328118
0.010029077529907227,20328118
0.01122736930847168,20265368
0.012275218963623047,20265368
0.012281656265258789,20265368
