Time,Objective value
1.175269603729248,44952418
1.1752774715423584,44952418
1.1752846240997314,44952418
