Time,Objective value
1.2946088314056396,44963896
1.2946209907531738,44963896
1.2946336269378662,44963896
