Time,Objective value
1.990659475326538,44922910
1.9906682968139648,44922910
1.990675687789917,44922910
