Time,Objective value
2.8479554653167725,44940196
2.847963571548462,44940196
2.847971200942993,44940196
