Time,Objective value
1.6339111328125,44974354
1.6339201927185059,44974354
1.6339282989501953,44974354
