Time,Objective value
1.2091064453125,44896018
1.2091152667999268,44896018
1.209122896194458,44896018
