Time,Objective value
1.5444738864898682,44983042
1.5444831848144531,44983042
1.5444908142089844,44983042
