Time,Objective value
1.9565205574035645,44985900
1.9565322399139404,44985900
1.956545352935791,44985900
