Time,Objective value
0.0894327163696289,161184
0.08944034576416016,161184
0.16779065132141113,159812
0.24658823013305664,159812
0.32488107681274414,159370
0.40355873107910156,158658
0.48058462142944336,158658
0.5580494403839111,158658
0.6349682807922363,158658
0.7118949890136719,158658
0.7889485359191895,158658
0.8657186031341553,158622
0.942941427230835,158616
1.0198075771331787,158616
1.098496437072754,158616
1.1756317615509033,158616
1.2524316310882568,158616
1.329477071762085,158616
1.40655517578125,158264
1.483694076538086,158264
1.5608751773834229,158264
1.637895107269287,158264
1.7149789333343506,158242
1.7919361591339111,158242
1.868689775466919,158242
1.9462039470672607,158242
1.946216344833374,158242
