Time,Objective value
0.0771951675415039,161594
0.07720088958740234,161594
0.1550304889678955,160690
0.23206210136413574,159474
0.30895256996154785,158432
0.3859598636627197,157900
0.4628422260284424,157900
0.5399985313415527,157900
0.6169981956481934,157900
0.693901538848877,157900
0.7707734107971191,157900
0.8476066589355469,157900
0.924729585647583,157900
1.0016825199127197,157900
1.078474998474121,157900
1.155531883239746,157900
1.2323596477508545,157900
1.309401035308838,157900
1.386340856552124,157900
1.4632296562194824,157804
1.5402381420135498,157804
1.6171975135803223,157804
1.6944262981414795,157804
1.7713158130645752,157804
1.8482275009155273,157218
1.9253554344177246,157218
1.9253690242767334,157218
