Time,Objective value
0.07695698738098145,163208
0.07696318626403809,163208
0.15407013893127441,161178
0.23078274726867676,160416
0.30756640434265137,160416
0.38435959815979004,159444
0.4610605239868164,159444
0.5377306938171387,159444
0.6145055294036865,158438
0.6913454532623291,158430
0.7680532932281494,158394
0.844839334487915,158394
0.9216489791870117,158394
0.9984161853790283,158394
1.07521653175354,158394
1.1521034240722656,158394
1.2289025783538818,158394
1.3056490421295166,158394
1.3824419975280762,158394
1.459312915802002,158394
1.536078691482544,158166
1.6127774715423584,158166
1.6895558834075928,158166
1.7662498950958252,158166
1.8722507953643799,158166
2.0382604598999023,157854
2.038271188735962,157854
