Time,Objective value
0.13695311546325684,162572
0.136962890625,162572
0.30333733558654785,162008
0.46868419647216797,159584
0.6346056461334229,159380
0.799919605255127,159380
0.9654998779296875,159380
1.1302566528320312,159380
1.295229434967041,159380
1.4601407051086426,158784
1.6275861263275146,158784
1.795517921447754,158784
1.963939905166626,158686
2.1312496662139893,158686
2.2957353591918945,158686
2.460129737854004,158686
2.6247448921203613,158668
2.766460657119751,158668
2.8432457447052,158668
2.917483329772949,158260
2.991269588470459,158260
3.0651111602783203,158260
3.1386826038360596,158260
3.2145891189575195,158260
3.2915518283843994,157224
3.3683347702026367,156996
3.3683419227600098,156996
