Time,Objective value
0.07766962051391602,161524
0.07767581939697266,161524
0.15464448928833008,158956
0.23181796073913574,158050
0.30892205238342285,158050
0.3859081268310547,158050
0.4628307819366455,158050
0.5398612022399902,158050
0.6167924404144287,158050
0.693678617477417,158050
0.7706584930419922,158050
0.8476541042327881,158050
0.9246029853820801,157968
1.001570701599121,157968
1.078495979309082,157968
1.1555521488189697,157926
1.2323834896087646,157926
1.3094432353973389,157926
1.3862919807434082,157926
1.4632501602172852,157506
1.5401818752288818,157506
1.617255687713623,157506
1.6942126750946045,157506
1.7712688446044922,157308
1.8481841087341309,157308
1.9255766868591309,157308
1.925588607788086,157308
