Time,Objective value
0.0036058425903320312,200
0.0036139488220214844,200
0.004540920257568359,200
0.006098508834838867,200
0.008383989334106445,200
0.009086370468139648,200
0.009670495986938477,200
0.010787010192871094,200
0.012331247329711914,200
0.01410222053527832,200
0.014941930770874023,200
0.015434980392456055,196
0.017266511917114258,196
0.017874956130981445,196
0.018538713455200195,196
0.019456863403320312,196
0.019817829132080078,196
0.020169973373413086,196
0.02183985710144043,192
0.024486780166625977,192
0.025396347045898438,192
0.025970935821533203,192
0.026406288146972656,192
0.028523921966552734,192
0.029061555862426758,192
0.031185388565063477,192
0.031192779541015625,192
