Time,Objective value
0.003128528594970703,240
0.003137350082397461,240
0.007031917572021484,200
0.00913381576538086,200
0.010465860366821289,200
0.012000083923339844,200
0.013496160507202148,200
0.014751434326171875,200
0.016354084014892578,200
0.019923925399780273,200
0.02236628532409668,200
0.026646137237548828,200
0.03255748748779297,168
0.03370213508605957,168
0.0361630916595459,168
0.03699946403503418,168
0.03968453407287598,168
0.042636871337890625,168
0.0443117618560791,168
0.04525160789489746,168
0.047966718673706055,168
0.05059409141540527,168
0.05168628692626953,168
0.05280566215515137,168
0.05503034591674805,168
0.05682992935180664,168
0.056844472885131836,168
