Time,Objective value
0.007279396057128906,168
0.007289886474609375,168
0.012566804885864258,168
0.013659238815307617,168
0.014414310455322266,168
0.016627073287963867,168
0.01848602294921875,168
0.022253036499023438,168
0.025314807891845703,168
0.026106595993041992,168
0.029839038848876953,168
0.0310821533203125,168
0.03201723098754883,168
0.03667402267456055,168
0.03954815864562988,168
0.041738271713256836,168
0.04492545127868652,168
0.046303510665893555,168
0.04716324806213379,168
0.049718379974365234,168
0.05178093910217285,168
0.052687883377075195,168
0.053467750549316406,168
0.056198835372924805,168
0.05707240104675293,168
0.05962181091308594,168
0.059639930725097656,168
