Time,Objective value
0.0030710697174072266,240
0.0030841827392578125,240
0.005965471267700195,224
0.010990381240844727,200
0.012398242950439453,200
0.016481637954711914,200
0.018731117248535156,200
0.02124786376953125,200
0.022841215133666992,200
0.026587963104248047,196
0.029589176177978516,196
0.032163143157958984,196
0.033803462982177734,196
0.03501534461975098,196
0.03648662567138672,196
0.038316965103149414,196
0.04040813446044922,196
0.04273247718811035,196
0.04635453224182129,196
0.04736590385437012,196
0.04840254783630371,192
0.05067634582519531,192
0.054518699645996094,192
0.058972835540771484,192
0.060091257095336914,192
0.06299543380737305,192
0.06301426887512207,192
