Time,Objective value
0.14581632614135742,155478
0.14582490921020508,155478
0.14583253860473633,155478
