Time,Objective value
0.10323190689086914,157190
0.1032407283782959,157190
0.10324811935424805,157190
