Time,Objective value
0.2058873176574707,156778
0.2059001922607422,156778
0.20591235160827637,156778
