Time,Objective value
0.08425545692443848,156350
0.08426356315612793,156350
0.08427095413208008,156350
