Time,Objective value
0.0836648941040039,156330
0.08367300033569336,156330
0.0836799144744873,156330
