Time,Objective value
0.23972415924072266,156162
0.23973655700683594,156162
0.23974919319152832,156162
