Time,Objective value
0.10083842277526855,156002
0.10084700584411621,156002
0.10085368156433105,156002
