Time,Objective value
0.00020194053649902344,140650
0.0010290145874023438,120360
0.002106189727783203,109590
0.0030570030212402344,108530
0.0042324066162109375,104410
0.0050487518310546875,102900
0.006244659423828125,99340
0.00701594352722168,99340
0.008295536041259766,97400
0.009222269058227539,97400
0.010190963745117188,96080
0.011147499084472656,96080
0.012126684188842773,96080
0.013102054595947266,96080
0.014013051986694336,96080
0.0153045654296875,96080
0.016278743743896484,96080
0.017252445220947266,95010
0.018226146697998047,94610
0.01920318603515625,94110
0.020178794860839844,93310
0.021156787872314453,93310
0.02215719223022461,93210
0.02314019203186035,93210
0.0241241455078125,93110
0.025107383728027344,93110
0.026091814041137695,93110
0.0270688533782959,93110
0.028053998947143555,92710
0.02903580665588379,92710
0.030020475387573242,92510
0.03132772445678711,92510
0.032013654708862305,92510
0.033008575439453125,92410
0.034327030181884766,92410
0.03532075881958008,92410
0.03631448745727539,92410
0.03729820251464844,92410
0.0382845401763916,92410
0.039276838302612305,92410
0.040266990661621094,92410
0.04126429557800293,92410
0.042278289794921875,92310
0.043294668197631836,92310
0.04430437088012695,92310
0.04531598091125488,92310
0.046315670013427734,92310
0.04730868339538574,92310
0.04829978942871094,92310
0.049292802810668945,92310
0.05028200149536133,92310
0.051271677017211914,92310
0.05227494239807129,92310
0.0532681941986084,92310
0.05425763130187988,92310
0.055136680603027344,92310
0.05540728569030762,92310
