Time,Objective value
0.00019741058349609375,145800
0.0010445117950439453,120410
0.002073526382446289,108730
0.0030519962310791016,103580
0.0041255950927734375,99620
0.005218505859375,99620
0.006083250045776367,99620
0.007296562194824219,99520
0.008159637451171875,98350
0.009282350540161133,98350
0.010227203369140625,98350
0.011140108108520508,98350
0.01212620735168457,96740
0.013103961944580078,95270
0.014077901840209961,95270
0.015052318572998047,95270
0.016023635864257812,95270
0.01732492446899414,95270
0.018306732177734375,94610
0.019283771514892578,94610
0.020261764526367188,94510
0.021242618560791016,94510
0.022223472595214844,94170
0.023200273513793945,94070
0.02417898178100586,93470
0.025159835815429688,93470
0.0261533260345459,93070
0.027146339416503906,93070
0.028126239776611328,92970
0.02911829948425293,92970
0.030101299285888672,92970
0.031085968017578125,92970
0.03206777572631836,92970
0.0330500602722168,92970
0.03403353691101074,92970
0.03501439094543457,92970
0.03632473945617676,92970
0.03732132911682129,92970
0.03830718994140625,92970
0.039301156997680664,92970
0.04029202461242676,92970
0.04128003120422363,92970
0.04227137565612793,92970
0.043262481689453125,92970
0.04424929618835449,92970
0.04524040222167969,92970
0.04624581336975098,92970
0.04726386070251465,92970
0.04826641082763672,92970
0.04927992820739746,92970
0.050302743911743164,92970
0.05131220817565918,92970
0.052327632904052734,92970
0.053008317947387695,92970
0.0540165901184082,92970
0.05502057075500488,92970
0.05570268630981445,92970
