Time,Objective value
0.00021457672119140625,134740
0.0010466575622558594,118100
0.002037525177001953,112030
0.003275156021118164,100310
0.004105567932128906,100310
0.005093812942504883,100310
0.006050825119018555,100310
0.007160663604736328,98620
0.00813913345336914,96890
0.009055614471435547,96040
0.010024547576904297,96040
0.011313915252685547,96040
0.012250900268554688,96040
0.013224124908447266,96040
0.014196157455444336,95450
0.015165090560913086,95450
0.01613759994506836,95390
0.017107248306274414,95390
0.018082857131958008,93760
0.019059419631958008,93560
0.020036697387695312,93560
0.02101302146911621,93050
0.022314071655273438,93050
0.023315906524658203,93050
0.024297475814819336,93050
0.025278329849243164,93050
0.026257991790771484,93050
0.027240991592407227,93050
0.028243541717529297,93050
0.029221534729003906,93050
0.030199527740478516,93050
0.03117823600769043,93050
0.03215670585632324,93050
0.03315567970275879,93050
0.034139394760131836,93050
0.035126447677612305,93050
0.036118268966674805,93050
0.037103891372680664,93050
0.038110971450805664,93050
0.039095401763916016,93050
0.04007673263549805,93050
0.041057586669921875,93050
0.04204511642456055,93050
0.043045997619628906,93050
0.04404044151306152,93050
0.04505038261413574,93050
0.04606342315673828,93050
0.04707145690917969,93050
0.04812812805175781,93050
0.04911351203918457,93050
0.050096750259399414,93050
0.05108189582824707,93050
0.05206298828125,93050
0.05306243896484375,93050
0.05405282974243164,93050
0.055037498474121094,93050
0.055695533752441406,93050
