Time,Objective value
0.00017118453979492188,133910
0.0010027885437011719,109640
0.002074718475341797,105670
0.0031099319458007812,99390
0.004131793975830078,98850
0.005222320556640625,94890
0.006165742874145508,94090
0.007099628448486328,94090
0.008052825927734375,94090
0.009186744689941406,93290
0.010123252868652344,92690
0.011054277420043945,92690
0.012179851531982422,92610
0.013113975524902344,92610
0.014059782028198242,92610
0.015202760696411133,92440
0.016051530838012695,92440
0.017071247100830078,92440
0.018088102340698242,92440
0.019104957580566406,92440
0.020140647888183594,92440
0.021160364151000977,92440
0.02200627326965332,92440
0.023038625717163086,92110
0.02406001091003418,92110
0.025080442428588867,92110
0.026125192642211914,92110
0.027145862579345703,92110
0.028172731399536133,92110
0.029021024703979492,92110
0.030040740966796875,92110
0.030895233154296875,92110
