Time,Objective value
0.00020694732666015625,139030
0.0010221004486083984,115130
0.002140522003173828,106090
0.003149747848510742,101280
0.0041539669036865234,101280
0.005238771438598633,100150
0.006017923355102539,99950
0.0071926116943359375,98270
0.008051633834838867,98270
0.009304046630859375,97440
0.010251045227050781,95420
0.011140108108520508,94020
0.01209115982055664,94020
0.01304769515991211,94020
0.014005422592163086,94020
0.015288114547729492,94020
0.016253948211669922,92540
0.01722407341003418,92340
0.01818990707397461,92340
0.019164085388183594,92210
0.020146846771240234,91810
0.021116971969604492,91810
0.022089719772338867,91810
0.02305912971496582,91810
0.024029016494750977,91810
0.025324583053588867,91810
0.02630138397216797,91810
0.027275562286376953,91810
0.028249263763427734,91810
0.029238462448120117,91810
0.030222415924072266,91810
0.0312044620513916,91810
0.032183170318603516,91810
0.03317570686340332,91810
0.034174442291259766,91810
0.03518033027648926,91810
0.03617548942565918,91810
0.03718066215515137,91810
0.03817915916442871,91810
0.03917741775512695,91810
0.04018712043762207,91810
0.04118752479553223,91810
0.04218602180480957,91810
0.04317951202392578,91810
0.04417896270751953,91810
0.04517722129821777,91810
0.04618120193481445,91810
0.04718947410583496,91810
0.048181772232055664,91810
0.049180030822753906,91810
0.050191402435302734,91810
0.051186323165893555,91810
0.052187442779541016,91810
0.053189754486083984,91810
0.05386543273925781,91810
