Time,Objective value
0.053777217864990234,665310136
0.05378532409667969,665310136
0.10689926147460938,648689355
0.15998578071594238,648689355
0.21286344528198242,648689355
0.2663149833679199,648689355
0.31941914558410645,648689355
0.37283754348754883,648689355
0.42632389068603516,648689355
0.46706080436706543,648689355
0.4957571029663086,638186183
0.5244197845458984,638186183
0.5530567169189453,638186183
0.5817990303039551,638186183
0.6104786396026611,638186183
0.6390976905822754,638186183
0.6675083637237549,638186183
0.6961202621459961,638186183
0.7244822978973389,638186183
0.7529723644256592,638186183
0.7816576957702637,638186183
0.8101630210876465,638186183
0.838533878326416,638186183
0.8669149875640869,638186183
0.895726203918457,638186183
0.9243271350860596,638186183
0.9243335723876953,638186183
