Time,Objective value
0.021809101104736328,661676661
0.021818161010742188,661676661
0.05101656913757324,641900524
0.08378839492797852,639915208
0.11218428611755371,639915208
0.14522242546081543,639915208
0.17418217658996582,639915208
0.2010023593902588,639915208
0.23302197456359863,639915208
0.2667841911315918,639915208
0.29471540451049805,639915208
0.32685160636901855,639915208
0.35986757278442383,639915208
0.3916900157928467,639915208
0.4201812744140625,639915208
0.45253968238830566,639915208
0.4843323230743408,639915208
0.5166671276092529,639915208
0.548511266708374,639915208
0.5768117904663086,639915208
0.6007351875305176,639915208
0.6337993144989014,639915208
0.6615567207336426,639915208
0.6940689086914062,639915208
0.7287144660949707,639915208
0.7603607177734375,639915208
0.7603719234466553,639915208
