Time,Objective value
0.03081059455871582,682918300
0.030817031860351562,682918300
0.05940866470336914,682918300
0.08784818649291992,647622089
0.11649727821350098,647622089
0.145294189453125,647622089
0.17381906509399414,647622089
0.20241904258728027,647622089
0.2312159538269043,647622089
0.2600696086883545,647622089
0.28867435455322266,647622089
0.31742334365844727,638972536
0.3461596965789795,638832273
0.3746829032897949,638832273
0.40323591232299805,638832273
0.431870698928833,638832273
0.4603760242462158,638832273
0.488966703414917,638832273
0.5174047946929932,638832273
0.5459103584289551,638832273
0.5744414329528809,638832273
0.6029083728790283,638832273
0.6315386295318604,638832273
0.6600785255432129,638832273
0.6896119117736816,638832273
0.7183833122253418,638832273
0.7183897495269775,638832273
