Time,Objective value
0.012140512466430664,660585806
0.01214742660522461,660585806
0.028888940811157227,660585806
0.045740604400634766,660585806
0.05983781814575195,642827251
0.0771172046661377,641825524
0.09490680694580078,641825524
0.1129450798034668,641825524
0.12735295295715332,641825524
0.145660400390625,641825524
0.16126108169555664,641825524
0.17663145065307617,641825524
0.1944894790649414,641651107
0.2116990089416504,641049597
0.2255237102508545,641049597
0.24312996864318848,641049597
0.2608649730682373,639208425
0.2776370048522949,639208425
0.2955591678619385,639208425
0.3129251003265381,639208425
0.32840967178344727,639208425
0.34566783905029297,639208425
0.36191248893737793,639208425
0.37625718116760254,639208425
0.39241886138916016,639208425
0.41011762619018555,639208425
0.4101240634918213,639208425
