Time,Objective value
1.0659937858581543,67768
1.0661919116973877,67768
1.745610237121582,66916
2.610556125640869,66916
3.811249017715454,66702
5.086246967315674,66702
5.831519365310669,66628
6.800189733505249,66628
7.804210186004639,66608
8.370803594589233,66608
8.928475141525269,66608
9.426206827163696,66604
9.997233629226685,66588
10.81717848777771,66574
11.492464303970337,66574
12.042205810546875,66550
12.623817682266235,66550
13.151443481445312,66550
13.726960182189941,66550
14.19676947593689,66550
14.773403882980347,66550
15.32774567604065,66532
15.804606914520264,66532
16.311598777770996,66516
16.8015353679657,66516
17.206108331680298,66516
17.63643980026245,66504
18.1156907081604,66504
18.588244915008545,66504
19.051525592803955,66490
19.727495908737183,66490
20.258268356323242,66490
20.815237522125244,66490
21.537302017211914,66490
22.405418157577515,66490
22.953929901123047,66490
23.826088666915894,66490
25.002732038497925,66490
26.04543423652649,66482
26.751490592956543,66482
27.246532440185547,66482
27.679363250732422,66482
28.19329810142517,66466
28.81139349937439,66466
29.306495189666748,66466
29.753780364990234,66466
30.25235915184021,66462
30.795228242874146,66462
31.480287790298462,66462
32.03004002571106,66462
32.50968146324158,66462
33.30218482017517,66460
33.839268922805786,66460
34.2976930141449,66456
34.783124685287476,66456
35.29906225204468,66454
35.789164781570435,66454
36.341975688934326,66454
36.86984848976135,66454
37.409356117248535,66454
37.95574355125427,66454
38.4610481262207,66444
38.949753522872925,66444
39.46003818511963,66444
40.007587909698486,66426
40.471139669418335,66426
40.89693355560303,66426
41.54240798950195,66416
42.526225328445435,66416
43.42783331871033,66412
44.05444812774658,66412
44.68468904495239,66412
45.20318293571472,66402
45.7582585811615,66402
46.67981767654419,66402
47.72696113586426,66402
48.758968114852905,66402
49.77547478675842,66402
50.33913493156433,66396
50.97254204750061,66396
51.526952028274536,66396
52.06645941734314,66396
52.066667318344116,66396
