Time,Objective value
2.2018094062805176,68334
2.2021584510803223,68334
3.5104098320007324,67064
4.2452006340026855,66846
5.30626368522644,66846
6.615042448043823,66846
7.572767496109009,66788
8.183336973190308,66786
8.817883253097534,66686
9.34771180152893,66686
9.9336998462677,66686
10.591742753982544,66686
11.193543672561646,66658
11.785029649734497,66654
12.323683738708496,66654
13.003109455108643,66654
13.5641348361969,66654
14.130964756011963,66622
14.7374427318573,66612
15.304365873336792,66606
16.240899085998535,66606
17.580381393432617,66594
18.828688144683838,66594
19.46065926551819,66594
20.849993228912354,66594
21.92827844619751,66594
22.988242864608765,66570
23.74492383003235,66570
24.1695077419281,66566
24.70999026298523,66566
25.31705379486084,66566
25.846089363098145,66548
26.404942750930786,66508
26.889034032821655,66508
27.517882108688354,66508
28.08629035949707,66508
28.558120489120483,66508
29.1260883808136,66508
29.70580792427063,66508
30.3123459815979,66508
30.80456519126892,66508
31.362229108810425,66508
32.534695625305176,66506
33.638538122177124,66506
34.840609073638916,66506
35.74346041679382,66506
36.34457302093506,66506
36.85804629325867,66506
37.48069930076599,66506
38.03430223464966,66506
38.65278220176697,66506
39.18005061149597,66506
40.07421827316284,66506
41.05864071846008,66506
41.95579814910889,66506
42.55392932891846,66506
43.19040846824646,66506
44.21857404708862,66506
45.52003836631775,66506
46.63837933540344,66506
47.61215949058533,66506
48.21546244621277,66506
48.75981092453003,66502
49.29544997215271,66502
49.827106952667236,66502
50.42059803009033,66502
51.03326916694641,66502
51.76585865020752,66502
52.290838956832886,66502
52.29102349281311,66502
