Time,Objective value
1.153677225112915,67336
1.1538708209991455,67336
1.7263047695159912,66960
2.301070213317871,66884
2.856884479522705,66884
3.4416706562042236,66780
4.449405193328857,66780
5.156537294387817,66780
5.782499074935913,66700
6.357426404953003,66700
6.876953125,66652
7.392370700836182,66652
7.9768385887146,66652
8.574937105178833,66652
9.211363077163696,66652
9.867680311203003,66652
10.424882411956787,66614
10.943170070648193,66614
11.483648538589478,66614
12.015238761901855,66614
12.491485357284546,66614
13.017610549926758,66614
13.541839122772217,66604
14.129518747329712,66604
14.626741886138916,66604
15.174803256988525,66604
15.64750862121582,66604
16.128167152404785,66604
16.63444685935974,66604
17.167093992233276,66604
17.710519313812256,66604
18.252068996429443,66604
18.830394744873047,66604
19.283503532409668,66604
19.81955313682556,66604
20.357360124588013,66604
20.856094360351562,66604
21.421483993530273,66604
21.952099800109863,66604
22.550426244735718,66602
23.127257108688354,66590
23.643539667129517,66590
24.201396942138672,66590
24.712496042251587,66590
25.28083324432373,66590
25.781299829483032,66590
26.46868133544922,66590
27.002999305725098,66590
27.52395534515381,66590
28.035659313201904,66590
28.50452995300293,66590
29.05983591079712,66568
29.576244354248047,66568
30.137969255447388,66568
30.751622676849365,66568
31.292808532714844,66568
31.75659489631653,66568
32.290011405944824,66568
32.922911167144775,66568
33.46643257141113,66568
33.93622541427612,66568
34.549715995788574,66568
35.08849215507507,66568
35.53021454811096,66568
36.072404861450195,66568
36.59259819984436,66568
37.09727501869202,66568
37.63408303260803,66568
38.08941698074341,66568
38.683066606521606,66540
39.33633208274841,66540
39.90763521194458,66540
40.33387303352356,66540
40.96926927566528,66540
41.587745904922485,66540
42.09432792663574,66540
42.60382580757141,66540
43.174657106399536,66540
43.67405366897583,66540
44.246007680892944,66540
44.86102843284607,66540
45.42137312889099,66540
45.951441049575806,66540
46.56338906288147,66540
47.14755082130432,66540
47.69952964782715,66540
48.206198930740356,66536
48.67999243736267,66536
49.152106046676636,66528
49.751023292541504,66528
50.28301239013672,66496
50.914867877960205,66496
51.50102424621582,66496
52.04334115982056,66492
52.04355192184448,66492
