Time,Objective value
0.49792909622192383,7458186
0.4981198310852051,7458186
0.8468928337097168,7418118
1.1642637252807617,7418118
1.4561197757720947,7417086
1.7779686450958252,7406888
2.0992331504821777,7402022
2.423288583755493,7385926
2.735659599304199,7385926
3.0554544925689697,7380806
3.5813894271850586,7380806
4.190308332443237,7377948
4.529811859130859,7377948
4.834025859832764,7377948
5.15647292137146,7377948
5.430753469467163,7369716
5.735239267349243,7357370
6.065950870513916,7357370
6.640570402145386,7357370
7.354848384857178,7357370
8.192570924758911,7352566
8.943314790725708,7352566
9.36749815940857,7352566
9.709275484085083,7348840
10.041383981704712,7348840
10.669201135635376,7348840
11.425366640090942,7341662
12.031485557556152,7341662
12.70372748374939,7341662
13.246070384979248,7341662
13.864092588424683,7341662
14.352694511413574,7341662
14.706814765930176,7327708
15.090068817138672,7327708
15.491732597351074,7327708
15.87958550453186,7327708
16.253171682357788,7327708
16.738016366958618,7327708
17.10856604576111,7327708
17.433950901031494,7322916
17.775981426239014,7322916
18.058713912963867,7322916
18.392122745513916,7322916
18.723244190216064,7322916
19.03497862815857,7322916
19.49584937095642,7322916
20.07959747314453,7322916
20.747214317321777,7319840
21.24128007888794,7319840
21.8510103225708,7319840
22.27172327041626,7319840
22.51572608947754,7319840
22.84860324859619,7319840
23.180583000183105,7319840
23.52443766593933,7319840
23.87308406829834,7319840
24.187769174575806,7319840
24.463555812835693,7319840
24.824344635009766,7319840
25.16795039176941,7319840
25.51917839050293,7319840
25.828348398208618,7319840
26.207316875457764,7319840
26.552915573120117,7319840
27.10131525993347,7319840
27.877216577529907,7319840
28.235816478729248,7319840
28.54015302658081,7319840
28.802040100097656,7319840
29.186473846435547,7319840
29.516165494918823,7314896
29.88700771331787,7314896
30.37088370323181,7314896
30.99232268333435,7314896
31.663622856140137,7314896
32.299081802368164,7314896
32.622002840042114,7314896
32.9815673828125,7314896
33.70783567428589,7314896
34.58402872085571,7314896
35.50737643241882,7314896
36.2068977355957,7314896
36.207213163375854,7314896
