Time,Objective value
0.5209722518920898,7552572
0.5211672782897949,7552572
0.8105885982513428,7421270
1.1399011611938477,7421270
1.4404945373535156,7414436
1.7433528900146484,7400752
2.0531668663024902,7400752
2.3191895484924316,7400752
2.6199960708618164,7390576
2.928936004638672,7380354
3.300583600997925,7380354
3.567566394805908,7380346
3.9113082885742188,7369376
4.252090215682983,7369376
4.637190341949463,7369376
4.954006195068359,7367824
5.2956767082214355,7355866
5.610028982162476,7355866
5.955533504486084,7355866
6.329777240753174,7353660
6.652069330215454,7351954
7.005967617034912,7351954
7.327630043029785,7346872
7.716442108154297,7346872
8.075587034225464,7346872
8.522636651992798,7346872
8.864248752593994,7346872
9.228805303573608,7343918
9.60048222541809,7343918
9.942228555679321,7343918
10.28124451637268,7343918
10.97768497467041,7343918
11.646214246749878,7343918
12.351380825042725,7343918
13.066618919372559,7343918
13.63773488998413,7343918
13.976480960845947,7343918
14.332649946212769,7343918
14.943929195404053,7343918
15.599626302719116,7343918
16.262789249420166,7343918
17.098313093185425,7343918
17.815857648849487,7343918
18.47005558013916,7343918
18.943402528762817,7343918
19.557021856307983,7343918
19.863006114959717,7343918
20.228044986724854,7343918
20.765857458114624,7343918
21.535454034805298,7343918
22.244515419006348,7343918
22.937873363494873,7343918
23.67348861694336,7343918
24.404415607452393,7343918
25.165099382400513,7343918
25.977070093154907,7343918
26.69440507888794,7343918
27.367350101470947,7343918
28.074617385864258,7343558
28.807480812072754,7343558
29.565847635269165,7343558
30.235005378723145,7343558
30.6008083820343,7343558
30.96328091621399,7343558
31.288337469100952,7343558
31.632333278656006,7343558
32.10564470291138,7343558
32.84630513191223,7343558
33.55821418762207,7343558
34.331345081329346,7343558
35.021560192108154,7343558
35.82442808151245,7343558
36.358938455581665,7343558
36.359116077423096,7343558
