Time,Objective value
0.5635066032409668,7454890
0.5636918544769287,7454890
0.8669548034667969,7440098
1.192051887512207,7431776
1.4979908466339111,7409128
1.8122389316558838,7399516
2.134265661239624,7399516
2.415801763534546,7399516
2.780872344970703,7397082
3.122814893722534,7358078
3.436732292175293,7358078
3.771266460418701,7358078
4.0966713428497314,7358078
4.430668830871582,7358078
4.755499839782715,7358078
5.077251434326172,7358078
5.42578387260437,7358078
5.796029567718506,7358078
6.136099576950073,7353840
6.531337261199951,7353840
7.156883001327515,7353840
7.9469780921936035,7353840
8.577245473861694,7353840
9.206886768341064,7353840
9.850030422210693,7353840
10.460060358047485,7353840
10.821319818496704,7353840
11.286773443222046,7353840
11.718629121780396,7353840
12.039992809295654,7353840
12.390610694885254,7353840
12.74082064628601,7353630
13.076312065124512,7353630
13.41348123550415,7353630
13.79630994796753,7353630
14.11521315574646,7353630
14.550437927246094,7353630
15.295816421508789,7353630
15.691478967666626,7353630
16.018770694732666,7353630
16.438619375228882,7353630
16.829044818878174,7353630
17.18962860107422,7353630
17.612541437149048,7353630
17.929481506347656,7353630
18.269338369369507,7353630
18.874300718307495,7353630
19.494773626327515,7353630
20.295377492904663,7353630
21.107894897460938,7353630
21.882099390029907,7353630
22.429853677749634,7353630
23.147358179092407,7353630
23.980838775634766,7353630
24.76862907409668,7353630
25.499451875686646,7353630
26.323726654052734,7353630
26.726429224014282,7353630
27.099454879760742,7353630
27.41951584815979,7353630
27.812074899673462,7353630
28.15184473991394,7353630
28.526212453842163,7353630
28.859776496887207,7353630
29.243953466415405,7353630
29.595085620880127,7353630
29.95099973678589,7353630
30.297438383102417,7353630
31.036543369293213,7353630
31.70329999923706,7353630
32.36480259895325,7353630
32.73300576210022,7353630
33.104286432266235,7353630
33.43300437927246,7353630
33.84163498878479,7353630
34.22233986854553,7353630
34.82363939285278,7353630
35.5525758266449,7353630
36.18259024620056,7353630
36.18290877342224,7353630
