Time,Objective value
0.0025565624237060547,208
0.0025637149810791016,208
0.0025701522827148438,208
