Time,Objective value
0.003852367401123047,204
0.0038604736328125,204
0.0038695335388183594,204
