Time,Objective value
0.004274845123291016,212
0.004282474517822266,212
0.004291057586669922,212
