Time,Objective value
0.02614426612854004,35374
0.02615499496459961,35374
0.026166200637817383,35374
