Time,Objective value
0.01409459114074707,35360
0.014101743698120117,35360
0.014108419418334961,35360
