Time,Objective value
0.01903700828552246,35210
0.01904463768005371,35210
0.019051551818847656,35210
