Time,Objective value
0.011771917343139648,35178
0.011778593063354492,35178
0.011785268783569336,35178
