Time,Objective value
0.005401134490966797,728261599
0.00541377067565918,728261599
0.00542759895324707,728261599
