Time,Objective value
0.003299236297607422,727053081
0.003308534622192383,727053081
0.003319263458251953,727053081
