Time,Objective value
0.004153251647949219,728261599
0.0041615962982177734,728261599
0.00417017936706543,728261599
