Time,Objective value
0.002409219741821289,727053081
0.002417325973510742,727053081
0.002424478530883789,727053081
