Time,Objective value
0.004116535186767578,208
0.004129648208618164,208
0.004143476486206055,208
