Time,Objective value
0.004090785980224609,196
0.004098653793334961,196
0.004107952117919922,196
