Time,Objective value
0.0038840770721435547,200
0.0038917064666748047,200
0.003899097442626953,200
