Time,Objective value
0.003977298736572266,216
0.003983974456787109,216
0.003991127014160156,216
