Time,Objective value
1.5776193141937256,8432994
1.5776269435882568,8432994
3.8939566612243652,8405616
6.077609062194824,8405616
8.641953945159912,8405616
11.268152952194214,8405616
13.845128059387207,8405616
15.434967994689941,8405616
17.025696992874146,8376824
18.604440212249756,8376824
20.490200996398926,8376824
23.043516635894775,8376824
25.429820775985718,8376824
27.314010620117188,8376824
28.92271852493286,8376824
30.37672519683838,8372612
31.98230528831482,8372612
33.54091238975525,8372612
35.76458287239075,8372612
38.35734724998474,8372612
40.944536209106445,8372612
43.39687633514404,8372612
45.28616142272949,8372612
46.78823471069336,8372612
48.37950539588928,8372612
49.92069721221924,8372612
49.92070722579956,8372612
