Time,Objective value
1.5690946578979492,8435966
1.569101095199585,8435966
3.1380934715270996,8435966
4.860754489898682,8419460
7.1819586753845215,8419460
9.647802352905273,8419460
12.242931365966797,8419460
15.0337495803833,8379560
17.716984748840332,8379560
20.484933853149414,8379560
23.15679955482483,8379560
25.862664222717285,8379560
28.584213733673096,8379560
30.896846532821655,8379560
32.46028923988342,8379560
33.98280477523804,8379560
35.59043622016907,8379560
37.205931663513184,8379434
38.79739165306091,8379434
40.468772888183594,8379434
41.9910831451416,8379434
43.533947229385376,8379434
45.2873101234436,8379434
46.81812858581543,8379434
48.39597845077515,8379434
49.89676070213318,8379434
49.89676880836487,8379434
