Time,Objective value
1.5961947441101074,8478484
1.5962016582489014,8478484
3.1710550785064697,8469980
4.711681127548218,8383074
6.329394578933716,8383074
7.847471237182617,8383074
9.349054336547852,8383074
10.895906686782837,8383074
12.387924194335938,8383074
13.860285997390747,8383074
15.486063718795776,8383074
17.010867834091187,8383074
18.48234534263611,8383074
20.00982642173767,8383074
21.500844478607178,8383074
23.00363516807556,8383074
24.54404330253601,8383074
26.051530361175537,8383074
27.582834720611572,8383074
29.1134991645813,8383074
30.69919443130493,8383074
32.303754568099976,8383074
33.82589387893677,8383074
35.326738119125366,8383074
36.883975982666016,8383074
38.363555908203125,8383074
38.363563776016235,8383074
