Time,Objective value
1.742227554321289,8439706
1.742234230041504,8439706
3.309096574783325,8439706
4.7932329177856445,8422416
6.340170621871948,8422416
7.850852012634277,8422416
9.393817663192749,8422416
10.937687635421753,8422416
12.601127862930298,8422416
14.148030281066895,8422416
15.715567350387573,8422416
17.33288812637329,8422416
19.4744610786438,8422416
21.446943044662476,8422416
23.05325984954834,8422416
24.62512516975403,8422416
26.250705242156982,8422416
28.527671575546265,8422416
30.100183248519897,8422416
31.586228609085083,8422416
33.181918144226074,8422416
34.778597354888916,8422416
36.351404905319214,8422416
38.25228810310364,8422416
39.84295725822449,8422416
42.024489402770996,8422416
42.02450203895569,8422416
