Time,Objective value
2.323740005493164,8475846
2.323746681213379,8475846
3.865492820739746,8475846
5.441344976425171,8407212
6.945622444152832,8407212
8.490845680236816,8407212
10.149935483932495,8407212
12.70090389251709,8407212
14.680348873138428,8407212
16.25222134590149,8407212
17.925200939178467,8407212
19.99852752685547,8407212
21.56759738922119,8407212
23.15985918045044,8407212
24.944207906723022,8407212
26.821804761886597,8407212
29.39446473121643,8407212
31.938981771469116,8389860
34.452178716659546,8389860
37.04098176956177,8389860
39.612380504608154,8370488
42.1607141494751,8370488
43.973453760147095,8370488
45.49014496803284,8370488
47.0931077003479,8370488
48.691924810409546,8370488
48.69193243980408,8370488
