Time,Objective value
1.8486511707305908,8489122
1.8486580848693848,8489122
3.4629645347595215,8489122
5.035618305206299,8347956
6.620399713516235,8347956
8.190088987350464,8347956
9.748185873031616,8347956
11.68040943145752,8347956
13.220611810684204,8347956
14.70160698890686,8347956
16.3502676486969,8347956
17.8298282623291,8347956
19.32820987701416,8347956
20.876521587371826,8347956
22.38385272026062,8347956
23.979700326919556,8347956
25.574079275131226,8347956
27.18284320831299,8347956
28.830915927886963,8347956
30.439857482910156,8347956
31.975752115249634,8347956
33.538174629211426,8347956
35.16099214553833,8347956
36.67758536338806,8347956
38.44181776046753,8347956
40.8027548789978,8347956
40.80276799201965,8347956
