Time,Objective value
1.6013436317443848,8489254
1.6013500690460205,8489254
3.1491916179656982,8489254
4.727588176727295,8439146
6.432970762252808,8405678
7.9650559425354,8405678
9.530418634414673,8405678
11.067260026931763,8405678
12.595696449279785,8405678
14.499146938323975,8405678
17.020490169525146,8405678
19.47563648223877,8405678
22.09350895881653,8405678
23.67654037475586,8405678
25.230908632278442,8405678
26.835472583770752,8367010
28.405450105667114,8367010
29.949766635894775,8367010
32.45402002334595,8367010
34.51402974128723,8367010
36.14111280441284,8367010
37.71686363220215,8367010
39.3057701587677,8367010
40.85471224784851,8367010
42.4347882270813,8367010
44.1875422000885,8367010
44.18755650520325,8367010
