Time,Objective value
2.727917194366455,8448658
2.7279257774353027,8448658
4.55139422416687,8448658
6.7541913986206055,8435788
8.33365535736084,8422802
9.94038724899292,8422802
11.660068035125732,8422802
13.436702013015747,8422802
14.951300382614136,8392226
17.354433298110962,8392226
19.757200002670288,8392226
22.30517339706421,8392226
24.897042751312256,8392226
27.582508087158203,8392226
29.74011254310608,8392226
31.298081159591675,8392226
32.906388998031616,8392226
34.5184907913208,8392226
36.045639514923096,8392226
37.65475654602051,8389348
39.23253774642944,8389348
40.83552670478821,8389348
42.37591814994812,8389348
43.92259693145752,8389348
45.50329399108887,8389348
47.07429385185242,8389348
47.07430291175842,8389348
