Time,Objective value
1.6034057140350342,8489594
1.6034128665924072,8489594
3.134812593460083,8427060
4.721585035324097,8405700
6.315436601638794,8405700
7.912378311157227,8405700
9.507425308227539,8405700
11.02340316772461,8405700
12.548665285110474,8405700
14.027607917785645,8402158
15.547492265701294,8402158
17.10442352294922,8398492
18.62784457206726,8398492
20.15896201133728,8398492
21.757611513137817,8398492
23.45621967315674,8398492
24.917238473892212,8398492
26.554725885391235,8398492
29.007707834243774,8398492
30.995276927947998,8398492
32.517685890197754,8398492
34.24502635002136,8398492
35.7729218006134,8398492
37.35499095916748,8398492
38.871140241622925,8398492
40.44003963470459,8398492
40.44004821777344,8398492
