Time,Objective value
1.384880542755127,480471535
1.3869853019714355,480471535
2.176769495010376,462044310
2.9877634048461914,462044310
3.721255302429199,462044310
4.7202699184417725,462044310
5.498380184173584,461849708
6.9384565353393555,461808381
7.70603609085083,461223160
8.627722263336182,461223160
9.411342144012451,461223160
10.268653631210327,461223160
11.105511903762817,461223160
11.932222127914429,461180571
13.194907188415527,461142980
14.879531621932983,461026028
16.475746631622314,461026028
18.217042684555054,461026028
19.884533882141113,460974362
21.571311712265015,460974362
23.317837715148926,460974362
24.952021598815918,460974362
26.619216918945312,460974362
26.621203660964966,460974362
