Time,Objective value
1.4129438400268555,463212116
1.4149014949798584,463212116
2.4099929332733154,461663440
3.27765154838562,461663440
4.029235363006592,461663440
4.769381761550903,461663440
5.615778923034668,461663440
6.415054082870483,461433523
7.212404727935791,461433523
8.044951438903809,461150654
8.898085117340088,461150654
9.747084856033325,461142980
10.99252700805664,461142980
12.630252599716187,461142980
14.130533218383789,460941878
14.999733686447144,460941878
15.807980060577393,460756465
16.638272047042847,460756465
17.38184428215027,460756465
18.137808799743652,460756465
19.18391752243042,460756465
20.518981456756592,460756465
21.797633171081543,460756465
23.05383539199829,460756465
24.66273307800293,460756465
25.526506662368774,460756465
25.528695821762085,460756465
