Time,Objective value
3.232788324356079,157060
3.2329936027526855,157060
5.160345077514648,155504
6.900079965591431,154940
8.547774076461792,154940
10.14658498764038,154872
12.373249769210815,154838
14.022876977920532,154744
15.333600521087646,154744
16.807914972305298,154744
18.415196657180786,154684
19.71387553215027,154644
21.310850620269775,154628
22.862309217453003,154628
24.336472988128662,154628
26.09280514717102,154628
27.452934503555298,154518
28.92578101158142,154518
30.427567720413208,154492
31.877005577087402,154490
33.15153479576111,154462
34.73281240463257,154386
36.23500990867615,154386
37.70113754272461,154366
39.27143931388855,154366
40.76888346672058,154350
42.471845388412476,154344
44.18212342262268,154328
45.58122801780701,154328
47.1985399723053,154328
48.947901487350464,154328
51.14545917510986,154328
52.81248474121094,154312
54.16663908958435,154300
56.879098415374756,154270
59.27412152290344,154270
60.715927839279175,154270
62.06752347946167,154270
63.62605929374695,154264
64.95930290222168,154264
66.31324076652527,154248
67.92850875854492,154248
69.60945010185242,154248
71.04477334022522,154248
72.48416495323181,154248
74.10329866409302,154248
75.91792821884155,154248
77.52434349060059,154248
79.17890810966492,154248
80.66013836860657,154248
82.15325570106506,154248
83.54569172859192,154230
85.24275970458984,154230
87.01177024841309,154230
88.51446056365967,154230
90.16953420639038,154230
91.58500838279724,154230
93.39169001579285,154230
95.07880640029907,154230
96.73669838905334,154230
98.81659841537476,154230
100.30630898475647,154230
100.30653524398804,154230
