Time,Objective value
3.226987361907959,158202
3.2271907329559326,158202
5.052014112472534,155462
6.766932249069214,155404
8.497485876083374,155404
10.08623218536377,154890
11.580382347106934,154856
13.139063358306885,154838
14.700727462768555,154838
16.28185200691223,154738
17.785622119903564,154738
19.051153421401978,154670
20.49128270149231,154670
22.463065147399902,154654
23.848222970962524,154654
25.420668840408325,154654
26.654000997543335,154480
27.821184396743774,154480
29.36310577392578,154480
30.87360429763794,154452
32.42445230484009,154452
35.16612529754639,154452
37.79471755027771,154450
39.21195864677429,154450
40.530019998550415,154450
42.74496841430664,154450
44.7208468914032,154450
46.968955278396606,154450
50.65435719490051,154450
53.36277723312378,154394
54.76072025299072,154394
56.19301986694336,154394
57.57705283164978,154394
59.12694311141968,154376
60.64629292488098,154376
62.905240058898926,154376
64.65019607543945,154376
66.05425333976746,154366
67.70384168624878,154342
69.3753182888031,154342
71.74672174453735,154342
74.88538551330566,154342
77.11263155937195,154342
78.84909510612488,154342
81.01292538642883,154342
84.22744369506836,154342
86.2907042503357,154342
89.09989738464355,154342
90.74580931663513,154342
92.28129696846008,154334
93.93829655647278,154334
95.55651116371155,154328
97.16270780563354,154328
99.26123666763306,154326
101.11974430084229,154326
101.11995244026184,154326
