Time,Objective value
0.003534555435180664,92080
0.0035424232482910156,92080
0.003549337387084961,92080
