Time,Objective value
0.0027327537536621094,96960
0.00273895263671875,96960
0.002745389938354492,96960
