Time,Objective value
0.00342559814453125,95040
0.003432750701904297,95040
0.0034399032592773438,95040
