Time,Objective value
0.0027725696563720703,97340
0.0027806758880615234,97340
0.0027875900268554688,97340
