Time,Objective value
0.002990245819091797,93810
0.0029969215393066406,93810
0.0030040740966796875,93810
