Time,Objective value
0.002679586410522461,96090
0.002685546875,96090
0.0026922225952148438,96090
