Time,Objective value
0.01112818717956543,15958328
0.011134862899780273,15958328
0.021879196166992188,15952610
0.032582759857177734,15931275
0.04325079917907715,15931275
0.05400538444519043,15931275
0.06475305557250977,15927271
0.07534503936767578,15897680
0.08591556549072266,15897680
0.0967264175415039,15897680
0.10748004913330078,15897680
0.11806058883666992,15897680
0.12865734100341797,15897680
0.13926458358764648,15897680
0.15007638931274414,15897680
0.1607682704925537,15897680
0.1721820831298828,15897680
0.18292474746704102,15897680
0.1936051845550537,15897680
0.2042064666748047,15897680
0.21474528312683105,15897680
0.22546863555908203,15897680
0.23618698120117188,15891028
0.24674057960510254,15891028
0.2575099468231201,15891028
0.2681846618652344,15891028
0.2681913375854492,15891028
