Time,Objective value
0.02268385887145996,15893538
0.02269268035888672,15893538
0.04439902305603027,15893538
0.06589508056640625,15893538
0.08775186538696289,15893538
0.1095890998840332,15893538
0.13120651245117188,15893538
0.153029203414917,15893538
0.1747732162475586,15893538
0.19701457023620605,15893538
0.21798038482666016,15893538
0.22871017456054688,15893538
0.23945140838623047,15893538
0.2502467632293701,15893538
0.26117897033691406,15893538
0.2722456455230713,15893538
0.2831566333770752,15893538
0.29422640800476074,15893538
0.3052792549133301,15893538
0.316148042678833,15893538
0.3270857334136963,15893538
0.3380570411682129,15893538
0.34895944595336914,15893538
0.3599734306335449,15881226
0.37095165252685547,15881226
0.3818633556365967,15881226
0.38187408447265625,15881226
