Time,Objective value
0.010878324508666992,15924868
0.010885000228881836,15924868
0.0216519832611084,15924868
0.03232169151306152,15904425
0.042952775955200195,15904425
0.053546905517578125,15904425
0.06408357620239258,15904425
0.07474589347839355,15904425
0.08551549911499023,15899914
0.09634208679199219,15899914
0.10694646835327148,15899914
0.11766171455383301,15899914
0.12842011451721191,15896568
0.13913702964782715,15896568
0.14965367317199707,15896568
0.16044116020202637,15896568
0.17136192321777344,15896568
0.18222665786743164,15896568
0.19276213645935059,15896568
0.20346379280090332,15896568
0.21416616439819336,15896568
0.22497057914733887,15896568
0.2356114387512207,15896568
0.2464277744293213,15893075
0.2630324363708496,15893075
0.2845621109008789,15893075
0.2845766544342041,15893075
