Time,Objective value
0.010839223861694336,15924223
0.010845184326171875,15924223
0.021674394607543945,15924223
0.03239107131958008,15924223
0.043182373046875,15924223
0.05390310287475586,15924223
0.06474447250366211,15924223
0.0753316879272461,15924223
0.08623647689819336,15916323
0.09693670272827148,15916323
0.10767793655395508,15916323
0.11832451820373535,15916323
0.12934541702270508,15916323
0.1400589942932129,15916323
0.15089106559753418,15877616
0.16194701194763184,15877616
0.17274975776672363,15877616
0.1835336685180664,15877616
0.194319486618042,15877616
0.20516276359558105,15877616
0.21599507331848145,15877616
0.22680091857910156,15877616
0.23758292198181152,15877616
0.24849534034729004,15877616
0.25960612297058105,15844383
0.2705097198486328,15844383
0.2705204486846924,15844383
