Time,Objective value
0.01887345314025879,15905572
0.01888298988342285,15905572
0.039052724838256836,15905572
0.06049346923828125,15905572
0.08199214935302734,15905572
0.10336494445800781,15905572
0.12470698356628418,15905572
0.14675235748291016,15905572
0.16893553733825684,15890100
0.19067144393920898,15890100
0.21182465553283691,15890100
0.23326730728149414,15890100
0.2549269199371338,15890100
0.2765834331512451,15890100
0.29850077629089355,15890100
0.32064008712768555,15856699
0.34282708168029785,15856699
0.36503076553344727,15856699
0.3869814872741699,15856699
0.4092402458190918,15856699
0.4301869869232178,15856699
0.4516165256500244,15856699
0.473067045211792,15856699
0.49531030654907227,15856699
0.5172791481018066,15856699
0.5386013984680176,15856699
0.5386130809783936,15856699
