Time,Objective value
0.011076688766479492,15943248
0.011083602905273438,15943248
0.021973848342895508,15876627
0.03281974792480469,15876627
0.04351186752319336,15876627
0.05410623550415039,15876627
0.06483983993530273,15876627
0.07561731338500977,15876627
0.08628177642822266,15876627
0.09708142280578613,15876627
0.1078031063079834,15876627
0.11845207214355469,15876627
0.12914013862609863,15876627
0.14002728462219238,15876627
0.15074825286865234,15876627
0.16189908981323242,15876627
0.17273283004760742,15876627
0.18355751037597656,15876627
0.19409632682800293,15876627
0.20465421676635742,15876627
0.215315580368042,15876627
0.22603845596313477,15876627
0.23663902282714844,15876627
0.2473917007446289,15876627
0.25807809829711914,15876627
0.2688162326812744,15876172
0.26882314682006836,15876172
