Time,Objective value
0.05495285987854004,49816
0.0549623966217041,49816
0.0919351577758789,49816
0.14459967613220215,49266
0.1825554370880127,49266
0.218858003616333,49266
0.2642977237701416,49266
0.29337048530578613,49266
0.3450474739074707,49266
0.38883376121520996,49266
0.4416041374206543,49266
0.5024795532226562,49266
0.5478591918945312,49266
0.5846409797668457,49266
0.6295409202575684,49266
0.6660525798797607,49266
3.168882369995117,48956
4.372669219970703,48882
5.649134874343872,48882
6.974572420120239,48842
8.18954873085022,48836
10.774914503097534,48774
11.974037408828735,48774
13.114963054656982,48774
14.420164346694946,48774
16.67778968811035,48756
18.787899494171143,48756
19.966152667999268,48756
21.075143575668335,48696
22.288033962249756,48696
24.51110577583313,48696
26.894211769104004,48686
28.103570222854614,48686
29.22893452644348,48686
30.207046270370483,48654
32.333117723464966,48654
34.36611032485962,48654
35.739609241485596,48654
36.568856954574585,48654
37.889569997787476,48654
39.04162859916687,48654
40.666439056396484,48654
42.18588089942932,48654
42.18589210510254,48654
