Time,Objective value
0.02046799659729004,49594
0.02047443389892578,49594
0.04010295867919922,49552
0.06698131561279297,49552
0.09373736381530762,49404
0.12036585807800293,49404
0.14367914199829102,49404
0.16704988479614258,49404
0.19761013984680176,49290
0.21742773056030273,49290
0.23646068572998047,49290
0.26708173751831055,49290
0.29437780380249023,49138
0.3210883140563965,49138
0.34006810188293457,49138
0.3590214252471924,49138
1.4945580959320068,49138
2.5570356845855713,49072
4.450397491455078,49072
5.484363317489624,48840
6.640413045883179,48708
8.624188423156738,48594
9.810537815093994,48594
11.439544677734375,48594
13.430596351623535,48594
15.297788143157959,48594
16.31996726989746,48594
17.532046794891357,48594
18.923325538635254,48594
20.210774183273315,48594
21.46763277053833,48554
22.86209774017334,48554
23.992156267166138,48554
25.00905466079712,48552
26.2964928150177,48534
27.85606336593628,48520
30.242443561553955,48520
31.614495754241943,48520
32.70585346221924,48520
33.98560547828674,48520
35.22362446784973,48520
36.50943899154663,48520
37.517338514328,48502
38.57686471939087,48502
41.047876596450806,48502
41.047890186309814,48502
