Time,Objective value
0.038172006607055664,49842
0.03818082809448242,49842
0.09096980094909668,49288
0.14347386360168457,49022
0.1890573501586914,49022
0.23491525650024414,49022
0.2559816837310791,49022
0.270965576171875,49022
0.29009509086608887,49022
0.30866193771362305,49022
0.3403604030609131,49022
0.36329054832458496,49022
0.38240933418273926,49022
0.4171929359436035,49022
0.43624329566955566,49022
0.45961809158325195,49022
1.5472025871276855,48902
2.8552169799804688,48902
4.415343999862671,48902
6.752537965774536,48902
9.190167427062988,48902
11.342715740203857,48902
13.919341087341309,48824
16.473701000213623,48824
18.9819016456604,48808
21.396907567977905,48808
24.017611980438232,48808
26.279577255249023,48772
28.530620098114014,48770
31.36289620399475,48770
34.18828272819519,48770
36.43090844154358,48770
38.57135343551636,48770
41.15066862106323,48770
41.15068459510803,48770
