Time,Objective value
0.006651878356933594,94810
0.0066602230072021484,94810
0.008550643920898438,94810
0.009469270706176758,94810
0.014069557189941406,94590
0.014706850051879883,94590
0.015453577041625977,94290
0.0160825252532959,94290
0.017206907272338867,94290
0.018805742263793945,94290
0.019566774368286133,94290
0.020494699478149414,94290
0.021211624145507812,94290
0.021626949310302734,94290
0.022098064422607422,94290
0.022481203079223633,94290
0.023705005645751953,94290
0.024941205978393555,94290
0.025330066680908203,94290
0.026117801666259766,94290
0.02786874771118164,94290
0.0302431583404541,94290
0.030691862106323242,94290
0.031349897384643555,94290
0.03411555290222168,94290
0.03633713722229004,94290
0.03634381294250488,94290
