Time,Objective value
0.005366086959838867,96160
0.005373239517211914,96160
0.007313966751098633,96090
0.008502960205078125,96090
0.009283065795898438,96090
0.010458946228027344,95840
0.011867761611938477,95840
0.012739896774291992,95340
0.014246225357055664,95340
0.01528620719909668,95240
0.016826629638671875,94110
0.018407583236694336,94110
0.019196271896362305,93410
0.020102262496948242,93410
0.02068352699279785,93410
0.022292613983154297,92580
0.023485183715820312,92580
0.02489638328552246,92580
0.02560257911682129,92580
0.027248382568359375,92580
0.028075695037841797,92480
0.02849125862121582,92480
0.03035712242126465,92380
0.030774354934692383,92380
0.031525611877441406,92380
0.03190970420837402,92380
0.03191661834716797,92380
