Time,Objective value
0.004320859909057617,96290
0.004326343536376953,96290
0.006487369537353516,96290
0.007289409637451172,96290
0.009541511535644531,95660
0.009988069534301758,95660
0.013485908508300781,95660
0.015314102172851562,95660
0.016415834426879883,95660
0.017189979553222656,95660
0.018856525421142578,95660
0.020083189010620117,95660
0.02118396759033203,95660
0.022057771682739258,95660
0.022689104080200195,95660
0.023463726043701172,95660
0.02465033531188965,95660
0.026732444763183594,95660
0.028595685958862305,95660
0.030650615692138672,95660
0.03206801414489746,95660
0.032946109771728516,95660
0.03475499153137207,95660
0.035509586334228516,95660
0.03758096694946289,95660
0.03993344306945801,95660
0.03994178771972656,95660
