Time,Objective value
0.0041120052337646484,95880
0.00411677360534668,95880
0.005196809768676758,95560
0.006021976470947266,95560
0.007844924926757812,94660
0.009969949722290039,94660
0.011423826217651367,94660
0.011960506439208984,94660
0.012449026107788086,94660
0.013461589813232422,94660
0.01572561264038086,93830
0.016297340393066406,93830
0.017475605010986328,93830
0.018648624420166016,93830
0.019867658615112305,93830
0.021720409393310547,93590
0.023262500762939453,93490
0.024247407913208008,93490
0.02681899070739746,93310
0.02877211570739746,93310
0.030019760131835938,93110
0.0306398868560791,93110
0.03220653533935547,93110
0.03314614295959473,93110
0.0337674617767334,93110
0.034512996673583984,93110
0.034520626068115234,93110
