Time,Objective value
0.008291959762573242,93520
0.008302688598632812,93520
0.009502649307250977,93520
0.013762474060058594,92990
0.01625847816467285,92990
0.019588708877563477,92990
0.022792816162109375,92990
0.025844573974609375,92990
0.02925848960876465,92990
0.03474688529968262,92990
0.03625750541687012,92990
0.039901018142700195,92990
0.04240536689758301,92990
0.04707002639770508,92990
0.049571990966796875,92990
0.05083060264587402,92590
0.05449557304382324,92590
0.05524396896362305,92590
0.05712461471557617,92590
0.0593571662902832,92590
0.0625600814819336,92590
0.06625103950500488,92590
0.06749105453491211,92590
0.06972932815551758,92590
0.07251238822937012,92590
0.07381987571716309,92590
0.07383942604064941,92590
