Time,Objective value
0.6120233535766602,483272366
0.612313985824585,483272366
0.9615907669067383,464522364
1.347377061843872,462880892
1.783942461013794,462841789
2.178133487701416,462684325
2.5789694786071777,462684325
3.0125234127044678,462379674
3.4766225814819336,461926472
3.852147102355957,461534912
4.279358386993408,461534912
4.650524616241455,461326253
5.002062082290649,461326253
5.426657199859619,461326253
5.883747339248657,461326253
6.278648853302002,461326253
6.724526643753052,461326253
7.068126201629639,461326253
7.4570887088775635,461326253
7.806487083435059,461326253
8.278443336486816,461326253
8.66800332069397,461162258
9.039024829864502,461162258
9.454060554504395,461162258
9.884843826293945,461162258
10.270891904830933,460756465
10.624559879302979,460756465
10.998597860336304,460756465
11.475268363952637,460756465
11.967568635940552,460756465
12.392004489898682,460756465
12.800166845321655,460756465
13.145559549331665,460756465
13.32413911819458,460756465
13.537900924682617,460756465
13.748576402664185,460756465
13.952186822891235,460756465
14.159640789031982,460756465
14.364476680755615,460756465
14.590237379074097,460756465
14.820838451385498,460726849
15.048157215118408,460726849
15.265978336334229,460726849
15.480290174484253,460726849
15.658462285995483,460726849
15.86524510383606,460726849
16.065451860427856,460726849
16.25822138786316,460726849
16.464667320251465,460726849
16.787095308303833,460726849
17.198880672454834,460726849
17.66851544380188,460726849
18.072269439697266,460726849
18.538991928100586,460726849
18.98811435699463,460726849
19.437381267547607,460726849
19.78722643852234,460726849
20.140783071517944,460726849
20.590952396392822,460726849
21.055124759674072,460676932
21.40880012512207,460676932
21.78820252418518,460676932
22.15457320213318,460676932
22.508291482925415,460676932
22.886608600616455,460676932
23.301045417785645,460676932
23.686797618865967,460676932
24.11725378036499,460676932
24.54807162284851,460676932
24.97066617012024,460630419
25.417370557785034,460630419
25.417657136917114,460630419
