Time,Objective value
0.015493631362915039,17212548
0.015501260757446289,17212548
0.03600597381591797,17212548
0.056714773178100586,17212548
0.07738614082336426,17212548
0.09813094139099121,17212548
0.11817407608032227,17212548
0.1376936435699463,17212548
0.1580183506011963,17212548
0.1755201816558838,17212548
0.19521164894104004,17212548
0.21466588973999023,17212548
0.23525619506835938,17212548
0.2532052993774414,17212548
0.27355432510375977,17212548
0.2937605381011963,17212548
0.31303906440734863,17212548
0.3336315155029297,17212548
0.3543093204498291,17212548
0.3711414337158203,17212548
0.39133191108703613,17212548
0.41154909133911133,17212548
0.4314155578613281,17212548
0.45219922065734863,17212548
0.4726531505584717,17212548
0.4930717945098877,17212548
0.49307751655578613,17212548
