Time,Objective value
0.01724386215209961,17964432
0.017248868942260742,17964432
0.037497520446777344,17937024
0.05761003494262695,17937024
0.07761764526367188,17937024
0.0979926586151123,17937024
0.11806344985961914,17937024
0.1383354663848877,17937024
0.1587965488433838,17937024
0.17896628379821777,17937024
0.19960284233093262,17937024
0.22009587287902832,17937024
0.2402172088623047,17937024
0.2595984935760498,17937024
0.2799811363220215,17937024
0.30036330223083496,17937024
0.3207361698150635,17937024
0.3358607292175293,17937024
0.3565812110900879,17937024
0.37574124336242676,17937024
0.3934330940246582,17937024
0.4132962226867676,17937024
0.4301927089691162,17937024
0.4497396945953369,17937024
0.46979618072509766,17937024
0.48952484130859375,17937024
0.4895310401916504,17937024
