Time,Objective value
0.023219585418701172,19616694
0.023230552673339844,19616694
0.058489084243774414,17937024
0.09454679489135742,17937024
0.12640118598937988,17937024
0.16494417190551758,17937024
0.20117425918579102,17937024
0.23632335662841797,17937024
0.2711303234100342,17937024
0.30661940574645996,17937024
0.3418457508087158,17937024
0.3766164779663086,17937024
0.4073302745819092,17937024
0.4366281032562256,17937024
0.47213125228881836,17937024
0.5030250549316406,17937024
0.5385024547576904,17937024
0.5716664791107178,17937024
0.6084744930267334,17937024
0.6374294757843018,17937024
0.6699178218841553,17937024
0.7035458087921143,17937024
0.7370138168334961,17937024
0.7659168243408203,17937024
0.8001558780670166,17937024
0.8337671756744385,17937024
0.8337771892547607,17937024
