Time,Objective value
0.024936676025390625,20508980
0.0249478816986084,20508980
0.05904340744018555,20508980
0.09286212921142578,20508428
0.1261453628540039,20508428
0.15064644813537598,17212548
0.1712360382080078,17212548
0.1914658546447754,17212548
0.21012639999389648,17212548
0.22659850120544434,17212548
0.24292898178100586,17212548
0.26239752769470215,17212548
0.282329797744751,17212548
0.30261850357055664,17212548
0.3231806755065918,17212548
0.34110498428344727,17212548
0.3611323833465576,17212548
0.37978339195251465,17212548
0.39749741554260254,17212548
0.41750597953796387,17212548
0.4360682964324951,17212548
0.45594263076782227,17212548
0.4768385887145996,17212548
0.4975004196166992,17212548
0.5182313919067383,17212548
0.5372812747955322,17212548
0.5372929573059082,17212548
