Time,Objective value
0.01973247528076172,17937024
0.019739627838134766,17937024
0.036736249923706055,17937024
0.056226253509521484,17937024
0.07571125030517578,17937024
0.09591364860534668,17937024
0.11617732048034668,17937024
0.1368236541748047,17937024
0.15764379501342773,17937024
0.17838835716247559,17937024
0.19861674308776855,17937024
0.21497368812561035,17937024
0.23496079444885254,17937024
0.25182271003723145,17937024
0.27188777923583984,17937024
0.29189419746398926,17937024
0.312089204788208,17937024
0.33244848251342773,17937024
0.35283756256103516,17937024
0.3714878559112549,17937024
0.39223408699035645,17937024
0.41231703758239746,17937024
0.42775630950927734,17937024
0.447723388671875,17937024
0.4660511016845703,17937024
0.486102819442749,17937024
0.48610973358154297,17937024
