Time,Objective value
0.07716488838195801,168078
0.07717108726501465,168078
0.1543583869934082,166340
0.2311546802520752,165824
0.3080563545227051,165824
0.4225900173187256,165824
0.588860273361206,165824
0.7546374797821045,165388
0.9218335151672363,164290
1.088663101196289,164036
1.2561399936676025,163254
1.4230806827545166,163254
1.5899388790130615,163254
1.7566914558410645,163254
1.9235074520111084,163012
2.09120512008667,162648
2.257716417312622,162648
2.4166903495788574,162648
2.5753977298736572,162648
2.734139919281006,162648
2.892667055130005,162648
3.051257371902466,162358
3.2122271060943604,162358
3.3713486194610596,162358
3.5303730964660645,162358
3.680107593536377,162358
3.6801254749298096,162358
