Time,Objective value
0.07754755020141602,167924
0.07755422592163086,167924
0.15497636795043945,166822
0.2322707176208496,166066
0.30969715118408203,166066
0.388624906539917,166066
0.46593260765075684,165600
0.5431225299835205,165250
0.6205132007598877,165250
0.6978013515472412,165250
0.7751078605651855,165228
0.8523688316345215,164280
0.9296345710754395,164280
1.0070362091064453,164280
1.0843307971954346,164280
1.1616804599761963,164280
1.2390530109405518,163752
1.3162431716918945,163752
1.3934626579284668,163752
1.4706673622131348,163752
1.5478708744049072,163752
1.6251471042633057,163752
1.7024521827697754,163752
1.7796611785888672,163316
1.8569703102111816,163316
1.93428635597229,163316
1.9342930316925049,163316
