Time,Objective value
0.10336565971374512,154266
0.10337185859680176,154266
0.20592713356018066,154266
0.28997182846069336,154266
0.3912675380706787,154266
0.4935934543609619,153806
0.6082007884979248,153806
0.7097599506378174,153806
0.8400182723999023,153806
0.9418203830718994,153806
1.0305399894714355,153806
1.1476492881774902,153806
1.2348132133483887,153806
1.3191931247711182,153806
1.404465675354004,153806
1.5194995403289795,153806
11.563629388809204,153112
19.91837430000305,152766
28.27687406539917,152454
39.750903844833374,152418
50.246806383132935,152390
59.95504403114319,152390
71.08939909934998,152338
82.75201296806335,152288
91.73120164871216,152288
100.98661065101624,152288
100.98661923408508,152288
