Time,Objective value
0.08878660202026367,154988
0.08879423141479492,154988
0.17653393745422363,154820
0.2645144462585449,154820
0.380328893661499,154820
0.46770644187927246,154820
0.5689759254455566,154820
0.7000336647033691,154136
0.7879636287689209,154136
0.8917667865753174,153870
1.007455825805664,153870
1.1115810871124268,153870
1.233384370803833,153870
1.3183388710021973,153870
1.46358323097229,153870
1.5822770595550537,153870
14.729020595550537,153018
25.091982126235962,152792
38.26715064048767,152704
50.4323456287384,152704
60.02529811859131,152704
69.90116024017334,152704
82.62505745887756,152704
94.88363075256348,152694
108.04517102241516,152694
108.04518294334412,152694
