Time,Objective value
0.13216161727905273,154298
0.13216853141784668,154298
0.21741795539855957,154298
0.28571510314941406,154298
0.41954803466796875,154298
0.534940242767334,154298
0.6213617324829102,154298
0.739159345626831,154298
0.8228144645690918,154298
0.9085493087768555,154078
1.039926528930664,154078
1.1517250537872314,154078
1.2417373657226562,154078
1.328273057937622,154078
1.4604594707489014,154078
1.5539476871490479,154078
12.559351205825806,152950
21.718867301940918,152816
32.61216688156128,152768
42.50191926956177,152764
52.44735145568848,152756
64.82120299339294,152756
75.45909786224365,152756
91.6915009021759,152708
104.60059189796448,152614
104.60060405731201,152614
