Time,Objective value
0.027195453643798828,200
0.02720022201538086,200
0.05535316467285156,192
0.08391952514648438,192
0.11245846748352051,192
0.1407773494720459,192
0.16895532608032227,192
0.19705438613891602,192
0.22540855407714844,192
0.25305676460266113,168
0.28128623962402344,168
0.3094637393951416,168
0.33789610862731934,168
0.3664720058441162,168
0.39473628997802734,168
0.4228661060333252,168
0.45098352432250977,168
0.47873425483703613,168
0.5066215991973877,168
0.5346496105194092,168
0.5633809566497803,168
0.5911211967468262,168
0.6192336082458496,168
0.6474106311798096,168
0.6757011413574219,168
0.7036209106445312,168
0.7036271095275879,168
