Time,Objective value
0.027148723602294922,188
0.027153968811035156,188
0.05474090576171875,168
0.08263444900512695,168
0.11035943031311035,168
0.13817286491394043,168
0.16605329513549805,168
0.19372344017028809,168
0.22179079055786133,168
0.24979233741760254,168
0.27798986434936523,168
0.30582714080810547,168
0.3340775966644287,168
0.36197447776794434,168
0.3899953365325928,168
0.4178493022918701,168
0.44613051414489746,168
0.473862886428833,168
0.5014567375183105,168
0.5300028324127197,168
0.5583276748657227,168
0.5863118171691895,168
0.6142082214355469,168
0.6417756080627441,168
0.692786693572998,168
0.7416141033172607,168
0.7416281700134277,168
