Time,Objective value
0.026656389236450195,192
0.02666330337524414,192
0.05468487739562988,192
0.08301162719726562,192
0.1111459732055664,192
0.13950538635253906,168
0.1678788661956787,168
0.1961045265197754,168
0.22430014610290527,168
0.2529268264770508,168
0.2812635898590088,168
0.30934882164001465,168
0.33784937858581543,168
0.36614441871643066,168
0.3945012092590332,168
0.4228086471557617,168
0.4510347843170166,168
0.47922301292419434,168
0.5076303482055664,168
0.5357074737548828,168
0.5635964870452881,168
0.5919809341430664,168
0.6202938556671143,168
0.6484951972961426,168
0.6766829490661621,168
0.7234518527984619,168
0.7234666347503662,168
