Time,Objective value
0.018936634063720703,167744
0.018945693969726562,167744
0.051142215728759766,166464
0.08326196670532227,164238
0.11576986312866211,164238
0.14789128303527832,164238
0.18054485321044922,164238
0.21378493309020996,164238
0.2465653419494629,164238
0.27964115142822266,164238
0.31197357177734375,164238
0.3445444107055664,164238
0.37662410736083984,164238
0.40935707092285156,164238
0.4423971176147461,164238
0.4751102924346924,164238
0.5081944465637207,164238
0.5401573181152344,164238
0.5720183849334717,164238
0.6052110195159912,164238
0.6374938488006592,164238
0.6705219745635986,164238
0.7032802104949951,164238
0.7357327938079834,164238
0.7685012817382812,164238
0.7977941036224365,164238
0.7978076934814453,164238
