Time,Objective value
0.014559507369995117,166766
0.014564990997314453,166766
0.029421091079711914,166422
0.04561805725097656,166262
0.060683250427246094,166262
0.07594156265258789,166262
0.09142494201660156,166124
0.10679054260253906,165786
0.12180542945861816,165786
0.13642668724060059,165786
0.15152931213378906,165786
0.16668272018432617,165786
0.1815800666809082,165786
0.196516752243042,165786
0.21168017387390137,165786
0.22676491737365723,165354
0.24209165573120117,165354
0.2571690082550049,165354
0.2723567485809326,165354
0.2878093719482422,165354
0.3026719093322754,165354
0.318157434463501,165354
0.333636999130249,165354
0.3484644889831543,165354
0.36374425888061523,165354
0.3793010711669922,165354
0.37930727005004883,165354
