Time,Objective value
0.014667272567749023,166870
0.014674186706542969,166870
0.030097007751464844,166748
0.04553031921386719,166634
0.060596466064453125,166634
0.07586264610290527,166634
0.09050822257995605,166284
0.1058046817779541,166284
0.12110757827758789,166284
0.13594388961791992,166284
0.15090632438659668,165812
0.16565251350402832,165812
0.1809520721435547,165812
0.19593405723571777,165812
0.21088194847106934,164478
0.22603702545166016,164478
0.241133451461792,164478
0.2564687728881836,164478
0.271282434463501,164478
0.28641200065612793,164478
0.30195188522338867,164478
0.31708693504333496,164478
0.3320777416229248,164478
0.34749579429626465,164478
0.3621501922607422,164478
0.37757110595703125,164478
0.3775770664215088,164478
