Time,Objective value
0.032021522521972656,166880
0.03203105926513672,166880
0.06429243087768555,166788
0.0958259105682373,166056
0.12743043899536133,165334
0.15801048278808594,165334
0.18923449516296387,165334
0.2199392318725586,165334
0.2504434585571289,165334
0.2817080020904541,165334
0.30309581756591797,165334
0.31827402114868164,165334
0.3329446315765381,165334
0.3480229377746582,165334
0.3631148338317871,165334
0.3781747817993164,165334
0.39328742027282715,165334
0.4083712100982666,165334
0.42328977584838867,165334
0.4391775131225586,165334
0.45423173904418945,165334
0.470078706741333,165334
0.48543643951416016,165334
0.5009119510650635,165334
0.5161709785461426,165334
0.530968189239502,165334
0.5309748649597168,165334
