Time,Objective value
0.014812469482421875,166814
0.014817953109741211,166814
0.02954268455505371,166814
0.044489145278930664,165904
0.05951833724975586,165904
0.0748291015625,165904
0.08952164649963379,165904
0.1044466495513916,165904
0.11957192420959473,165484
0.14661002159118652,165484
0.17772698402404785,165484
0.20873522758483887,165484
0.23953008651733398,165484
0.2708301544189453,165484
0.3018531799316406,165484
0.33348774909973145,165484
0.3655428886413574,165484
0.39414262771606445,164474
0.40877318382263184,164474
0.4241504669189453,164474
0.43937063217163086,164474
0.4547557830810547,164474
0.4702322483062744,164474
0.4855384826660156,164474
0.5008454322814941,164474
0.5159797668457031,164474
0.5159907341003418,164474
