Time,Objective value
0.0301821231842041,167328
0.030190706253051758,167328
0.06069779396057129,166246
0.09224057197570801,166246
0.12343192100524902,166246
0.15493988990783691,166246
0.18671870231628418,166246
0.21828818321228027,166246
0.250042200088501,165804
0.2809739112854004,165804
0.3129739761352539,165804
0.3443443775177002,165804
0.37456798553466797,165804
0.40607738494873047,165804
0.43723487854003906,165804
0.4708728790283203,165804
0.5021047592163086,165804
0.5346479415893555,164196
0.5668566226959229,164196
0.5986049175262451,164196
0.6310575008392334,164196
0.6623780727386475,164196
0.6948442459106445,164196
0.7270698547363281,164196
0.7594068050384521,164196
0.7919645309448242,164196
0.7919745445251465,164196
