Time,Objective value
0.014963626861572266,167034
0.014969587326049805,167034
0.029863834381103516,166108
0.04496574401855469,165982
0.059873104095458984,165982
0.0747995376586914,165982
0.09002923965454102,165982
0.10507082939147949,165982
0.12009048461914062,165124
0.13507843017578125,165124
0.15002894401550293,165124
0.16631460189819336,165124
0.18180036544799805,165124
0.19681477546691895,165124
0.21187758445739746,165124
0.22693753242492676,165124
0.24254560470581055,165124
0.25757336616516113,165124
0.27217578887939453,165124
0.28751635551452637,165124
0.3027338981628418,165124
0.317429780960083,165124
0.3329801559448242,165124
0.348132848739624,165124
0.36264824867248535,165124
0.3775484561920166,165124
0.37755513191223145,165124
