Time,Objective value
0.0005650520324707031,177482
0.0016231536865234375,162092
0.003423929214477539,157268
0.005225419998168945,155788
0.0070378780364990234,154826
0.008849620819091797,153996
0.010650157928466797,153664
0.012459278106689453,153362
0.014260292053222656,153188
0.0160675048828125,153006
0.017863988876342773,152790
0.019683122634887695,152706
0.02148151397705078,152544
0.023279190063476562,152450
0.02507638931274414,152434
0.026872873306274414,152310
0.02867913246154785,152208
0.03048110008239746,152146
0.032279014587402344,152144
0.03407907485961914,152056
0.035875558853149414,151958
0.0376739501953125,151860
0.03950095176696777,151794
0.04130220413208008,151786
0.04310202598571777,151740
0.04490041732788086,151740
0.046697139739990234,151722
0.04850363731384277,151722
0.05033278465270996,151712
0.053281545639038086,151712
0.05701017379760742,151712
0.060749053955078125,151704
0.06448650360107422,151688
0.06822991371154785,151688
0.07196712493896484,151688
0.07570433616638184,151688
0.07944583892822266,151688
0.08317923545837402,151688
0.08691620826721191,151674
0.09065771102905273,151674
0.09444284439086914,151674
0.09824848175048828,151674
0.10208582878112793,151674
0.10590481758117676,151674
0.10971784591674805,151674
0.1135251522064209,151674
0.11734652519226074,151674
0.12117981910705566,151674
0.12497615814208984,151674
0.12877917289733887,151674
0.13262939453125,151674
0.13649296760559082,151674
0.13651013374328613,151674
