Time,Objective value
0.0007450580596923828,176498
0.0010628700256347656,174354
0.002439737319946289,162972
0.004851102828979492,157474
0.006841421127319336,155610
0.008830547332763672,154444
0.010816097259521484,153948
0.01281428337097168,153546
0.014740228652954102,153212
0.016555070877075195,153146
0.01836538314819336,152938
0.020174264907836914,152762
0.021988391876220703,152566
0.023823022842407227,152448
0.025635480880737305,152424
0.027441740036010742,152392
0.029251575469970703,152340
0.0310666561126709,152300
0.03288435935974121,152256
0.034698486328125,152232
0.03651857376098633,152232
0.03832864761352539,152172
0.040136098861694336,152104
0.04194474220275879,152050
0.04375028610229492,151992
0.04557180404663086,151986
0.04738426208496094,151966
0.049190521240234375,151966
0.05100822448730469,151966
0.052814483642578125,151960
0.05462932586669922,151934
0.056436777114868164,151914
0.05824589729309082,151884
0.06005120277404785,151862
0.061858177185058594,151862
0.06366133689880371,151862
0.06547713279724121,151862
0.06728053092956543,151862
0.06908679008483887,151862
0.07089424133300781,151818
0.07269859313964844,151818
0.07451343536376953,151802
0.07632160186767578,151768
0.0781254768371582,151768
0.07993030548095703,151768
0.08173251152038574,151768
0.08354043960571289,151758
0.08535456657409668,151758
0.08716011047363281,151758
0.08896493911743164,151758
0.09077286720275879,151758
0.09257817268371582,151758
0.094390869140625,151758
0.09439730644226074,151758
