Time,Objective value
0.0008566379547119141,175518
0.0012760162353515625,172800
0.003361940383911133,161680
0.007073402404785156,158202
0.010787010192871094,156456
0.014507532119750977,155512
0.018218040466308594,155120
0.021938562393188477,154846
0.025655746459960938,154194
0.02937006950378418,153742
0.03308534622192383,153206
0.036801815032958984,152792
0.04052090644836426,152604
0.044248342514038086,152528
0.047965049743652344,152156
0.05168724060058594,152040
0.05540609359741211,152032
0.05912494659423828,151882
0.06287813186645508,151748
0.06664538383483887,151746
0.07045340538024902,151664
0.07435798645019531,151580
0.07826876640319824,151536
0.08220434188842773,151528
0.08610010147094727,151528
0.08997535705566406,151528
0.09386253356933594,151502
0.09775447845458984,151502
0.10164594650268555,151492
0.10547375679016113,151492
0.10929989814758301,151488
0.11314606666564941,151474
0.11701655387878418,151474
0.12093687057495117,151454
0.12485074996948242,151454
0.1287400722503662,151416
0.1327037811279297,151408
0.13658738136291504,151366
0.1404860019683838,151366
0.14437317848205566,151366
0.148240327835083,151366
0.15209317207336426,151366
0.155930757522583,151366
0.1597449779510498,151366
0.1635591983795166,151366
0.16732454299926758,151366
0.1710529327392578,151358
0.17478609085083008,151332
0.1785142421722412,151332
0.1822371482849121,151284
0.18581867218017578,151266
0.18899965286254883,151266
0.19232606887817383,151266
0.1923370361328125,151266
