Time,Objective value
0.0005578994750976562,176272
0.0017554759979248047,162296
0.003552675247192383,157328
0.0053522586822509766,155870
0.007152557373046875,154924
0.008972883224487305,154370
0.010777473449707031,154068
0.012576580047607422,153854
0.014379262924194336,153706
0.016178607940673828,153664
0.017986297607421875,153608
0.019789695739746094,153496
0.021587610244750977,153384
0.023389339447021484,153358
0.025189638137817383,153336
0.026988983154296875,153324
0.02879619598388672,153216
0.0305938720703125,153166
0.03239274024963379,153136
0.034191131591796875,153136
0.035990238189697266,153136
0.037798166275024414,153014
0.0395967960357666,153014
0.041394948959350586,152998
0.04319453239440918,152998
0.044994354248046875,152968
0.046793460845947266,152968
0.048596858978271484,152962
0.05039620399475098,152950
0.05219554901123047,152938
0.05399322509765625,152938
0.05579328536987305,152914
0.057591915130615234,152914
0.05939602851867676,152914
0.06119513511657715,152882
0.06299471855163574,152882
0.06479334831237793,152882
0.06659054756164551,152858
0.06839537620544434,152848
0.07019495964050293,152846
0.07199478149414062,152840
0.07379150390625,152840
0.07558917999267578,152832
0.07738852500915527,152810
0.07919192314147949,152802
0.08099365234375,152786
0.0827949047088623,152744
0.08459687232971191,152704
0.08641290664672852,152680
0.08824920654296875,152666
0.09006619453430176,152666
0.09187912940979004,152666
0.09188723564147949,152666
