Time,Objective value
0.0005338191986083984,176272
0.0017180442810058594,162296
0.003535747528076172,157328
0.005336284637451172,155870
0.0071561336517333984,154924
0.008957862854003906,154370
0.010760068893432617,154068
0.0125732421875,153854
0.014374017715454102,153706
0.016180038452148438,153664
0.017981290817260742,153608
0.019782066345214844,153496
0.021579742431640625,153384
0.023377418518066406,153358
0.025177478790283203,153336
0.026982784271240234,153324
0.028783321380615234,153216
0.030581951141357422,153166
0.032379865646362305,153136
0.03417611122131348,153136
0.03598213195800781,153136
0.03778195381164551,153014
0.039580583572387695,153014
0.04137682914733887,152998
0.043190717697143555,152998
0.045003652572631836,152968
0.046834707260131836,152968
0.048655033111572266,152962
0.05047130584716797,152950
0.05228543281555176,152938
0.05409884452819824,152938
0.05592489242553711,152914
0.05774331092834473,152914
0.059549808502197266,152914
0.06136059761047363,152882
0.06317424774169922,152882
0.06499266624450684,152882
0.06681990623474121,152858
0.0686342716217041,152848
0.07043886184692383,152846
0.07225847244262695,152840
0.07405877113342285,152840
0.07587671279907227,152832
0.07767701148986816,152810
0.07948136329650879,152802
0.08128976821899414,152786
0.0830988883972168,152744
0.08490610122680664,152704
0.08673381805419922,152680
0.08854365348815918,152666
0.09037351608276367,152666
0.0921938419342041,152666
0.09220242500305176,152666
