Time,Objective value
0.05924224853515625,50432
0.05924797058105469,50432
0.1177515983581543,50322
0.1759340763092041,49938
0.23388886451721191,49934
0.29218530654907227,49784
0.35075879096984863,49712
0.40906858444213867,49596
0.4674489498138428,49596
0.5258688926696777,49596
0.5840921401977539,49596
0.642242431640625,49596
0.7001991271972656,49596
0.7585556507110596,49596
0.8167769908905029,49596
0.8750395774841309,49596
0.9332582950592041,49596
1.0017547607421875,49538
1.1168632507324219,49538
1.2311699390411377,49538
1.3455731868743896,49538
1.4603447914123535,49538
1.5762519836425781,49538
1.6903290748596191,49538
1.8049182891845703,49538
1.9195528030395508,49538
1.9195640087127686,49538
