Time,Objective value
0.060077667236328125,50020
0.060083627700805664,50020
0.11873459815979004,49864
0.17673063278198242,49864
0.23467016220092773,49864
0.29311490058898926,49824
0.35149550437927246,49742
0.4095265865325928,49742
0.4674968719482422,49742
0.525885820388794,49658
0.5843856334686279,49658
0.642629861831665,49658
0.7008020877838135,49530
0.7592573165893555,49530
0.8172838687896729,49392
0.8758366107940674,49392
0.9345011711120605,49392
0.992760181427002,49392
1.0507440567016602,49392
1.108879566192627,49392
1.1673483848571777,49392
1.2259788513183594,49392
1.284470558166504,49392
1.3427975177764893,49392
1.4009883403778076,49392
1.4595448970794678,49392
1.4595518112182617,49392
