Time,Objective value
0.017166852951049805,51798
0.01717400550842285,51798
0.03578066825866699,51166
0.05542302131652832,51166
0.07539701461791992,51166
0.09414863586425781,51096
0.1188509464263916,51096
0.13784551620483398,51096
0.15796613693237305,50898
0.17746949195861816,50898
0.19728326797485352,50716
0.21641135215759277,50716
0.23516583442687988,50716
0.2548787593841553,50716
0.27454519271850586,50716
0.2934398651123047,50716
0.3128321170806885,50716
0.33252644538879395,50716
0.3513972759246826,50716
0.3704545497894287,50716
0.3888688087463379,50716
0.40817689895629883,50716
0.4270031452178955,50716
0.4460310935974121,50716
0.46555137634277344,50716
0.48470211029052734,50716
0.4847080707550049,50716
