Time,Objective value
0.017629623413085938,51184
0.01763629913330078,51184
0.03702116012573242,51184
0.055788278579711914,51184
0.07523941993713379,51184
0.09343409538269043,51184
0.11208558082580566,51184
0.13079237937927246,51184
0.1499319076538086,51184
0.16933608055114746,51184
0.1882493495941162,51184
0.20693230628967285,51184
0.22501492500305176,51184
0.24437260627746582,51184
0.2644486427307129,51098
0.283890962600708,51098
0.3023374080657959,51098
0.3222367763519287,51098
0.34174346923828125,51054
0.36057400703430176,51054
0.3810865879058838,51054
0.4013988971710205,51054
0.4203183650970459,51054
0.4399909973144531,51054
0.45866990089416504,51054
0.47838330268859863,51054
0.4783899784088135,51054
