Time,Objective value
0.03262138366699219,52028
0.03263092041015625,52028
0.0694730281829834,51708
0.10658907890319824,51708
0.14261317253112793,51708
0.17873668670654297,51540
0.2172698974609375,51196
0.25606393814086914,51196
0.2941100597381592,51196
0.33165788650512695,51196
0.3697483539581299,51092
0.4063413143157959,51092
0.44382619857788086,51092
0.4818868637084961,51092
0.517432689666748,51092
0.5544209480285645,51092
0.5899453163146973,51092
0.6251356601715088,51092
0.6593794822692871,51092
0.6949079036712646,51092
0.7313904762268066,51044
0.7690353393554688,51044
0.8032958507537842,51044
0.8395006656646729,51044
0.8731765747070312,51044
0.9054241180419922,51044
0.905437707901001,51044
