Time,Objective value
0.002271413803100586,3628
0.002277374267578125,3628
0.0032269954681396484,3138
0.004048347473144531,3138
0.004692554473876953,3032
0.00520014762878418,3032
0.00640416145324707,3032
0.007736682891845703,2752
0.008246421813964844,2752
0.009474754333496094,2752
0.010354995727539062,2752
0.01126861572265625,2752
0.012331008911132812,2752
0.013287782669067383,2410
0.014453411102294922,2410
0.01514577865600586,2410
0.015674352645874023,2410
