Time,Objective value
0.001210927963256836,3066
0.0012216567993164062,3066
0.0021185874938964844,3066
0.003751993179321289,3066
0.0045087337493896484,3066
0.005484819412231445,2920
0.0061109066009521484,2920
0.007044553756713867,2920
0.008673906326293945,2920
0.00910329818725586,2920
0.010315179824829102,2892
0.011678218841552734,2750
0.012244462966918945,2750
0.01324152946472168,2750
0.014266252517700195,2750
0.015151739120483398,2750
0.01555633544921875,2750
