Time,Objective value
0.00091552734375,3106
0.001659393310546875,3106
0.002177000045776367,2956
0.003374814987182617,2956
0.004458427429199219,2912
0.005135297775268555,2912
0.006453037261962891,2912
0.007260560989379883,2912
0.00841832160949707,2912
0.00952601432800293,2882
0.010307788848876953,2882
0.011346578598022461,2882
0.012353658676147461,2882
0.013236045837402344,2882
0.013610124588012695,2882
