Time,Objective value
0.002321958541870117,3646
0.0023326873779296875,3646
0.0028984546661376953,3646
0.003579378128051758,3190
0.004328012466430664,3190
0.005234718322753906,3190
0.006675004959106445,2960
0.0071108341217041016,2960
0.008108139038085938,2922
0.009446144104003906,2922
0.010634422302246094,2922
0.011082649230957031,2862
0.012409210205078125,2862
0.013539791107177734,2862
0.014455556869506836,2862
0.015228986740112305,2760
0.015236377716064453,2760
