Time,Objective value
0.003803730010986328,3228
0.003814220428466797,3228
0.005020856857299805,3156
0.005612611770629883,3098
0.005987882614135742,3098
0.0065305233001708984,3098
0.007088184356689453,3098
0.0077724456787109375,3098
0.008140802383422852,3098
0.00921177864074707,3098
0.010147809982299805,3098
0.011264562606811523,2666
0.012243509292602539,2666
0.01308584213256836,2666
0.01446080207824707,2666
0.015251636505126953,2666
0.016791105270385742,2666
0.017297029495239258,2666
0.017786502838134766,2666
