Time,Objective value
0.0008652210235595703,2980
0.0014176368713378906,2980
0.002551555633544922,2910
0.003099679946899414,2910
0.004021406173706055,2910
0.005040407180786133,2910
0.00600743293762207,2910
0.007224082946777344,2910
0.008113861083984375,2910
0.009330034255981445,2910
0.010242938995361328,2910
0.011280536651611328,2770
0.01226496696472168,2770
0.012798070907592773,2770
