Time,Objective value
0.0028409957885742188,2972
0.002848386764526367,2972
0.0034987926483154297,2972
0.00430750846862793,2972
0.005101203918457031,2972
0.005648136138916016,2972
0.006120204925537109,2972
0.007187604904174805,2782
0.008342266082763672,2782
0.009352684020996094,2782
0.010040283203125,2782
0.01120901107788086,2782
0.012402057647705078,2782
0.013212442398071289,2782
0.014073371887207031,2782
0.01527857780456543,2782
0.01528477668762207,2782
