Time,Objective value
0.0021953582763671875,3536
0.002200603485107422,3536
0.0031168460845947266,3244
0.0037078857421875,3244
0.0043032169342041016,3244
0.005144357681274414,2808
0.0063898563385009766,2746
0.007409811019897461,2746
0.008461713790893555,2746
0.009396791458129883,2746
0.010361909866333008,2746
0.011294841766357422,2746
0.012618780136108398,2746
0.013178825378417969,2746
0.014261484146118164,2746
0.015238523483276367,2746
0.015746116638183594,2746
