Time,Objective value
0.0009210109710693359,3204
0.0017244815826416016,3204
0.0025043487548828125,2782
0.003604412078857422,2782
0.0043430328369140625,2782
0.0053064823150634766,2782
0.0060558319091796875,2782
0.00748753547668457,2782
0.00803065299987793,2782
0.009552955627441406,2782
0.010289430618286133,2782
0.011297225952148438,2604
0.012393951416015625,2604
0.013448238372802734,2604
0.013992071151733398,2604
