Time,Objective value
0.0007207393646240234,2912
0.0013997554779052734,2912
0.0024483203887939453,2858
0.003464221954345703,2858
0.004540681838989258,2858
0.005143642425537109,2858
0.006246328353881836,2604
0.0072629451751708984,2604
0.008178949356079102,2604
0.00903177261352539,2604
0.010211944580078125,2604
0.011040925979614258,2604
0.012406349182128906,2604
0.012929677963256836,2604
