Time,Objective value
0.0024945735931396484,4018
0.0025017261505126953,4018
0.003250598907470703,2898
0.0038292407989501953,2898
0.004529714584350586,2898
0.005305051803588867,2898
0.006290912628173828,2898
0.007475614547729492,2898
0.008047103881835938,2898
0.009543180465698242,2690
0.010257244110107422,2690
0.011706352233886719,2690
0.012210845947265625,2690
0.013210535049438477,2690
0.014378070831298828,2690
0.015357017517089844,2690
0.01625847816467285,2690
0.01661539077758789,2690
