Time,Objective value
0.002100229263305664,3048
0.002105712890625,3048
0.002432107925415039,3048
0.003077268600463867,3048
0.00450897216796875,2930
0.005410194396972656,2930
0.0064432621002197266,2930
0.007449626922607422,2930
0.008260965347290039,2930
0.009276390075683594,2930
0.010331153869628906,2930
0.011548995971679688,2930
0.012331485748291016,2930
0.013222694396972656,2916
0.013841390609741211,2916
