Time,Objective value
0.0009043216705322266,3554
0.0015363693237304688,3368
0.0020859241485595703,3294
0.0033206939697265625,3148
0.004336357116699219,2898
0.005072593688964844,2898
0.0064411163330078125,2664
0.007067680358886719,2664
0.008199691772460938,2664
0.009063005447387695,2664
0.010209798812866211,2664
0.010445594787597656,2664
