Time,Objective value
0.0027306079864501953,3680
0.002736806869506836,3680
0.0034258365631103516,3398
0.003994464874267578,3398
0.004860639572143555,3276
0.005381584167480469,3276
0.006140947341918945,2866
0.007252693176269531,2850
0.008514881134033203,2850
0.009205818176269531,2850
0.010270118713378906,2850
0.011261463165283203,2850
0.012017250061035156,2850
0.013203144073486328,2850
0.014162778854370117,2850
0.015050888061523438,2850
0.016096830368041992,2850
0.016618728637695312,2850
