Time,Objective value
0.0009031295776367188,3098
0.0017783641815185547,3098
0.0024356842041015625,3098
0.003627777099609375,2692
0.004277944564819336,2692
0.0052089691162109375,2692
0.006692409515380859,2692
0.007218599319458008,2692
0.008417367935180664,2692
0.009571075439453125,2692
0.010118484497070312,2692
0.011171340942382812,2692
0.012079000473022461,2692
0.013488292694091797,2692
0.013942241668701172,2692
