Time,Objective value
0.010602951049804688,688510246
0.010609865188598633,688510246
0.01294565200805664,687847010
0.01362299919128418,687847010
0.015302658081054688,677928610
0.016660451889038086,677928610
0.017345905303955078,677928610
0.01903247833251953,677928610
0.019588947296142578,677928610
0.023025035858154297,673311662
0.02345871925354004,672888860
0.02564263343811035,672888860
0.027362346649169922,671456986
0.03177189826965332,652708120
0.03544759750366211,651520216
0.03988146781921387,650623459
0.04300069808959961,650623459
0.044037818908691406,650623459
0.04474067687988281,650140049
0.04660820960998535,650140049
0.0470576286315918,650140049
0.05146193504333496,650140049
0.0554356575012207,650140049
0.056910037994384766,650140049
0.06413412094116211,650140049
0.06519174575805664,650140049
0.06520342826843262,650140049
