Time,Objective value
0.005702495574951172,659480532
0.005709171295166016,659480532
0.009223222732543945,655417164
0.012578010559082031,653409256
0.013252019882202148,653409256
0.014455556869506836,653409256
0.016318798065185547,653409256
0.017976045608520508,652877494
0.019572019577026367,652877494
0.026311635971069336,651584592
0.029956579208374023,651584592
0.0334467887878418,651584592
0.03788924217224121,651498765
0.0414881706237793,651498765
0.05068087577819824,651498765
0.055696725845336914,651498765
0.05945706367492676,651498765
0.0633230209350586,651018725
0.06887102127075195,651018725
0.0715789794921875,651018725
0.07248830795288086,651018725
0.07575654983520508,651018725
0.07796335220336914,651018725
0.07912826538085938,651018725
0.07981276512145996,651018725
0.08376383781433105,651018725
0.08377432823181152,651018725
