Time,Objective value
0.012310266494750977,720816547
0.012320518493652344,720816547
0.015948772430419922,720816547
0.0165252685546875,720816547
0.02388906478881836,720816547
0.030275821685791016,720816547
0.035170793533325195,720816547
0.03803205490112305,720416667
0.03885483741760254,720416667
0.04023241996765137,720416667
0.04149341583251953,720416667
0.04632973670959473,701090718
0.047896623611450195,701090718
0.05670332908630371,697922843
0.05938291549682617,697922843
0.06139421463012695,697922843
0.06256604194641113,697922843
0.0693807601928711,697789986
0.07710576057434082,695513426
0.07833194732666016,695513426
0.08923053741455078,695513426
0.09299802780151367,691189502
0.09595704078674316,690880199
0.09806942939758301,690880199
0.0995185375213623,690237396
0.10587596893310547,687659482
0.10589194297790527,687659482
