Time,Objective value
0.017495155334472656,651267678
0.017502546310424805,651267678
0.018715620040893555,651267678
0.019739151000976562,651267678
0.020462512969970703,651267678
0.021871566772460938,651267678
0.022383928298950195,651267678
0.023200511932373047,651267678
0.02516031265258789,650845056
0.02564096450805664,650845056
0.029474258422851562,648101798
0.02991032600402832,648101798
0.032956838607788086,648101798
0.03520631790161133,648101798
0.03777432441711426,646061548
0.04121232032775879,646061548
0.04286813735961914,646061548
0.045744895935058594,646036371
0.047750234603881836,646036371
0.049471378326416016,646036371
0.052715301513671875,646036371
0.05322575569152832,646036371
0.056067466735839844,646036371
0.05807089805603027,646036371
0.06143832206726074,646036371
0.062300920486450195,646036371
0.06230735778808594,646036371
