Time,Objective value
0.008231878280639648,705991953
0.008238792419433594,705991953
0.01004338264465332,705766687
0.015191078186035156,677988425
0.017390727996826172,676056823
0.018504858016967773,676056823
0.020835399627685547,676056823
0.023717880249023438,675555239
0.02503180503845215,675531691
0.02549147605895996,675531691
0.026645898818969727,675531691
0.02708292007446289,675531691
0.027942657470703125,675531691
0.02889084815979004,675530331
0.03036189079284668,675530331
0.033104896545410156,675530331
0.03554177284240723,675530331
0.03710031509399414,675530331
0.03965115547180176,675530331
0.043174028396606445,675223010
0.046086788177490234,675223010
0.04770469665527344,675223010
0.04853558540344238,675223010
0.05475759506225586,675223010
0.05787229537963867,675223010
0.058977365493774414,675223010
0.058983564376831055,675223010
