Time,Objective value
0.010982275009155273,710160790
0.010989665985107422,710160790
0.01299285888671875,710160790
0.01578497886657715,710160790
0.01659250259399414,710160790
0.018137454986572266,710160790
0.02305746078491211,710160790
0.025571107864379883,708585664
0.029534101486206055,708585664
0.03274893760681152,708585664
0.03345847129821777,708585664
0.03403949737548828,708585664
0.034888267517089844,708585664
0.03532123565673828,708585664
0.03920316696166992,708585664
0.04029583930969238,708585664
0.04220771789550781,708585664
0.04546403884887695,708585664
0.05034446716308594,708585664
0.05596470832824707,708585664
0.05638575553894043,708585664
0.057157039642333984,708585664
0.05855107307434082,708585664
0.060331106185913086,708585664
0.06426286697387695,708585664
0.06640434265136719,708585664
0.06641244888305664,708585664
