Time,Objective value
0.008937835693359375,725926851
0.00894474983215332,725926851
0.013074636459350586,724694071
0.014043331146240234,724618719
0.02030491828918457,724618719
0.021524429321289062,724618719
0.0227663516998291,724618719
0.023335695266723633,724618719
0.029510974884033203,723352666
0.03327369689941406,723352666
0.03464508056640625,723352666
0.03567004203796387,723352666
0.03674602508544922,723352666
0.037097930908203125,723352666
0.037581682205200195,723236767
0.03815197944641113,723236767
0.043860435485839844,723236767
0.04452228546142578,723236767
0.045063018798828125,723236767
0.04548168182373047,723236767
0.04886269569396973,723236767
0.05343461036682129,722327693
0.053815603256225586,722327693
0.05444478988647461,722029881
0.059107303619384766,722029881
0.06071352958679199,722029881
0.06072068214416504,722029881
