Time,Objective value
0.02442145347595215,35742
0.024433135986328125,35742
0.024445533752441406,35742
