Time,Objective value
0.03432893753051758,35312
0.03434109687805176,35312
0.034353017807006836,35312
