Time,Objective value
0.3240950107574463,3822
0.3268101215362549,3822
0.4869565963745117,3744
0.6480193138122559,3744
0.7973952293395996,3744
0.8883748054504395,3744
0.9800374507904053,3744
1.0757150650024414,3744
1.1595895290374756,3744
1.249356985092163,3744
1.3409264087677002,3744
1.4292988777160645,3744
1.5173468589782715,3744
1.6129462718963623,3744
1.7041921615600586,3744
1.7999920845031738,3744
1.9019582271575928,3744
1.993913173675537,3744
2.0867700576782227,3744
2.1810858249664307,3744
2.2817575931549072,3744
2.3623666763305664,3744
2.459292411804199,3744
2.5526862144470215,3744
2.6428680419921875,3744
2.735788583755493,3744
2.8259525299072266,3744
2.9209768772125244,3744
3.0189976692199707,3744
3.114156484603882,3744
3.2073707580566406,3744
3.304476737976074,3744
3.3903627395629883,3744
3.489936590194702,3744
3.59053111076355,3744
3.6940388679504395,3744
3.824784517288208,3744
3.9891645908355713,3744
4.147616624832153,3744
4.255112409591675,3744
4.351142883300781,3744
4.451378583908081,3744
4.551158905029297,3744
4.6521384716033936,3744
4.7485339641571045,3744
4.887298107147217,3744
5.051746606826782,3744
5.205447435379028,3744
5.302288293838501,3744
5.402125597000122,3744
5.494602918624878,3744
5.5877721309661865,3744
5.68153977394104,3744
5.771722078323364,3744
5.870271444320679,3744
5.964076995849609,3744
6.068376302719116,3744
6.164861679077148,3744
6.280226707458496,3744
6.282844305038452,3744
