Time,Objective value
0.17806291580200195,3850
0.17994046211242676,3850
0.27539515495300293,3748
0.36988067626953125,3748
0.46568727493286133,3748
0.5591170787811279,3748
0.6534245014190674,3748
0.7506928443908691,3744
0.8394341468811035,3744
0.9395699501037598,3744
1.0289480686187744,3744
1.1195082664489746,3744
1.2135217189788818,3744
1.3054180145263672,3744
1.4045820236206055,3744
1.4992291927337646,3744
1.5917606353759766,3744
1.6837680339813232,3744
1.7773866653442383,3744
1.865788459777832,3744
1.9637653827667236,3744
2.0544583797454834,3744
2.147587776184082,3744
2.250535726547241,3744
2.3546550273895264,3744
2.4466991424560547,3744
2.5418834686279297,3744
2.6348865032196045,3744
2.737243175506592,3744
2.8292698860168457,3744
2.930187225341797,3744
3.0292060375213623,3744
3.1296510696411133,3744
3.233506441116333,3744
3.334843158721924,3744
3.4390909671783447,3744
3.5474283695220947,3744
3.6626229286193848,3744
3.760464906692505,3744
3.865527629852295,3744
3.9857373237609863,3744
4.0911126136779785,3744
4.195086717605591,3744
4.3058922290802,3744
4.404962062835693,3744
4.500958204269409,3744
4.59723424911499,3744
4.7029383182525635,3744
4.810051679611206,3744
4.911461353302002,3744
5.010366916656494,3744
5.111234426498413,3744
5.218335390090942,3744
5.3221681118011475,3744
5.4302613735198975,3744
5.5412867069244385,3744
5.6377058029174805,3744
5.740065574645996,3744
5.843429327011108,3744
5.950292110443115,3744
6.051270484924316,3744
6.160316705703735,3744
6.26620888710022,3744
6.267951965332031,3744
