Time,Objective value
0.32898688316345215,3874
0.33188319206237793,3874
0.5076558589935303,3750
0.6767208576202393,3748
0.8433594703674316,3748
1.0159351825714111,3748
1.1982240676879883,3748
1.3563439846038818,3744
1.5258231163024902,3744
1.6770145893096924,3744
1.8365964889526367,3744
1.9958555698394775,3744
2.1511459350585938,3744
2.31032657623291,3744
2.462402105331421,3744
2.6271681785583496,3744
2.7960877418518066,3744
2.9575607776641846,3744
3.138993978500366,3744
3.3005480766296387,3744
3.4660415649414062,3744
3.6330645084381104,3744
3.8020217418670654,3744
3.967611789703369,3744
4.131588697433472,3744
4.2860846519470215,3744
4.46907114982605,3744
4.6304004192352295,3744
4.809040784835815,3744
4.966411828994751,3744
5.1369593143463135,3744
5.2996826171875,3744
5.461045503616333,3744
5.621172666549683,3744
5.79768180847168,3744
5.982084035873413,3744
6.1617982387542725,3744
6.333499431610107,3744
6.336015224456787,3744
