Time,Objective value
0.17851567268371582,3778
0.1802353858947754,3778
0.2747786045074463,3756
0.37184786796569824,3748
0.46308279037475586,3748
0.5516762733459473,3748
0.6388669013977051,3748
0.733109712600708,3744
0.8496687412261963,3744
1.0090117454528809,3744
1.1741206645965576,3744
1.3497858047485352,3744
1.4563932418823242,3744
1.5580317974090576,3744
1.6472675800323486,3744
1.7353811264038086,3744
1.8264241218566895,3744
1.9179294109344482,3744
2.0083603858947754,3744
2.0980186462402344,3744
2.1861629486083984,3744
2.2836344242095947,3744
2.3746798038482666,3744
2.4719913005828857,3744
2.5718328952789307,3744
2.673261880874634,3744
2.7667338848114014,3744
2.8718955516815186,3744
2.9727249145507812,3744
3.076341390609741,3744
3.1660947799682617,3744
3.2678005695343018,3744
3.3773322105407715,3744
3.4938466548919678,3744
3.608030080795288,3744
3.7116217613220215,3744
3.8030285835266113,3744
3.9083786010742188,3744
4.0028393268585205,3744
4.104315280914307,3744
4.203190565109253,3744
4.3601648807525635,3744
4.544304609298706,3744
4.7259674072265625,3744
4.874060392379761,3744
4.976958751678467,3744
5.091961145401001,3744
5.1882874965667725,3744
5.343908071517944,3744
5.515693664550781,3744
5.6833202838897705,3744
5.856605291366577,3744
6.02967381477356,3744
6.204728603363037,3744
6.376534700393677,3744
6.379247665405273,3744
