Time,Objective value
0.14810943603515625,156528
0.14812135696411133,156528
0.1481342315673828,156528
