Time,Objective value
0.09987878799438477,156786
0.09988760948181152,156786
0.09989547729492188,156786
