Time,Objective value
0.08678960800170898,158470
0.08679723739624023,158470
0.08680391311645508,158470
