Time,Objective value
0.0002052783966064453,175040
0.0010066032409667969,171326
0.0020427703857421875,170386
0.0031125545501708984,169918
0.004045963287353516,169518
0.005070686340332031,167328
0.006193637847900391,165388
0.0071256160736083984,165388
0.008085966110229492,165388
0.009090900421142578,165308
0.010153770446777344,165242
0.011081695556640625,162966
0.012278556823730469,162966
0.013119220733642578,162966
0.014336347579956055,162966
0.015113592147827148,162966
0.01639866828918457,162966
0.0173647403717041,162966
0.018378734588623047,162966
0.0193331241607666,162966
0.020538330078125,161162
0.021074771881103516,161162
0.022209882736206055,161162
0.023652315139770508,160484
0.024219512939453125,160484
0.025563478469848633,160484
0.02633976936340332,159184
0.027128219604492188,159184
0.028574466705322266,159184
0.0292818546295166,159184
0.03005695343017578,159184
0.031510353088378906,159184
0.03223848342895508,159184
0.03379368782043457,159184
0.03562736511230469,159184
0.03771352767944336,158912
0.03919410705566406,158912
0.040776729583740234,158912
0.04286766052246094,158428
0.04497480392456055,158428
0.04691505432128906,158428
0.04905080795288086,158254
0.0513608455657959,157176
0.05375170707702637,156808
0.0554957389831543,156808
0.057637691497802734,156808
0.05989861488342285,156808
0.06264781951904297,156808
0.0651252269744873,156808
0.06792926788330078,156808
0.07012796401977539,156808
0.07281875610351562,156050
0.07524728775024414,156050
0.07722926139831543,156050
0.0796515941619873,156050
0.08239865303039551,155818
0.08524155616760254,155442
0.08813118934631348,155442
0.0911858081817627,155442
0.09395146369934082,155440
0.09686017036437988,155440
0.09946060180664062,155440
0.10178399085998535,155440
0.10517668724060059,155440
0.1082754135131836,155440
0.1111609935760498,155358
0.11398983001708984,154836
0.11777853965759277,154606
0.12109208106994629,154606
0.12435722351074219,154460
0.12813878059387207,154130
0.13143062591552734,154130
0.13446593284606934,154130
0.13715291023254395,154130
0.1403369903564453,154130
0.1436779499053955,154130
0.1467113494873047,154130
0.14996552467346191,153378
0.1536722183227539,153274
0.15368366241455078,153274
