Time,Objective value
0.14763331413269043,15311236
0.1476423740386963,15311236
0.2951657772064209,15254500
0.4418518543243408,15254500
0.5882656574249268,15227564
0.7355036735534668,15227564
0.8827512264251709,15227564
1.0300371646881104,15227564
1.1773180961608887,15227564
1.3247056007385254,15227564
1.4347100257873535,15188675
1.5822999477386475,15188675
1.7292914390563965,15175458
1.8744733333587646,15175458
1.9797539710998535,15175458
2.121259927749634,15175458
2.2510828971862793,15175458
2.3592822551727295,15175458
2.500401735305786,15175458
2.641666889190674,15175458
2.7827529907226562,15175458
2.924597978591919,15169068
3.0651986598968506,15169068
3.1688828468322754,15146290
3.3116044998168945,15146290
3.4177961349487305,15146290
3.4178128242492676,15146290
