Time,Objective value
0.14737248420715332,15266793
0.14738154411315918,15266793
0.2906665802001953,15208731
0.43736696243286133,15208731
0.5843226909637451,15208731
0.7307760715484619,15208731
0.8771677017211914,15208731
1.0235300064086914,15208731
1.1699659824371338,15205523
1.23771333694458,15205523
1.3710038661956787,15205523
1.517883539199829,15183636
1.6692988872528076,15183636
1.8184378147125244,15183636
1.8868160247802734,15183636
2.0124292373657227,15159741
2.152899742126465,15158369
2.299449920654297,15158369
2.439767599105835,15158369
2.580554962158203,15134375
2.7205307483673096,15110635
2.861302614212036,15110635
2.984153985977173,15110635
3.1249752044677734,15068155
3.267300844192505,15068155
3.407156467437744,14648733
3.4071686267852783,14648733
