Time,Objective value
0.1439650058746338,15268332
0.14397597312927246,15268332
0.29185938835144043,15268332
0.43871498107910156,15235684
0.5872063636779785,15235684
0.7346947193145752,15191428
0.8813514709472656,15191428
1.0032680034637451,15191428
1.1506476402282715,15191428
1.2986855506896973,15191428
1.4148988723754883,15191428
1.5593242645263672,15189429
1.7077982425689697,15189429
1.8386437892913818,15185890
1.9793331623077393,15185890
2.1198668479919434,15181130
2.2632155418395996,15181130
2.4058151245117188,15176208
2.4697461128234863,15160654
2.5221598148345947,15160654
2.663245677947998,15160654
2.8043153285980225,15160654
2.94561767578125,15159085
3.0870776176452637,15159085
3.2077949047088623,15126197
3.3236141204833984,15126197
3.3236265182495117,15126197
