Time,Objective value
0.08506536483764648,7513728
0.08507370948791504,7513728
0.1633892059326172,7513728
0.24744272232055664,7513728
0.33210134506225586,7513728
0.41414356231689453,7513728
0.5031528472900391,7513728
0.5950565338134766,7513728
0.6762254238128662,7513728
0.7545716762542725,7491602
0.8454527854919434,7491602
0.9260084629058838,7491602
1.0265288352966309,7491602
1.1296186447143555,7491602
1.2088065147399902,7446308
1.2916405200958252,7446308
1.3678216934204102,7446308
1.4612925052642822,7446308
1.5463123321533203,7446308
1.636326551437378,7446308
1.7157814502716064,7446308
1.7835333347320557,7446308
1.8509345054626465,7446308
1.942946195602417,7446308
2.0237629413604736,7446308
2.10481858253479,7446308
2.1048359870910645,7446308
