Time,Objective value
0.07443571090698242,7594702
0.07444477081298828,7594702
0.15278339385986328,7582342
0.2396557331085205,7507586
0.32997751235961914,7474076
0.41077113151550293,7474076
0.5073404312133789,7474076
0.5883972644805908,7474076
0.6862094402313232,7474076
0.764352560043335,7474076
0.8494598865509033,7474076
0.9381721019744873,7474076
1.0243735313415527,7474076
1.1114685535430908,7474076
1.188960313796997,7474076
1.2612452507019043,7474076
1.3622617721557617,7467502
1.452324390411377,7467502
1.5280001163482666,7467502
1.5997822284698486,7467502
1.678868055343628,7467502
1.7463645935058594,7467502
1.822713851928711,7467502
1.9000475406646729,7467502
1.975618839263916,7467502
2.0565567016601562,7467502
2.056567430496216,7467502
