Time,Objective value
0.04590582847595215,7553746
0.045912742614746094,7553746
0.09131097793579102,7532426
0.1449284553527832,7477912
0.19626832008361816,7477912
0.24270224571228027,7477912
0.2841014862060547,7477912
0.32535576820373535,7477912
0.37877702713012695,7477912
0.42856836318969727,7477912
0.4846663475036621,7477912
0.5361440181732178,7477912
0.5837349891662598,7477912
0.6362371444702148,7477912
0.6803936958312988,7477912
0.7289416790008545,7477912
0.7801966667175293,7477912
0.8314385414123535,7477912
0.8806006908416748,7449280
0.9312829971313477,7449280
0.976654052734375,7449280
1.0220236778259277,7449280
1.0665559768676758,7449280
1.1157050132751465,7449280
1.1669690608978271,7449280
1.2192513942718506,7449280
1.2192585468292236,7449280
