Time,Objective value
0.04764604568481445,7548790
0.0476531982421875,7548790
0.09195470809936523,7548790
0.14688539505004883,7481502
0.23063039779663086,7481502
0.3274974822998047,7481502
0.3982086181640625,7481502
0.48272204399108887,7481502
0.5685319900512695,7481502
0.6494283676147461,7481502
0.7391958236694336,7481502
0.83632493019104,7481502
0.9065539836883545,7481502
0.9891111850738525,7481502
1.075960397720337,7481502
1.1680724620819092,7481502
1.247612476348877,7481502
1.343101978302002,7481502
1.4211840629577637,7481502
1.501966953277588,7481502
1.5809178352355957,7481502
1.6475567817687988,7481502
1.7250754833221436,7481502
1.8048605918884277,7481502
1.8803346157073975,7481502
1.9585270881652832,7481502
1.9585397243499756,7481502
