Time,Objective value
27.65257501602173,154334
27.657278299331665,154334
35.48361849784851,153116
42.904998779296875,152920
49.4765305519104,152840
56.35859727859497,152840
64.9066526889801,152812
73.23739814758301,152736
83.56877064704895,152736
92.48480558395386,152736
98.88290286064148,152736
105.22652411460876,152734
105.22911238670349,152734
