Time,Objective value
13.633929967880249,155022
13.636542797088623,155022
20.191773176193237,153310
26.82793927192688,153098
34.939380407333374,152914
48.15020823478699,152896
54.39983820915222,152896
61.84054374694824,152864
68.11150622367859,152864
74.52151107788086,152788
81.14020609855652,152784
89.77282977104187,152784
98.17888140678406,152582
104.29859924316406,152582
104.30131220817566,152582
