Time,Objective value
22.99037528038025,154698
22.993028163909912,154698
34.88532900810242,153230
48.600473403930664,153148
56.521445989608765,153022
63.023218631744385,152822
71.33859753608704,152604
80.26172041893005,152604
88.35753917694092,152604
97.26224970817566,152580
105.30860829353333,152542
105.31121015548706,152542
