Time,Objective value
14.760419368743896,153980
14.76307988166809,153980
24.06612992286682,153264
37.107269287109375,153126
47.690873861312866,152916
54.103559255599976,152916
61.29495692253113,152860
67.49548363685608,152842
78.05347299575806,152824
85.27115988731384,152802
94.50039935112,152588
102.3980360031128,152466
102.4006712436676,152466
