Time,Objective value
11.164798974990845,156186
11.165537357330322,156186
17.42106795310974,155188
22.165214776992798,155096
25.55832290649414,154984
28.77382755279541,154984
31.948516845703125,154870
35.417304039001465,154836
39.84839487075806,154782
43.95163941383362,154738
47.15806221961975,154738
50.171833992004395,154648
53.20251393318176,154586
56.180636405944824,154586
58.97220706939697,154586
62.01663136482239,154586
65.34490895271301,154480
68.32052278518677,154480
71.30303239822388,154480
74.53836154937744,154480
77.62019896507263,154400
80.56496620178223,154392
83.5210554599762,154392
87.50594139099121,154392
90.70827126502991,154392
93.55391192436218,154376
97.07100343704224,154376
100.41235899925232,154376
100.41306638717651,154376
