Time,Objective value
6.751594305038452,156662
6.752290487289429,156662
10.44048023223877,155062
13.860763311386108,154964
16.960192918777466,154904
20.225322246551514,154822
23.626530647277832,154742
28.076969623565674,154532
31.17873477935791,154500
34.55920767784119,154494
39.42391490936279,154494
43.630561113357544,154444
46.64861583709717,154444
51.315999269485474,154444
56.95587873458862,154444
60.46113872528076,154422
64.8944878578186,154370
67.84832286834717,154370
71.3551709651947,154358
75.52522993087769,154358
78.4979362487793,154358
81.91772150993347,154358
84.91468715667725,154322
88.50243806838989,154322
92.39904260635376,154322
96.02163290977478,154322
99.58191061019897,154302
104.13977813720703,154258
104.14049577713013,154258
