Time,Objective value
6.4606828689575195,157902
6.461424350738525,157902
10.235538482666016,155384
14.43752384185791,155262
17.87758493423462,155208
21.202953577041626,155018
26.035414695739746,155014
29.994792938232422,154870
33.363226890563965,154870
37.89829874038696,154870
41.65922260284424,154732
45.673864126205444,154726
49.10567283630371,154596
52.030353307724,154576
54.79724621772766,154576
59.978965282440186,154562
63.63516044616699,154550
66.83495998382568,154520
69.94473505020142,154518
73.32743215560913,154504
78.32463788986206,154498
81.44109535217285,154498
85.63443970680237,154498
90.48025822639465,154498
93.91547322273254,154498
98.30679392814636,154490
102.6021888256073,154490
102.60284352302551,154490
