Time,Objective value
9.491645097732544,156276
9.492929458618164,156276
13.495237112045288,155302
16.820414543151855,155226
20.38010287284851,155066
23.697768688201904,154948
27.950684547424316,154836
31.537516117095947,154836
34.875239610672,154836
38.004698753356934,154836
40.98003959655762,154836
44.29606318473816,154722
47.81688570976257,154722
51.190646171569824,154676
55.77765488624573,154676
58.84213399887085,154598
61.78084349632263,154546
64.71243715286255,154546
68.75958132743835,154546
73.9923849105835,154544
77.45328283309937,154520
80.32643914222717,154414
84.72704815864563,154400
87.74983477592468,154400
90.62036943435669,154400
93.6871132850647,154374
96.48938632011414,154336
100.8424277305603,154334
100.8436598777771,154334
