Time,Objective value
6.737816333770752,156966
6.738565683364868,156966
13.06794810295105,155204
19.082202672958374,155100
24.556674003601074,154746
27.860046863555908,154710
31.233860731124878,154564
34.26085543632507,154564
39.77025032043457,154536
42.790513038635254,154390
49.483593702316284,154390
54.96353268623352,154390
59.331631660461426,154390
64.82586431503296,154390
69.60259342193604,154390
72.4926233291626,154390
75.25510549545288,154390
80.34442019462585,154390
86.24846243858337,154390
92.65065598487854,154382
98.84530401229858,154382
103.52782917022705,154382
103.52850222587585,154382
