Time,Objective value
0.015623807907104492,7560542
0.015630722045898438,7560542
0.03030991554260254,7531420
0.04777836799621582,7531420
0.07194876670837402,7511128
0.08636975288391113,7511128
0.10100317001342773,7511128
0.12835097312927246,7511128
0.1425027847290039,7511128
0.15715932846069336,7511128
0.17169713973999023,7511128
0.1989736557006836,7501414
0.2104201316833496,7501414
0.22808122634887695,7501414
0.24590039253234863,7501414
0.2572052478790283,7501414
0.26876044273376465,7501414
0.28624653816223145,7501414
0.3010220527648926,7501414
0.31558704376220703,7501414
0.33652806282043457,7501414
0.3543117046356201,7467638
0.3751835823059082,7467638
0.4023711681365967,7462978
0.4173414707183838,7462978
0.43542003631591797,7462978
0.43543386459350586,7462978
