Time,Objective value
0.05393695831298828,7492790
0.05394601821899414,7492790
0.08270883560180664,7492790
0.12464618682861328,7492790
0.1597292423248291,7492790
0.18899989128112793,7492790
0.21107149124145508,7492790
0.2530956268310547,7489072
0.27645230293273926,7489072
0.29987215995788574,7489072
0.32837891578674316,7489072
0.3636507987976074,7489072
0.4059877395629883,7489072
0.4348585605621338,7489072
0.463881254196167,7489072
0.4923057556152344,7489072
0.5209100246429443,7489072
0.5510220527648926,7489072
0.5866127014160156,7489072
0.6214687824249268,7489072
0.6452450752258301,7489072
0.6732373237609863,7489072
0.7088751792907715,7489072
0.7376482486724854,7489072
0.7659246921539307,7489072
0.7997498512268066,7489072
0.7997617721557617,7489072
