Time,Objective value
0.01729440689086914,7512932
0.017301559448242188,7512932
0.04128074645996094,7511554
0.059242963790893555,7511554
0.07390689849853516,7511554
0.09150171279907227,7511554
0.10633277893066406,7511554
0.1269838809967041,7481660
0.14193153381347656,7481660
0.15965604782104492,7481600
0.18384480476379395,7415186
0.20167946815490723,7415186
0.22287583351135254,7415186
0.24091291427612305,7415186
0.2553994655609131,7415186
0.2668156623840332,7415186
0.27786946296691895,7415186
0.2894458770751953,7415186
0.30704784393310547,7415186
0.32441282272338867,7415186
0.3451669216156006,7415186
0.3598768711090088,7415186
0.38077592849731445,7415186
0.3982422351837158,7415186
0.40955662727355957,7415186
0.4239509105682373,7415186
0.42395782470703125,7415186
