Time,Objective value
0.0446619987487793,7530384
0.044671058654785156,7530384
0.08166074752807617,7530384
0.11159586906433105,7530384
0.15511441230773926,7530384
0.19895672798156738,7455296
0.24144434928894043,7455296
0.2653224468231201,7455296
0.2943918704986572,7455296
0.3314352035522461,7455296
0.3619987964630127,7455296
0.39205002784729004,7455296
0.4217832088470459,7455296
0.45243263244628906,7455296
0.49809741973876953,7455296
0.5310771465301514,7455296
0.5555710792541504,7455296
0.5850090980529785,7455296
0.6328294277191162,7455296
0.6556503772735596,7455296
0.6843104362487793,7455296
0.7267725467681885,7455296
0.7563767433166504,7444866
0.7835738658905029,7444866
0.8136272430419922,7444866
0.8333885669708252,7444866
0.8334043025970459,7444866
