Time,Objective value
0.016968727111816406,7537106
0.016975879669189453,7537106
0.03815817832946777,7457602
0.05298280715942383,7457602
0.07039594650268555,7457602
0.08176422119140625,7457602
0.09944272041320801,7457602
0.11737227439880371,7457602
0.13199234008789062,7457602
0.15326547622680664,7457602
0.17414474487304688,7457602
0.19483304023742676,7457602
0.21247100830078125,7457602
0.22724652290344238,7457602
0.25122499465942383,7457602
0.26272058486938477,7457602
0.2772696018218994,7457602
0.2917299270629883,7457602
0.3094158172607422,7457602
0.3304009437561035,7457602
0.34195637702941895,7457602
0.37565135955810547,7457602
0.3905029296875,7457602
0.40193796157836914,7457602
0.41348695755004883,7457602
0.43497753143310547,7448558
0.43498969078063965,7448558
