Time,Objective value
0.10443353652954102,151872
0.10444235801696777,151872
0.10444974899291992,151872
