Time,Objective value
0.08903169631958008,153050
0.08903956413269043,153050
0.08904647827148438,153050
