Time,Objective value
0.10640931129455566,152436
0.10641765594482422,152436
0.10642504692077637,152436
