Time,Objective value
0.17641425132751465,151260
0.1764225959777832,151260
0.17642927169799805,151260
