Time,Objective value
0.1414957046508789,154702
0.14150190353393555,154702
0.1415081024169922,154702
