Time,Objective value
0.13275766372680664,154956
0.1327662467956543,154956
0.13277435302734375,154956
