Time,Objective value
0.08853626251220703,154444
0.08854246139526367,154444
0.08854889869689941,154444
