Time,Objective value
0.043595075607299805,67166
0.04360175132751465,67166
0.07884860038757324,67166
0.11291646957397461,67166
0.15053987503051758,67166
0.2155454158782959,67166
0.31227779388427734,67166
0.3731982707977295,67166
0.4053781032562256,67166
0.43579864501953125,67166
0.4726862907409668,67166
0.4982326030731201,67166
0.5289955139160156,67166
0.5595531463623047,67166
0.5956485271453857,67166
0.6263372898101807,67166
2.9345412254333496,66836
4.734618425369263,66796
6.842613220214844,66760
9.101848602294922,66610
11.90175461769104,66548
15.826962947845459,66480
19.953124284744263,66480
23.01720929145813,66480
27.59991693496704,66480
30.994436740875244,66480
34.46224522590637,66480
38.591068506240845,66480
40.39134907722473,66480
42.08216047286987,66480
45.99602246284485,66480
48.14312720298767,66480
50.73732280731201,66480
54.697330474853516,66480
54.697340965270996,66480
