Time,Objective value
0.038288116455078125,67196
0.038295745849609375,67196
0.07495594024658203,67196
0.10039997100830078,67196
0.12589621543884277,67196
0.15206646919250488,67196
0.18939995765686035,67196
0.2250363826751709,67196
0.2628188133239746,67196
0.293928861618042,67196
0.3197007179260254,67196
0.35566067695617676,67196
0.3927605152130127,67196
0.4293081760406494,67196
0.4600179195404053,67196
0.4909241199493408,67196
3.8911025524139404,67014
6.61510157585144,67006
8.665323257446289,66896
10.606403589248657,66886
12.420823335647583,66870
14.14333963394165,66766
16.10010814666748,66766
17.70731520652771,66762
22.000393629074097,66700
25.59069275856018,66594
27.493953943252563,66560
29.43426012992859,66554
31.24412441253662,66554
34.201579093933105,66538
36.16232681274414,66538
38.846450090408325,66518
42.22837853431702,66518
43.94572329521179,66518
46.18882870674133,66518
49.78692650794983,66502
52.15400171279907,66502
52.15401029586792,66502
