Time,Objective value
0.026962995529174805,68596
0.026968955993652344,68596
0.06304550170898438,67438
0.10031771659851074,67438
0.1320970058441162,67240
0.1632404327392578,67074
0.19994068145751953,67074
0.2521064281463623,67074
0.27750205993652344,67074
0.3133993148803711,67074
0.34470462799072266,67074
0.371166467666626,67074
0.40192103385925293,67074
0.44304919242858887,67074
0.47951793670654297,67074
0.5221939086914062,67074
4.182142972946167,66792
7.632371664047241,66792
9.718826055526733,66790
12.965431928634644,66790
15.032911539077759,66718
17.44245171546936,66600
19.566768646240234,66574
21.31128454208374,66574
24.83301019668579,66574
26.87233805656433,66574
29.792608976364136,66574
33.3175482749939,66574
36.1138813495636,66574
38.0395085811615,66574
39.6824996471405,66574
41.352797985076904,66574
43.19390559196472,66574
46.38506746292114,66574
49.07525038719177,66574
51.07289099693298,66574
53.14012932777405,66574
53.140141010284424,66574
