Time,Objective value
0.07534551620483398,68272
0.07535505294799805,68272
0.12627315521240234,68272
0.2123253345489502,66920
0.27538132667541504,66920
0.3274805545806885,66920
0.3906385898590088,66920
0.44457507133483887,66920
0.4973118305206299,66920
0.5507876873016357,66920
0.6138558387756348,66920
0.6781084537506104,66920
0.7423176765441895,66920
0.7936725616455078,66920
0.8572402000427246,66920
0.9336068630218506,66920
3.609748601913452,66920
5.464949607849121,66920
8.072632074356079,66896
10.770819902420044,66796
12.547735452651978,66664
14.575027465820312,66618
16.696731328964233,66618
18.665340900421143,66618
20.590431690216064,66618
22.42949390411377,66618
24.40439224243164,66618
25.703490734100342,66576
27.62476086616516,66528
29.488361835479736,66528
31.155437231063843,66526
32.95111107826233,66526
34.414633989334106,66526
36.261767864227295,66512
37.9896183013916,66512
39.96045541763306,66512
41.83845090866089,66504
43.80240321159363,66504
45.88461875915527,66504
48.11067032814026,66504
50.21936345100403,66504
52.39738392829895,66504
52.39739537239075,66504
