Time,Objective value
0.07461261749267578,15158853
0.07461857795715332,15158853
0.14464211463928223,15153672
0.20414209365844727,15153672
0.2516193389892578,15153672
0.3220396041870117,15153672
0.39634156227111816,15153672
0.4455242156982422,15153672
0.5150439739227295,15153672
0.5736877918243408,15153672
0.6328723430633545,15153672
0.7040164470672607,15153672
0.7633500099182129,15153672
0.8226339817047119,15153672
0.8972244262695312,15153672
0.9710042476654053,15153672
1.0405173301696777,15153672
1.1143882274627686,15153672
1.17323899269104,15153672
1.232933521270752,15153672
1.2915103435516357,15153672
1.3652307987213135,15153672
1.4245314598083496,15153672
1.4838998317718506,15153672
1.5579004287719727,15130826
1.6291909217834473,15130826
1.6292037963867188,15130826
