Time,Objective value
0.04975295066833496,15216228
0.0497591495513916,15216228
0.1251974105834961,15116805
0.19549798965454102,15116805
0.2803151607513428,15116805
0.3508780002593994,15116805
0.4248085021972656,15116805
0.4847598075866699,15116805
0.5434293746948242,15116805
0.6031508445739746,15116805
0.6770052909851074,15116805
0.7358450889587402,15116805
0.8099801540374756,15116805
0.8593804836273193,15116805
0.9291532039642334,15116805
0.9885165691375732,15116805
1.0481343269348145,15116805
1.122145175933838,15116805
1.1599617004394531,15116805
1.230112075805664,15116805
1.2790250778198242,15116805
1.3384208679199219,15116805
1.3981153964996338,15116805
1.472107172012329,15116805
1.5471875667572021,15116805
1.6059067249298096,15116805
1.6059179306030273,15116805
