Time,Objective value
0.07149791717529297,15219689
0.07150506973266602,15219689
0.1314225196838379,15219689
0.19115114212036133,15205742
0.26583075523376465,15205742
0.3371138572692871,15205742
0.38469481468200684,15205742
0.4600565433502197,15173551
0.5095150470733643,15173551
0.5689883232116699,15173551
0.6430752277374268,15173551
0.7024133205413818,15156496
0.7505090236663818,15156496
0.7991452217102051,15156496
0.858952522277832,15156496
0.9183573722839355,15156496
0.9887125492095947,15149636
1.060408353805542,15149636
1.1204538345336914,15149636
1.1905395984649658,15149636
1.2387168407440186,15149636
1.3141758441925049,15149636
1.384526014328003,15103276
1.4544107913970947,15103276
1.5395011901855469,15103276
1.6138107776641846,15103276
1.6138293743133545,15103276
