Time,Objective value
0.06091165542602539,15204744
0.06091904640197754,15204744
0.10814070701599121,15204744
0.1786329746246338,15171342
0.22731590270996094,15171342
0.28630661964416504,15171342
0.3460378646850586,15171342
0.40489864349365234,15144060
0.4789254665374756,15142129
0.5527677536010742,15142129
0.6011590957641602,15142129
0.6764512062072754,15142129
0.7615005970001221,15142129
0.8207924365997314,15142129
0.8687353134155273,15142129
0.942863941192627,15142129
1.0016486644744873,15142129
1.072373628616333,15142129
1.130765438079834,15142129
1.1905934810638428,15142129
1.2386374473571777,15142129
1.2987549304962158,15142129
1.3467800617218018,15142129
1.4060051441192627,15142129
1.4649732112884521,15142129
1.5394375324249268,15142129
1.539444923400879,15142129
