Time,Objective value
0.05987262725830078,15193247
0.05987882614135742,15193247
0.1297166347503662,15193247
0.1783297061920166,15193247
0.23851656913757324,15193247
0.3095715045928955,15193247
0.3582308292388916,15193247
0.4282972812652588,15149710
0.48781347274780273,15149710
0.5726885795593262,15149710
0.6316664218902588,15149710
0.6801221370697021,15149710
0.7537949085235596,15149710
0.8275866508483887,15149710
0.8976187705993652,15149710
0.9566943645477295,15149710
1.004842758178711,15149710
1.0752105712890625,15149710
1.1243174076080322,15149710
1.1982336044311523,15149710
1.256025791168213,15149710
1.3271336555480957,15149710
1.3858118057250977,15149710
1.4706611633300781,15149710
1.544757604598999,15149710
1.6052882671356201,15149710
1.6053009033203125,15149710
