Time,Objective value
0.18842744827270508,157970
0.18843626976013184,157970
0.3722798824310303,157970
0.5561089515686035,157256
0.7427353858947754,156848
0.9269630908966064,156848
1.1098711490631104,156848
1.297252893447876,156848
1.4546575546264648,156848
1.543168067932129,156848
1.6325507164001465,156848
1.721590518951416,156848
1.81085205078125,156848
1.9001293182373047,156848
1.989943504333496,156848
2.0796852111816406,156848
2.1691815853118896,156848
2.258751153945923,156848
2.346917152404785,156848
2.4361941814422607,156848
2.5248210430145264,156848
2.6140806674957275,156848
2.7033257484436035,156848
2.7925922870635986,156848
2.881049156188965,156848
2.9706459045410156,156848
2.9706523418426514,156848
