Time,Objective value
0.08865690231323242,158728
0.08866286277770996,158728
0.1813342571258545,158462
0.3405723571777344,158462
0.460737943649292,157878
0.5487468242645264,157878
0.636894941329956,157878
0.7254745960235596,157878
0.8142600059509277,157878
0.9034600257873535,157878
0.9924914836883545,157146
1.0822257995605469,157146
1.1726641654968262,157146
1.2634427547454834,157146
1.35329270362854,157146
1.4436049461364746,157146
1.5345358848571777,157146
1.6252312660217285,157146
1.715693712234497,157146
1.8062689304351807,157146
1.8960771560668945,157146
1.9868805408477783,157146
2.0767314434051514,157146
2.1681196689605713,157146
2.258769989013672,157146
2.3499269485473633,157146
2.3499364852905273,157146
