Time,Objective value
0.03660440444946289,3750
0.036612510681152344,3750
0.07535576820373535,3748
0.11399340629577637,3748
0.15297389030456543,3748
0.19179153442382812,3746
0.23080039024353027,3746
0.2692112922668457,3746
0.30838608741760254,3746
0.34745335578918457,3746
0.3867347240447998,3746
0.4259202480316162,3744
0.46471333503723145,3744
0.503302812576294,3744
0.5427496433258057,3744
0.5820279121398926,3744
0.6219580173492432,3744
0.6611766815185547,3744
0.6996994018554688,3744
0.7372698783874512,3744
0.7756474018096924,3744
0.8145589828491211,3744
0.8537251949310303,3744
0.8919262886047363,3744
0.927546501159668,3744
0.9635796546936035,3744
0.963594913482666,3744
