Time,Objective value
0.020470142364501953,3746
0.020476818084716797,3746
0.0420079231262207,3746
0.06328439712524414,3746
0.08449459075927734,3746
0.10611104965209961,3746
0.12744927406311035,3746
0.14889788627624512,3746
0.1702430248260498,3746
0.1914536952972412,3746
0.21281218528747559,3746
0.23439240455627441,3746
0.2553243637084961,3746
0.276761531829834,3746
0.2982676029205322,3746
0.31963038444519043,3744
0.34122276306152344,3744
0.36240196228027344,3744
0.3837282657623291,3744
0.4050626754760742,3744
0.4263780117034912,3744
0.44745874404907227,3744
0.46881985664367676,3744
0.4906032085418701,3744
0.5119369029998779,3744
0.5334665775299072,3744
0.5334784984588623,3744
