Time,Objective value
0.0333254337310791,3744
0.03333592414855957,3744
0.07014179229736328,3744
0.10775423049926758,3744
0.14603137969970703,3744
0.18447208404541016,3744
0.20970368385314941,3744
0.23225927352905273,3744
0.2537972927093506,3744
0.2778933048248291,3744
0.30127906799316406,3744
0.32283782958984375,3744
0.3444201946258545,3744
0.3662140369415283,3744
0.38772153854370117,3744
0.40911006927490234,3744
0.43062686920166016,3744
0.452045202255249,3744
0.4736917018890381,3744
0.4948561191558838,3744
0.5165579319000244,3744
0.5381169319152832,3744
0.5597784519195557,3744
0.5814146995544434,3744
0.603355884552002,3744
0.6251039505004883,3744
0.625115156173706,3744
