Time,Objective value
0.020577669143676758,3768
0.0205838680267334,3768
0.04195046424865723,3754
0.06361770629882812,3754
0.08533263206481934,3754
0.10685515403747559,3746
0.12876462936401367,3746
0.1503310203552246,3746
0.17164015769958496,3746
0.19306135177612305,3746
0.21454262733459473,3746
0.23576569557189941,3746
0.25692129135131836,3746
0.27857089042663574,3746
0.29996466636657715,3746
0.32169675827026367,3746
0.3432002067565918,3746
0.3646857738494873,3746
0.38593316078186035,3746
0.40754032135009766,3746
0.42896127700805664,3746
0.45001888275146484,3746
0.4717977046966553,3746
0.4933595657348633,3746
0.5145974159240723,3746
0.5359470844268799,3744
0.5359537601470947,3744
