Time,Objective value
0.0219881534576416,3768
0.02199530601501465,3768
0.04371309280395508,3768
0.06543755531311035,3768
0.08732938766479492,3744
0.10889911651611328,3744
0.13057494163513184,3744
0.1520698070526123,3744
0.17387938499450684,3744
0.19543027877807617,3744
0.2172248363494873,3744
0.238739013671875,3744
0.26045727729797363,3744
0.2819182872772217,3744
0.30323314666748047,3744
0.32463979721069336,3744
0.34600090980529785,3744
0.3676948547363281,3744
0.3890841007232666,3744
0.41034388542175293,3744
0.43179965019226074,3744
0.4535496234893799,3744
0.47493863105773926,3744
0.4961400032043457,3744
0.5174417495727539,3744
0.5388734340667725,3744
0.53887939453125,3744
