Time,Objective value
0.025353431701660156,3744
0.025359630584716797,3744
0.05056881904602051,3744
0.07582926750183105,3744
0.10110306739807129,3744
0.13181042671203613,3744
0.15831947326660156,3744
0.18366193771362305,3744
0.2089078426361084,3744
0.23410367965698242,3744
0.25928282737731934,3744
0.28452634811401367,3744
0.3096611499786377,3744
0.33492374420166016,3744
0.3601839542388916,3744
0.38541698455810547,3744
0.41057395935058594,3744
0.43583083152770996,3744
0.4610440731048584,3744
0.4863431453704834,3744
0.5116283893585205,3744
0.5368132591247559,3744
0.5622470378875732,3744
0.5876514911651611,3744
0.6133365631103516,3744
0.6385889053344727,3744
0.6385960578918457,3744
