Time,Objective value
0.017198801040649414,7517898
0.01720571517944336,7517898
0.0172121524810791,7517898
