Time,Objective value
0.016255855560302734,7458706
0.01626443862915039,7458706
0.016272306442260742,7458706
