Time,Objective value
0.030332088470458984,7533986
0.030344486236572266,7533986
0.030356168746948242,7533986
