Time,Objective value
0.12282061576843262,15164088
0.12282967567443848,15164088
0.26650023460388184,15164088
0.38680362701416016,15164088
0.6461591720581055,15160915
0.8146703243255615,15126991
0.9363176822662354,15126991
1.0597403049468994,15126991
1.2054791450500488,15126991
1.2823491096496582,15126991
1.3348543643951416,15126991
1.4160246849060059,15126991
1.4977500438690186,15126991
1.5449292659759521,15126991
1.5927672386169434,15126991
1.7282884120941162,15090551
7.172365665435791,15087260
15.293286561965942,15087260
22.8545560836792,15087260
27.56526017189026,15076398
30.867592573165894,12490441
36.76721167564392,12490441
41.531254291534424,12490441
46.2105827331543,12490441
51.19056177139282,12490441
56.71119022369385,12490441
61.61901021003723,12490441
66.29611206054688,12490441
70.90869164466858,12490441
75.72891330718994,12490441
80.92073702812195,12490441
85.2612190246582,12490441
85.26123094558716,12490441
