Time,Objective value
0.0001621246337890625,8509276
0.0010590553283691406,8239276
0.002027273178100586,8228158
0.0031070709228515625,8156516
0.004111051559448242,8093766
0.005077362060546875,8085512
0.006025075912475586,8002264
0.00702667236328125,8002264
0.008211851119995117,7960440
0.009099721908569336,7960440
0.010184526443481445,7960440
0.011260509490966797,7917258
0.012143611907958984,7890440
0.013109922409057617,7890440
0.01412820816040039,7826128
0.015277862548828125,7801576
0.01610541343688965,7801576
0.01716017723083496,7801576
0.018200159072875977,7801576
0.0194699764251709,7801576
0.020502567291259766,7801576
0.0211331844329834,7801576
0.022298336029052734,7801576
0.023554086685180664,7762364
0.024184226989746094,7762364
0.025437593460083008,7762364
0.02606678009033203,7756846
0.027320384979248047,7654508
0.028580904006958008,7654508
0.029210329055786133,7654508
0.03046274185180664,7654508
0.031092405319213867,7654508
0.032344818115234375,7654508
0.033597469329833984,7654508
0.0342259407043457,7654508
0.03547859191894531,7609336
0.03610825538635254,7609336
0.03736138343811035,7609336
0.0386202335357666,7609336
0.03925061225891113,7609336
0.040503501892089844,7609336
0.04113268852233887,7609336
0.04238486289978027,7588154
0.043013811111450195,7573536
0.04427385330200195,7573536
0.045529842376708984,7573536
0.04616117477416992,7573536
0.047441959381103516,7573536
0.04808545112609863,7573536
0.0493471622467041,7551456
0.05060887336730957,7539622
0.05124211311340332,7539622
0.0525057315826416,7512354
0.05313849449157715,7512354
0.05377602577209473,7501220
