Time,Objective value
0.00015473365783691406,8539208
0.0010230541229248047,8252826
0.002097606658935547,8114854
0.003072977066040039,8114854
0.004118204116821289,8114334
0.005056619644165039,8027474
0.006125450134277344,8027474
0.007091522216796875,8009970
0.008168935775756836,8009970
0.009062767028808594,7981974
0.01015329360961914,7839076
0.011013269424438477,7839076
0.012048721313476562,7839076
0.013208389282226562,7839076
0.014345645904541016,7839076
0.01506662368774414,7839076
0.01632857322692871,7839076
0.017113685607910156,7839076
0.01829981803894043,7808970
0.01936030387878418,7808970
0.02061605453491211,7801138
0.021170854568481445,7801138
0.022159099578857422,7801138
0.023412466049194336,7801138
0.02403879165649414,7793552
0.02528858184814453,7730822
0.026551008224487305,7730822
0.027176856994628906,7730822
0.028434038162231445,7688084
0.029059410095214844,7688084
0.03030991554260254,7688084
0.03156590461730957,7688084
0.03219127655029297,7688084
0.03344464302062988,7688084
0.03407001495361328,7688084
0.0353240966796875,7640484
0.036589622497558594,7623012
0.03722214698791504,7623012
0.038495540618896484,7603028
0.03912854194641113,7603028
0.040396690368652344,7603028
0.04103446006774902,7603028
0.0422978401184082,7603028
0.0435633659362793,7603028
0.04419517517089844,7603028
0.045479536056518555,7603028
0.04611086845397949,7603028
0.04737496376037598,7603028
0.04801034927368164,7603028
0.04927396774291992,7603028
0.05053973197937012,7603028
0.05116677284240723,7592432
0.05243229866027832,7592432
0.05306553840637207,7592432
0.053708791732788086,7580278
