Time,Objective value
0.00013375282287597656,8589800
0.0010161399841308594,8332712
0.002028942108154297,8209346
0.003079652786254883,8209346
0.004149675369262695,8129630
0.005036115646362305,8129630
0.006128787994384766,8088040
0.007039785385131836,8017770
0.008244752883911133,7917992
0.00914311408996582,7917992
0.010007143020629883,7917992
0.011069536209106445,7917992
0.012362003326416016,7860236
0.013152122497558594,7860236
0.014086008071899414,7860236
0.015531778335571289,7825626
0.016302824020385742,7825626
0.017076492309570312,7825626
0.018152475357055664,7825626
0.0192415714263916,7825626
0.020383358001708984,7778820
0.021480321884155273,7778820
0.0221099853515625,7778820
0.023364543914794922,7726002
0.02462172508239746,7694682
0.02524709701538086,7694682
0.026500940322875977,7694682
0.02713775634765625,7670062
0.02839207649230957,7661110
0.02902078628540039,7661110
0.030274629592895508,7661110
0.031529903411865234,7661110
0.03215670585632324,7661110
0.03340864181518555,7661110
0.03403735160827637,7661110
0.03529167175292969,7661110
0.03655409812927246,7661110
0.03718233108520508,7661110
0.03844118118286133,7661110
0.03908061981201172,7661110
0.040357112884521484,7635792
0.04163837432861328,7635792
0.04227638244628906,7635792
0.04355311393737793,7618766
0.04418587684631348,7618766
0.045453548431396484,7618766
0.04609274864196777,7618766
0.04736948013305664,7605748
0.048004865646362305,7605748
0.04928278923034668,7601946
0.05055499076843262,7565342
0.05118608474731445,7565342
0.05245351791381836,7565342
0.05309033393859863,7565342
0.05373334884643555,7565342
