Time,Objective value
0.0001575946807861328,8622172
0.0010335445404052734,8306422
0.002034425735473633,8248778
0.0030753612518310547,8174204
0.0040798187255859375,8048936
0.005182981491088867,8031458
0.006132602691650391,8031458
0.007164955139160156,8005266
0.008134603500366211,8005266
0.009233951568603516,7943590
0.010149955749511719,7867680
0.011057615280151367,7867680
0.012134790420532227,7867680
0.013115167617797852,7867680
0.014197349548339844,7867680
0.015323638916015625,7867680
0.0162200927734375,7850282
0.01715254783630371,7850282
0.018323898315429688,7848458
0.019290924072265625,7838100
0.020429372787475586,7793976
0.021414756774902344,7793976
0.022612571716308594,7754668
0.02324366569519043,7754668
0.024527311325073242,7754668
0.025169849395751953,7754668
0.026445627212524414,7704498
0.027086496353149414,7704498
0.028179168701171875,7704498
0.02945876121520996,7704498
0.030099868774414062,7704498
0.031374454498291016,7704498
0.03201580047607422,7704498
0.03329133987426758,7701828
0.03456759452819824,7685880
0.035208940505981445,7685880
0.03648495674133301,7685880
0.03712725639343262,7661282
0.03840279579162598,7652366
0.03905010223388672,7592500
0.04030632972717285,7592500
0.041562557220458984,7592500
0.04220890998840332,7592500
0.043473005294799805,7592500
0.04410743713378906,7592500
0.04539132118225098,7592500
0.04603123664855957,7592500
0.04729866981506348,7592500
0.048563241958618164,7592500
0.049213409423828125,7592500
0.050476789474487305,7592500
0.05111265182495117,7592500
0.05239605903625488,7592500
0.05303215980529785,7592500
0.05432701110839844,7592500
0.054335594177246094,7592500
