Time,Objective value
0.0001552104949951172,8481116
0.0010273456573486328,8278812
0.0020809173583984375,8193098
0.0030918121337890625,8175224
0.0040476322174072266,8120908
0.005114316940307617,8016636
0.006113767623901367,8016636
0.007193326950073242,7908858
0.008040904998779297,7908858
0.009117841720581055,7908858
0.01026463508605957,7908858
0.011228561401367188,7907436
0.012358903884887695,7897466
0.01306605339050293,7897466
0.014182567596435547,7868918
0.015208721160888672,7837520
0.01602482795715332,7837520
0.0174100399017334,7837520
0.018225908279418945,7837520
0.019475221633911133,7837520
0.02010512351989746,7805848
0.021400928497314453,7805848
0.02230525016784668,7805848
0.023529767990112305,7783550
0.024159908294677734,7763264
0.02541351318359375,7749290
0.02608180046081543,7721552
0.02733778953552246,7721552
0.028587818145751953,7721552
0.02921748161315918,7721552
0.030471086502075195,7686924
0.031101226806640625,7686924
0.0323643684387207,7686924
0.03361940383911133,7686924
0.03424954414367676,7686924
0.035521507263183594,7686924
0.03616905212402344,7686924
0.03742814064025879,7686924
0.03806018829345703,7686924
0.03932046890258789,7677752
0.04058122634887695,7677752
0.0412135124206543,7677752
0.04248666763305664,7677752
0.043123483657836914,7677752
0.04438424110412598,7604616
0.045037031173706055,7604616
0.04633045196533203,7604616
0.047609806060791016,7604616
0.0482480525970459,7604616
0.0495147705078125,7604616
0.05015397071838379,7604616
0.05141901969909668,7604616
0.052054405212402344,7604616
0.053327083587646484,7604616
0.053985595703125,7604616
