Time,Objective value
2.843700408935547,44917668
2.8437082767486572,44917668
4.383369445800781,44917668
5.547216892242432,44917668
7.312612056732178,44917668
9.504232168197632,44917668
11.346728324890137,44917668
13.535679578781128,44917668
16.3517427444458,44917668
17.530740976333618,44917668
19.280630350112915,44917668
21.27950143814087,44917668
22.80472731590271,44897470
24.206432342529297,44897470
25.74404740333557,44897470
26.95704936981201,44897470
148.73507571220398,44859618
256.5804018974304,44859494
343.4181020259857,44859494
453.5101749897003,44859494
575.5911476612091,44859494
673.9847273826599,44859494
673.9847495555878,44859494
