Time,Objective value
1.53725004196167,44935928
1.5372576713562012,44935928
3.930850028991699,44916660
6.12462306022644,44916660
8.316375255584717,44916660
10.501326322555542,44916660
13.357970237731934,44916660
15.279345035552979,44916660
16.457539081573486,44916660
18.005645751953125,44881588
20.093546152114868,44881588
22.60079264640808,44881588
24.1455340385437,44881588
25.724758863449097,44881588
27.073936223983765,44881588
28.62318515777588,44881588
162.75216460227966,44881588
291.8036606311798,44870346
391.67794466018677,44867642
506.436710357666,44867642
595.9915051460266,44867554
693.7666385173798,44867554
693.7666499614716,44867554
