Time,Objective value
0.2894265651702881,94730
0.291184663772583,94730
0.43785595893859863,92010
0.5866379737854004,92010
0.7329070568084717,92010
0.8856062889099121,92010
1.057426929473877,91580
1.326369047164917,91580
1.4857726097106934,91580
1.6359775066375732,91580
1.8137102127075195,91580
2.0729928016662598,91580
2.341356039047241,91580
2.6071689128875732,91490
2.838757038116455,91490
3.080097198486328,91490
3.333949089050293,91490
3.57672381401062,91490
3.8171303272247314,91490
4.045724391937256,91490
4.297600984573364,91490
4.531991481781006,91490
4.75770378112793,91490
4.983289957046509,91490
5.210453510284424,91490
5.450017929077148,91490
5.693862676620483,91490
5.852428436279297,91490
5.975581407546997,91490
6.111440181732178,91490
6.235329627990723,91490
6.368875741958618,91490
6.501636743545532,91490
6.624753713607788,91490
6.754863262176514,91490
6.885070562362671,91490
7.012097120285034,91490
7.136059284210205,91490
7.259277105331421,91490
7.389104604721069,91490
7.5186426639556885,91490
7.64321494102478,91490
7.7671685218811035,91490
7.893229007720947,91490
8.017312288284302,91490
8.149003982543945,91490
8.27768874168396,91490
8.401145696640015,91490
8.527304887771606,91490
8.655137538909912,91490
8.77877163887024,91490
8.902252674102783,91490
9.085786581039429,91490
9.088637351989746,91490
