Time,Objective value
0.2838778495788574,96390
0.2856178283691406,96390
0.43112874031066895,92310
0.572960615158081,91880
0.7239537239074707,91880
0.8639090061187744,91880
1.0162525177001953,91880
1.1732110977172852,91880
1.3426704406738281,91880
1.4989597797393799,91650
1.6367521286010742,91650
1.7870311737060547,91650
1.926478385925293,91580
2.071889877319336,91580
2.2147622108459473,91580
2.367415428161621,91580
2.5078768730163574,91580
2.6433732509613037,91580
2.7828712463378906,91580
2.9240880012512207,91580
3.0631227493286133,91580
3.1982922554016113,91580
3.3312010765075684,91580
3.4627511501312256,91580
3.589769124984741,91580
3.720120668411255,91580
3.846038579940796,91490
3.9765279293060303,91490
4.103206157684326,91490
4.229248046875,91490
4.364743232727051,91490
4.516015291213989,91490
4.660469055175781,91490
4.8097944259643555,91490
4.945760726928711,91490
5.082387208938599,91420
5.223968267440796,91420
5.3597869873046875,91420
5.4928505420684814,91420
5.637084722518921,91420
5.779594659805298,91420
5.92724609375,91420
6.0630152225494385,91420
6.194500684738159,91420
6.3268561363220215,91420
6.466087818145752,91420
6.603639364242554,91420
6.735660076141357,91420
6.874731540679932,91420
7.007450580596924,91420
7.1267006397247314,91420
7.253997087478638,91420
7.380421161651611,91420
7.507038116455078,91420
7.632366418838501,91420
7.756680965423584,91420
7.886770486831665,91420
8.01645541191101,91420
8.142879009246826,91420
8.260382175445557,91420
8.388852834701538,91420
8.516806840896606,91420
8.646017074584961,91420
8.785003900527954,91420
8.914973020553589,91420
9.036076068878174,91420
9.037864685058594,91420
