Time,Objective value
0.5270059108734131,96900
0.5300517082214355,96900
0.7977347373962402,92890
1.0155601501464844,92590
1.2870392799377441,92310
1.5615434646606445,91810
1.772310495376587,91810
1.9339711666107178,91810
2.0879290103912354,91810
2.224210023880005,91810
2.3555445671081543,91810
2.5040502548217773,91810
2.662832736968994,91810
2.8123607635498047,91590
2.9604265689849854,91590
3.1090033054351807,91590
3.2435574531555176,91490
3.3966455459594727,91490
3.5367867946624756,91490
3.6736016273498535,91490
3.8166372776031494,91490
3.9499692916870117,91490
4.091381549835205,91490
4.229513645172119,91490
4.360621690750122,91490
4.497542142868042,91490
4.629531383514404,91490
4.760629653930664,91490
4.890057325363159,91490
5.020283222198486,91490
5.154703378677368,91490
5.301869630813599,91490
5.425652265548706,91490
5.559698104858398,91490
5.6865234375,91490
5.817396640777588,91490
5.94094705581665,91490
6.060685396194458,91490
6.1838059425354,91490
6.3038225173950195,91490
6.4319236278533936,91490
6.557806730270386,91490
6.6830034255981445,91490
6.8055596351623535,91490
6.929288625717163,91490
7.051649570465088,91490
7.18082594871521,91490
7.302837133407593,91490
7.417875051498413,91490
7.540910482406616,91490
7.672052621841431,91490
7.802720069885254,91490
7.921473741531372,91490
8.052035093307495,91490
8.175919532775879,91490
8.295280933380127,91490
8.417867660522461,91490
8.535584688186646,91490
8.657783031463623,91490
8.780730247497559,91490
8.895235300064087,91490
9.027252674102783,91490
9.029067993164062,91490
