Time,Objective value
0.29114603996276855,94980
0.2929267883300781,94980
0.43891382217407227,91830
0.5894615650177002,91830
0.7451925277709961,91830
0.8865680694580078,91830
1.047595739364624,91830
1.1870880126953125,91830
1.3362312316894531,91620
1.4820067882537842,91620
1.6206839084625244,91620
1.7611908912658691,91620
1.9002430438995361,91620
2.0464282035827637,91620
2.176792860031128,91620
2.3138842582702637,91620
2.441500425338745,91620
2.577477216720581,91620
2.7178738117218018,91620
2.853376865386963,91620
2.984409809112549,91620
3.1101696491241455,91620
3.236677885055542,91620
3.365004539489746,91620
3.4864089488983154,91620
3.607013702392578,91620
3.7266483306884766,91620
3.853762626647949,91620
3.9821197986602783,91620
4.1069865226745605,91620
4.226798057556152,91620
4.347320556640625,91620
4.475112438201904,91620
4.606875658035278,91620
4.8127546310424805,91620
5.0228424072265625,91620
5.1476545333862305,91620
5.267014503479004,91620
5.38727879524231,91620
5.5089430809021,91620
5.623669624328613,91620
5.751109838485718,91620
5.8770105838775635,91620
6.0052831172943115,91620
6.131248474121094,91620
6.251862525939941,91620
6.373963832855225,91520
6.504833698272705,91520
6.628469705581665,91520
6.755347490310669,91520
6.881445646286011,91520
7.018273591995239,91520
7.136234521865845,91520
7.269452810287476,91520
7.404726505279541,91520
7.544738054275513,91520
7.673927307128906,91520
7.803056001663208,91520
7.935047388076782,91520
8.06201696395874,91520
8.186537504196167,91520
8.310161352157593,91520
8.433577537536621,91520
8.563299179077148,91420
8.737044334411621,91420
8.975448369979858,91420
9.205936431884766,91420
9.208543062210083,91420
