Time,Objective value
0.28185391426086426,96120
0.28367066383361816,96120
0.4324476718902588,91900
0.5812561511993408,91900
0.7216536998748779,91830
0.8656923770904541,91580
1.0212628841400146,91580
1.1716253757476807,91580
1.327578067779541,91580
1.5994184017181396,91580
1.8705873489379883,91580
2.146334171295166,91580
2.427683115005493,91580
2.691283702850342,91580
2.951359748840332,91580
3.208218574523926,91580
3.4895241260528564,91580
3.7601699829101562,91580
4.038264036178589,91580
4.310761451721191,91580
4.56970739364624,91580
4.837407350540161,91580
5.110384941101074,91580
5.360684871673584,91580
5.510058641433716,91580
5.656528472900391,91580
5.790673732757568,91580
5.926691293716431,91580
6.060218095779419,91580
6.19542932510376,91580
6.339924573898315,91580
6.485515356063843,91580
6.634185552597046,91580
6.770282745361328,91580
6.918371677398682,91580
7.063180685043335,91580
7.206566095352173,91580
7.346642255783081,91580
7.492471218109131,91580
7.624835968017578,91580
7.7712178230285645,91580
7.908392667770386,91580
8.052780628204346,91580
8.199978828430176,91580
8.335119009017944,91580
8.46772813796997,91580
8.593247890472412,91580
8.729722023010254,91580
8.862878799438477,91580
8.989303350448608,91580
9.132715463638306,91580
9.134581089019775,91580
