Time,Objective value
0.287508487701416,98030
0.2893543243408203,98030
0.4421505928039551,91830
0.5998413562774658,91830
0.745516300201416,91830
0.8958702087402344,91830
1.0412721633911133,91830
1.190324306488037,91830
1.3339858055114746,91830
1.4729883670806885,91830
1.614180564880371,91830
1.7615413665771484,91830
1.895179033279419,91830
2.0363423824310303,91830
2.1694610118865967,91830
2.309471607208252,91830
2.4410817623138428,91830
2.5704262256622314,91580
2.697753429412842,91580
2.8246941566467285,91580
2.9469194412231445,91580
3.0669400691986084,91580
3.185767412185669,91580
3.308743476867676,91580
3.4258058071136475,91580
3.543560743331909,91580
3.6584200859069824,91580
3.7735002040863037,91580
3.8932080268859863,91580
4.0147929191589355,91580
4.135299921035767,91580
4.255208730697632,91580
4.384044647216797,91580
4.506129026412964,91580
4.632961988449097,91580
4.75710916519165,91580
4.879729509353638,91580
5.00346040725708,91580
5.12560510635376,91580
5.246762037277222,91580
5.375512599945068,91580
5.498697996139526,91580
5.623182535171509,91580
5.742674112319946,91580
5.8711631298065186,91580
5.996292591094971,91580
6.125317811965942,91580
6.253284692764282,91580
6.38070011138916,91580
6.507482290267944,91580
6.629957437515259,91580
6.752960205078125,91580
6.875173091888428,91580
6.999747037887573,91580
7.120071887969971,91580
7.2449846267700195,91580
7.366684675216675,91580
7.4857213497161865,91580
7.605452537536621,91580
7.731889724731445,91580
7.852162599563599,91580
7.969285249710083,91580
8.087142944335938,91580
8.215785026550293,91580
8.339158296585083,91580
8.456705093383789,91580
8.583224058151245,91580
8.704514980316162,91580
8.826560735702515,91580
8.951288938522339,91580
9.0786452293396,91580
9.080479145050049,91580
