Time,Objective value
0.015038013458251953,7904448
0.015044450759887695,7904448
0.03152322769165039,7827474
0.047177791595458984,7827474
0.06379985809326172,7771232
0.07896542549133301,7771232
0.09381413459777832,7771232
0.1093144416809082,7771232
0.12505650520324707,7771232
0.14116978645324707,7771232
0.1558704376220703,7771232
0.17122220993041992,7771232
0.18560099601745605,7771232
0.20081329345703125,7771232
0.21603608131408691,7771232
0.23140478134155273,7771232
0.24752426147460938,7771232
0.2634456157684326,7751122
0.27988505363464355,7751122
0.29553961753845215,7751122
0.31108856201171875,7751122
0.3269681930541992,7751122
0.34279847145080566,7751122
0.358997106552124,7751122
0.37515950202941895,7751122
0.39122748374938965,7751122
0.3912341594696045,7751122
