Time,Objective value
0.10693216323852539,7512204
0.10694098472595215,7512204
0.21252989768981934,7512204
0.31932687759399414,7512204
0.42540478706359863,7512204
0.532395601272583,7512204
0.6387782096862793,7512204
0.7455275058746338,7512204
0.8521692752838135,7512204
0.9581305980682373,7512204
1.0640819072723389,7512204
1.1702091693878174,7512204
1.2765936851501465,7512204
1.3634545803070068,7512204
1.4174072742462158,7474104
1.4747674465179443,7474104
1.5283372402191162,7474104
1.580714464187622,7474104
1.634019374847412,7469236
1.6864955425262451,7469236
1.739898681640625,7469236
1.7929644584655762,7469236
1.8452160358428955,7469236
1.897855520248413,7469236
1.9512102603912354,7469236
2.004077196121216,7459262
2.0040836334228516,7459262
