Time,Objective value
0.028263568878173828,7819142
0.028272628784179688,7819142
0.05955004692077637,7819142
0.09231066703796387,7763276
0.12424015998840332,7763276
0.1551206111907959,7763276
0.1877129077911377,7708558
0.2192699909210205,7708558
0.2520289421081543,7708558
0.2832469940185547,7708558
0.3145415782928467,7708558
0.34563589096069336,7708558
0.37780189514160156,7708558
0.4092252254486084,7708558
0.4410078525543213,7708558
0.4716007709503174,7708558
0.5006060600280762,7707044
0.5287096500396729,7707044
0.5475466251373291,7707044
0.5630302429199219,7707044
0.5794897079467773,7707044
0.5940873622894287,7707044
0.6094679832458496,7707044
0.6266441345214844,7707044
0.6425113677978516,7707044
0.6585428714752197,7707044
0.6585538387298584,7707044
