Time,Objective value
0.02843451499938965,7839936
0.028443574905395508,7839936
0.06038331985473633,7787846
0.09050607681274414,7787846
0.12085747718811035,7787846
0.1532573699951172,7787846
0.18677639961242676,7781660
0.21816515922546387,7780638
0.2506895065307617,7780638
0.28156089782714844,7780638
0.3124842643737793,7780638
0.3426632881164551,7780638
0.3737161159515381,7780638
0.40587353706359863,7780638
0.43808436393737793,7780638
0.47163844108581543,7760338
0.5038704872131348,7760338
0.536388635635376,7760338
0.5686264038085938,7760338
0.5987048149108887,7760338
0.6301186084747314,7760338
0.6598694324493408,7760338
0.6912319660186768,7760338
0.7240095138549805,7731562
0.7532622814178467,7731562
0.7819364070892334,7731562
0.7819523811340332,7731562
