Time,Objective value
0.05455589294433594,719226976
0.05456423759460449,719226976
0.11044883728027344,719226976
0.16565299034118652,642248424
0.22041845321655273,642248424
0.2755606174468994,642248424
0.33076906204223633,642248424
0.38608288764953613,642248424
0.4408688545227051,640965142
0.49668240547180176,640965142
0.5519618988037109,640965142
0.6074914932250977,640965142
0.662494421005249,640965142
0.7175617218017578,640965142
0.7725212574005127,640965142
0.8284931182861328,640965142
0.8851709365844727,640965142
0.9404191970825195,639503226
0.9934329986572266,639503226
1.0462241172790527,639503226
1.0987217426300049,639503226
1.1512947082519531,639503226
1.204319715499878,639503226
1.2570879459381104,639503226
1.310274362564087,639503226
1.3629462718963623,639503226
1.3629562854766846,639503226
