Time,Objective value
0.030983448028564453,842045734
0.03098893165588379,842045734
0.061898231506347656,690048200
0.09290766716003418,690048200
0.12388873100280762,690048200
0.1547527313232422,690048200
0.18571877479553223,690048200
0.21666717529296875,684429767
0.24744176864624023,684429767
0.278444766998291,662279579
0.30938267707824707,649185078
0.3403613567352295,649185078
0.3711667060852051,648107709
0.402040958404541,648107709
0.4329400062561035,648107709
0.46378397941589355,648107709
0.49477171897888184,648107709
0.5257630348205566,648107709
0.5566732883453369,648107709
0.5880334377288818,648107709
0.6190207004547119,648107709
0.6498665809631348,648107709
0.6807193756103516,648107709
0.7116882801055908,648107709
0.7428712844848633,648107709
0.7739877700805664,648107709
0.7739977836608887,648107709
