Time,Objective value
0.454115629196167,8265794
0.45412254333496094,8265794
1.1249022483825684,8265794
1.5673635005950928,8265794
2.059614896774292,8265794
2.5052831172943115,8265794
3.007845640182495,8265794
3.5147621631622314,8265794
3.961737871170044,8265794
4.401900291442871,8265794
5.3496994972229,8265794
6.5014917850494385,8265794
7.659250974655151,8265794
8.743376016616821,8265794
9.182844877243042,8212800
9.679000854492188,8212800
78.74081492424011,8193332
146.49221014976501,8174836
226.89958119392395,8164646
226.89959716796875,8164646
