Time,Objective value
0.07547879219055176,491294042
0.07548761367797852,491294042
0.15063953399658203,482825024
0.22590303421020508,482825024
0.3010833263397217,482825024
0.3762819766998291,481950822
0.4515960216522217,481950822
0.5266830921173096,481950822
0.6019613742828369,481950822
0.6771595478057861,481950822
0.7523703575134277,481950822
0.8275601863861084,481950822
0.9027726650238037,477223391
0.9790821075439453,477223391
1.0536961555480957,477223391
1.1271100044250488,477223391
1.1991486549377441,477223391
1.2712740898132324,477223391
1.3436706066131592,477223391
1.4159748554229736,477223391
1.4879999160766602,477223391
1.5599994659423828,477223391
1.631941556930542,477223391
1.7039868831634521,477223391
1.775831937789917,477223391
1.8472058773040771,477223391
1.8472168445587158,477223391
