Time,Objective value
0.07109713554382324,520895831
0.07110834121704102,520895831
0.1463475227355957,494153339
0.2178642749786377,484083134
0.2546207904815674,484083134
0.2913546562194824,484083134
0.328035831451416,484083134
0.3647480010986328,484083134
0.4014441967010498,484083134
0.43816256523132324,484083134
0.4748573303222656,484083134
0.5116002559661865,484083134
0.5482988357543945,484083134
0.5850028991699219,484083134
0.621699333190918,484083134
0.6584630012512207,484083134
0.6951918601989746,484083134
0.731966495513916,484083134
0.7686691284179688,484083134
0.8053693771362305,482964675
0.842104434967041,482964675
0.8788406848907471,482964675
0.927405595779419,482964675
1.002485752105713,482964675
1.0776784420013428,482964675
1.15281081199646,472916455
1.1528222560882568,472916455
