Time,Objective value
0.03706073760986328,509246041
0.03706645965576172,509246041
0.07377409934997559,494836004
0.11050748825073242,494836004
0.14723944664001465,490954528
0.18394136428833008,490954528
0.22060370445251465,490954528
0.25732946395874023,490954528
0.29412269592285156,490954528
0.3308284282684326,490954528
0.3675265312194824,481312098
0.4042654037475586,481312098
0.440990686416626,481312098
0.4777193069458008,481312098
0.5144450664520264,481312098
0.551171064376831,481312098
0.5878684520721436,481312098
0.6247804164886475,481312098
0.6619112491607666,481312098
0.6989481449127197,481312098
0.7358899116516113,481312098
0.77272629737854,481312098
0.8094642162322998,479969675
0.8461642265319824,479969675
0.8829042911529541,479969675
0.9196372032165527,479969675
0.9196441173553467,479969675
