Time,Objective value
0.03782939910888672,506527908
0.03783559799194336,506527908
0.07453179359436035,501287626
0.11137080192565918,491273005
0.1480247974395752,491273005
0.18466639518737793,491273005
0.22130155563354492,490610753
0.25814199447631836,490610753
0.29499053955078125,481865578
0.3316352367401123,480515980
0.3684663772583008,480515980
0.4053151607513428,480515980
0.44216299057006836,480515980
0.4790329933166504,480515980
0.5158853530883789,480515980
0.5527400970458984,480515980
0.5895931720733643,480515980
0.6264114379882812,480515980
0.6632590293884277,480515980
0.7000949382781982,480515980
0.736907958984375,474280286
0.7735555171966553,474280286
0.8101925849914551,474280286
0.8468236923217773,474280286
0.8834633827209473,474280286
0.9201128482818604,474280286
0.9201200008392334,474280286
