Time,Objective value
0.040227413177490234,509246041
0.040235042572021484,509246041
0.0771021842956543,494836004
0.1138160228729248,494836004
0.1505117416381836,490954528
0.18720126152038574,490954528
0.2238922119140625,490954528
0.2605874538421631,490954528
0.2972884178161621,490954528
0.33397936820983887,490954528
0.3706812858581543,481312098
0.4073615074157715,481312098
0.4440758228302002,481312098
0.4808030128479004,481312098
0.5175316333770752,481312098
0.554215669631958,481312098
0.5909106731414795,481312098
0.6275875568389893,481312098
0.6642715930938721,481312098
0.7009329795837402,481312098
0.7376198768615723,481312098
0.7743179798126221,481312098
0.8109838962554932,479969675
0.8476622104644775,479969675
0.8843734264373779,479969675
0.9210395812988281,479969675
0.9210460186004639,479969675
