Time,Objective value
0.03729557991027832,467306073
0.03730130195617676,467306073
0.07425236701965332,467306073
0.1112220287322998,467306073
0.14829277992248535,467306073
0.18526220321655273,467306073
0.22222113609313965,467306073
0.2591369152069092,467306073
0.2961397171020508,467306073
0.3330686092376709,467306073
0.3699681758880615,467306073
0.40702199935913086,467306073
0.44394874572753906,467306073
0.48090481758117676,467306073
0.5178465843200684,467306073
0.5548489093780518,467306073
0.5917572975158691,467306073
0.6286971569061279,467306073
0.6658153533935547,467306073
0.7027683258056641,467306073
0.7397274971008301,467306073
0.7766513824462891,467306073
0.8136317729949951,467306073
0.8505480289459229,467306073
0.8875021934509277,467306073
0.9248752593994141,467306073
0.9248886108398438,467306073
