Time,Objective value
0.07555508613586426,530118263
0.07556462287902832,530118263
0.15070700645446777,481047200
0.22600817680358887,481047200
0.30126214027404785,481047200
0.3767540454864502,481047200
0.45197629928588867,480445226
0.5273511409759521,480445226
0.6025819778442383,480445226
0.6777610778808594,480445226
0.7528822422027588,480445226
0.8280863761901855,480445226
0.9035155773162842,480445226
0.9801297187805176,480445226
1.0211668014526367,480445226
1.0581860542297363,480445226
1.0949339866638184,480445226
1.1316049098968506,480445226
1.1683058738708496,480445226
1.2049787044525146,480445226
1.241652011871338,480445226
1.2784779071807861,480445226
1.3151357173919678,480445226
1.3518152236938477,480445226
1.388498067855835,480445226
1.4251587390899658,480445226
1.4251651763916016,480445226
