Time,Objective value
0.18206334114074707,156504
0.18207621574401855,156504
0.18208956718444824,156504
