Time,Objective value
0.16925621032714844,157040
0.16926789283752441,157040
0.1692798137664795,157040
