Time,Objective value
0.10173511505126953,155814
0.10174369812011719,155814
0.10175132751464844,155814
