Time,Objective value
0.1181178092956543,157046
0.11812686920166016,157046
0.1181342601776123,157046
