Time,Objective value
0.08573484420776367,157398
0.08574080467224121,157398
0.08574748039245605,157398
