Time,Objective value
14.661324739456177,44926614
14.661393404006958,44926614
23.302045822143555,44898900
33.31253433227539,44898900
40.792622804641724,44898900
47.77496886253357,44898900
54.44706869125366,44893846
60.38862442970276,44893846
67.47972059249878,44893846
73.70223236083984,44893846
81.43952536582947,44893846
92.37986874580383,44893846
103.77270436286926,44893846
112.43959498405457,44893846
118.76240015029907,44893846
126.59894680976868,44893846
132.8841676712036,44881104
139.1747121810913,44881104
145.09341716766357,44881104
154.20787501335144,44881104
160.69071626663208,44881104
168.3781759738922,44881104
174.86784052848816,44881104
183.80672812461853,44881104
192.72472190856934,44880600
200.41643714904785,44880600
207.9920618534088,44880600
216.78329801559448,44880600
226.30658268928528,44880600
235.6201469898224,44880600
243.66062593460083,44880600
250.24810671806335,44880600
258.676931142807,44880600
270.03817677497864,44880600
277.7198202610016,44880600
285.61748027801514,44880600
291.57665491104126,44880600
297.5332908630371,44880600
303.4871542453766,44880600
309.44692039489746,44880600
315.4023051261902,44880600
321.36450600624084,44880600
327.3180592060089,44880600
333.2774066925049,44880600
339.2332944869995,44880600
346.76242327690125,44880600
352.72397232055664,44880600
358.68484377861023,44880600
366.181432723999,44880600
372.7795605659485,44880600
382.51665782928467,44880600
389.29965448379517,44880600
396.4467763900757,44880600
402.7781858444214,44876878
408.73592805862427,44876878
415.76822686195374,44872692
424.1567678451538,44872692
432.64333939552307,44872692
445.4763391017914,44872692
454.764200925827,44872692
462.4432945251465,44872692
470.11494183540344,44872692
477.65765833854675,44872692
486.0812385082245,44872692
491.7280066013336,44872692
497.30033898353577,44872692
502.9102761745453,44872692
508.4839210510254,44872692
514.060872554779,44872692
519.6367201805115,44872692
525.2077171802521,44872692
530.8137426376343,44872692
539.3447000980377,44872692
546.337815284729,44872692
552.1959362030029,44872692
559.8538069725037,44872692
566.0596203804016,44872692
574.0561408996582,44872692
583.5208384990692,44872692
594.017569065094,44872692
602.6420974731445,44872692
613.6992135047913,44872692
624.7417154312134,44872692
635.799311876297,44872692
646.8423557281494,44872692
657.9098224639893,44872692
657.9099042415619,44872692
