Time,Objective value
6.706299066543579,15215581
6.706967115402222,15215581
8.919553995132446,15108066
11.190869569778442,15079056
16.122809171676636,15074427
19.52215814590454,15038741
21.523030996322632,15037260
23.93008327484131,15023405
28.175771713256836,14982292
30.40122938156128,12490441
32.73759317398071,12490441
36.16030836105347,12490441
39.72364401817322,12490441
42.995726346969604,12490441
48.38059878349304,12490441
52.50605535507202,12490441
55.450549840927124,12490441
58.95527672767639,12490441
61.670955419540405,12490441
64.38531374931335,12490441
66.9175660610199,12490441
69.26470756530762,12490441
72.04339504241943,12490441
74.34759879112244,12490441
77.52987432479858,12490441
80.39025568962097,12490441
82.93594098091125,12490441
82.93660712242126,12490441
