Time,Objective value
6.790938138961792,15170147
6.791600227355957,15170147
9.110650539398193,15101308
11.231674909591675,15099816
14.24735426902771,15099816
17.96373152732849,12490441
20.304640293121338,12490441
24.96433138847351,12490441
27.177492141723633,12490441
30.038180351257324,12490441
32.2872314453125,12490441
35.194039821624756,12490441
37.69953775405884,12490441
40.1726770401001,12490441
42.41480016708374,12490441
44.75359129905701,12490441
47.26473546028137,12490441
50.43461608886719,12490441
53.081963539123535,12490441
55.08936357498169,12490441
58.53224205970764,12490441
61.30117464065552,12490441
64.31169962882996,12490441
68.36421346664429,12490441
72.73925304412842,12490441
77.266672372818,12490441
80.46488761901855,12490441
83.77162384986877,12490441
83.7723023891449,12490441
