Time,Objective value
0.004422426223754883,97330
0.0044324398040771484,97330
0.004443168640136719,97330
