Time,Objective value
0.002884387969970703,96340
0.0028939247131347656,96340
0.002901792526245117,96340
