Time,Objective value
0.0031480789184570312,99110
0.003156423568725586,99110
0.003164529800415039,99110
