Time,Objective value
6.836439371109009,155386
6.836806297302246,155386
9.716658353805542,153498
11.23428750038147,153498
13.19254755973816,153464
16.34010601043701,153300
18.925579071044922,153188
21.730737686157227,153188
24.181748628616333,152974
25.898804426193237,152974
27.473182916641235,152920
29.27659797668457,152722
30.604233264923096,152722
31.99023175239563,152640
33.51116895675659,152640
35.69733452796936,152628
39.5220844745636,152518
42.68140912055969,152516
46.16196870803833,152516
49.08418107032776,152516
50.616095542907715,152506
51.96843075752258,152506
54.23268222808838,152494
58.17848229408264,152494
61.415793657302856,152354
65.37243866920471,152354
68.83931064605713,152354
72.3971529006958,152354
75.44853591918945,152354
78.40247869491577,152332
81.4556839466095,152332
84.61133694648743,152326
87.85070753097534,152322
91.16898894309998,152322
94.94951105117798,152310
98.40407013893127,152310
102.06084489822388,152310
102.06119537353516,152310
