Time,Objective value
3.3532497882843018,154552
3.3534722328186035,154552
5.2137980461120605,153284
6.798142671585083,153176
8.527178287506104,153076
10.24936294555664,152956
11.901274919509888,152914
13.805892944335938,152786
15.57105016708374,152764
17.1885404586792,152690
18.70891809463501,152690
20.144776105880737,152684
21.941082000732422,152684
23.57802653312683,152672
25.074071645736694,152672
26.641867876052856,152656
28.0667986869812,152656
29.73145294189453,152632
31.493453979492188,152618
33.39206600189209,152618
34.79768705368042,152616
36.3556022644043,152606
37.94511651992798,152578
39.51431131362915,152578
40.95752215385437,152578
42.6570041179657,152568
44.12450623512268,152568
45.86357355117798,152568
48.49656558036804,152568
51.17998766899109,152512
54.22250461578369,152512
57.55657410621643,152512
60.863876819610596,152512
64.11713171005249,152512
67.7509913444519,152512
70.7723228931427,152512
74.01093006134033,152512
77.26024532318115,152512
80.12581086158752,152474
83.01836895942688,152464
86.11698842048645,152464
89.80546307563782,152464
92.8358428478241,152464
96.88022780418396,152464
100.39031863212585,152464
100.39065337181091,152464
