Time,Objective value
0.09074807167053223,489168025
0.09075689315795898,489168025
0.18123626708984375,485353536
0.27231335639953613,485353536
0.36294007301330566,485353536
0.4537973403930664,480353178
0.5442326068878174,477924247
0.6345794200897217,477924247
0.7246866226196289,477924247
0.8149361610412598,477924247
0.9059128761291504,476561671
0.9972245693206787,474161179
1.0909655094146729,474161179
1.18375825881958,468038687
1.2750866413116455,468038687
1.3640193939208984,468038687
1.4510533809661865,468038687
1.5379369258880615,468038687
1.624239206314087,468038687
1.7081193923950195,468038687
1.7865805625915527,468038687
1.8389232158660889,468038687
1.8845186233520508,468038687
1.9291346073150635,468038687
1.9737424850463867,468038687
2.018505334854126,468038687
2.018512010574341,468038687
