Time,Objective value
0.046529531478881836,482403415
0.04653596878051758,482403415
0.09337902069091797,473732618
0.14018940925598145,473732618
0.18706631660461426,473732618
0.2337636947631836,473732618
0.28058934211730957,473148461
0.3272268772125244,473148461
0.37404847145080566,473148461
0.42083311080932617,473148461
0.4674985408782959,473148461
0.5141668319702148,473148461
0.5607292652130127,473148461
0.607447624206543,473148461
0.6543292999267578,473148461
0.7011134624481201,473148461
0.7477679252624512,473148461
0.7946548461914062,462344185
0.8414256572723389,462344185
0.8881440162658691,462344185
0.9349508285522461,462344185
0.9814085960388184,462344185
1.0280475616455078,462344185
1.075066328048706,462344185
1.1218416690826416,462344185
1.1686248779296875,462344185
1.1686315536499023,462344185
