Time,Objective value
0.0588836669921875,49718
0.05889534950256348,49718
0.058907270431518555,49718
