Time,Objective value
0.020372390747070312,49604
0.020380020141601562,49604
0.02038717269897461,49604
