Time,Objective value
0.020198822021484375,49924
0.020206689834594727,49924
0.02021336555480957,49924
