Time,Objective value
0.021006107330322266,49226
0.021013259887695312,49226
0.021019935607910156,49226
