Time,Objective value
0.03103470802307129,49850
0.031041622161865234,49850
0.03104853630065918,49850
