Time,Objective value
0.020907878875732422,49618
0.020914554595947266,49618
0.020920991897583008,49618
