Time,Objective value
8.346855878829956,15244664
8.3494291305542,15244664
12.929320335388184,15091068
17.52960443496704,15067048
24.07851243019104,12490441
28.46737813949585,12490441
33.313079595565796,12490441
38.29297995567322,12490441
43.03349471092224,12490441
47.33811354637146,12490441
51.595600605010986,12490441
56.69837307929993,12490441
61.746938943862915,12490441
67.05422973632812,12490441
72.49496269226074,12490441
78.19379949569702,12490441
82.75862884521484,12490441
82.76111030578613,12490441
