Time,Objective value
8.321799278259277,15176061
8.324366092681885,15176061
15.072141170501709,15109664
19.827669620513916,15081702
25.873773336410522,15065157
33.22381138801575,15010155
38.54979085922241,15010155
45.72861623764038,15008215
51.80870175361633,15006846
56.60554242134094,12490441
61.515201568603516,12490441
67.69215965270996,12490441
72.91288924217224,12490441
79.49762058258057,12490441
85.322336435318,12490441
85.32469511032104,12490441
