Time,Objective value
8.578092098236084,15235786
8.580987930297852,15235786
13.142085552215576,12490441
19.04635977745056,12490441
27.24399447441101,12490441
32.45599341392517,12490441
36.96909856796265,12490441
41.57530331611633,12490441
46.22523236274719,12490441
50.82331848144531,12490441
55.18675780296326,12490441
59.63685131072998,12490441
64.5081353187561,12490441
70.12897658348083,12490441
74.74979710578918,12490441
79.34330749511719,12490441
84.34624195098877,12490441
84.34872388839722,12490441
