Time,Objective value
11.704476356506348,15165521
11.707033634185791,15165521
17.220008850097656,15095658
24.16593909263611,15093885
30.553160190582275,15082906
35.1185564994812,15066878
43.8769211769104,15032684
49.63761901855469,15032684
54.05663180351257,15032684
59.17941212654114,15032684
65.61396026611328,15030347
70.03368067741394,15022755
74.75976800918579,15021451
79.34763622283936,15021451
83.65711283683777,15014774
83.65951442718506,15014774
