Time,Objective value
12.481128215789795,15211110
12.485679149627686,15211110
21.599923610687256,12490441
31.61595869064331,12490441
41.486796855926514,12490441
51.50499391555786,12490441
61.38768672943115,12490441
70.75600409507751,12490441
78.21746730804443,12490441
83.8180890083313,12490441
83.82121658325195,12490441
