Time,Objective value
8.310949802398682,15215581
8.313504219055176,15215581
13.059679985046387,15037544
17.626006364822388,15037544
22.1740300655365,15035640
26.458831787109375,12490441
30.822845697402954,12490441
35.45751953125,12490441
40.15512537956238,12490441
45.31005549430847,12490441
51.46690273284912,12490441
56.180763721466064,12490441
62.41257119178772,12490441
71.11764669418335,12490441
78.20457768440247,12490441
83.47784161567688,12490441
83.48033237457275,12490441
