Time,Objective value
98.20918798446655,44931742
98.21036219596863,44931742
156.490473985672,44885746
220.80909705162048,44867782
275.0129373073578,44867782
326.3503432273865,44867782
387.3648257255554,44867782
449.01571559906006,44867782
506.7629060745239,44859884
564.1709606647491,44859884
615.938725233078,44859884
674.5240950584412,44859884
674.5252237319946,44859884
