Time,Objective value
101.52757811546326,44904708
101.52875876426697,44904708
166.65287137031555,44854976
224.17350220680237,44854976
278.42898988723755,44854806
334.04896903038025,44854806
399.9275107383728,44854806
455.66774344444275,44854806
514.1853682994843,44854222
573.1776893138885,44852306
628.0621783733368,44852306
683.3312368392944,44852306
683.3323731422424,44852306
