Time,Objective value
87.22262072563171,44913814
87.22379684448242,44913814
140.66043758392334,44884030
210.921368598938,44873362
261.33947563171387,44873362
308.3004925251007,44873362
371.7373011112213,44873362
426.757283449173,44873362
487.06520414352417,44873362
556.8111414909363,44848332
612.5117118358612,44848332
664.2914440631866,44848178
664.2925848960876,44848178
