Time,Objective value
0.025157690048217773,49986
0.02516484260559082,49986
0.025171756744384766,49986
