Time,Objective value
0.03276872634887695,49972
0.0327756404876709,49972
0.032782554626464844,49972
