Time,Objective value
0.02404475212097168,49532
0.02405381202697754,49532
0.02406167984008789,49532
