Time,Objective value
0.02833414077758789,49818
0.028340816497802734,49818
0.028347492218017578,49818
