Time,Objective value
0.036808013916015625,49440
0.03681588172912598,49440
0.03682279586791992,49440
