Time,Objective value
0.02228713035583496,50048
0.02230072021484375,50048
0.022312641143798828,50048
