Time,Objective value
0.020415782928466797,49638
0.02042245864868164,49638
0.020429134368896484,49638
