Time,Objective value
0.03334164619445801,49386
0.03335309028625488,49386
0.03336501121520996,49386
