Time,Objective value
0.1623523235321045,163198
0.16236305236816406,163198
0.32129883766174316,162836
0.3982880115509033,162432
0.47498655319213867,161732
0.551729679107666,161732
0.6285421848297119,161732
0.7054717540740967,161484
0.7821934223175049,161484
0.8590042591094971,160990
0.9357938766479492,160990
1.0126733779907227,160990
1.0895345211029053,160990
1.1663918495178223,160990
1.2432129383087158,160990
1.319934368133545,160990
1.3966245651245117,160990
1.4735512733459473,160990
1.5503761768341064,160990
1.627030372619629,160990
1.7037782669067383,160990
1.7805471420288086,160990
1.8573064804077148,160990
1.9344236850738525,160990
2.0123958587646484,160990
2.0894358158111572,160990
2.089442729949951,160990
