Time,Objective value
0.1651005744934082,162994
0.16511058807373047,162994
0.3310859203338623,161660
0.4958949089050293,161660
0.6607563495635986,161660
0.8258249759674072,161660
0.990492582321167,161660
1.1551620960235596,161660
1.321615219116211,161660
1.486659288406372,161660
1.6513631343841553,161660
1.8161380290985107,161660
1.9825730323791504,161660
2.1539857387542725,161660
2.311704397201538,161660
2.470093011856079,161660
2.6283276081085205,161660
2.786102056503296,161660
2.9444563388824463,161660
3.1087913513183594,161660
3.266524314880371,161660
3.4244768619537354,161616
3.582124710083008,161616
3.7396399974823,161616
3.8972909450531006,161616
4.056174039840698,161616
4.056185722351074,161616
