Time,Objective value
0.15358877182006836,162572
0.1535952091217041,162572
0.23074698448181152,162572
0.3077385425567627,161142
0.38478779792785645,161142
0.46180176734924316,160992
0.538738489151001,160992
0.6157641410827637,160992
0.6927411556243896,160992
0.7696855068206787,160992
0.8467521667480469,160992
0.9237747192382812,160992
1.00081205368042,160992
1.0778074264526367,160992
1.1547493934631348,160992
1.23183012008667,160992
1.30869460105896,160992
1.3857412338256836,160992
1.462707281112671,160772
1.5395700931549072,160772
1.6164631843566895,160022
1.6934447288513184,160022
1.7704243659973145,160022
1.8473472595214844,160022
1.9242429733276367,160022
2.0015647411346436,160022
2.001577138900757,160022
