Time,Objective value
0.07832789421081543,164246
0.07833504676818848,164246
0.15556049346923828,162760
0.23273539543151855,161830
0.3097846508026123,161830
0.38672947883605957,161830
0.4638364315032959,161830
0.540877103805542,161830
0.618077278137207,161830
0.695131778717041,161156
0.7720561027526855,161156
0.8488876819610596,161156
0.925722599029541,161156
1.0027663707733154,161156
1.079962968826294,161156
1.1569569110870361,161156
1.2336997985839844,161156
1.3105783462524414,160694
1.3877308368682861,160668
1.4644427299499512,160668
1.5414390563964844,160668
1.6184184551239014,160668
1.695298433303833,160668
1.7723522186279297,160668
1.8491706848144531,160668
1.926107406616211,160668
1.926114559173584,160668
