Time,Objective value
0.07817459106445312,161520
0.07818198204040527,161520
0.15518975257873535,161520
0.23222613334655762,161520
0.3092348575592041,161520
0.3860633373260498,161520
0.4629786014556885,161520
0.53999924659729,161520
0.6166863441467285,161520
0.693608283996582,161520
0.7706835269927979,161520
0.8474521636962891,161520
0.9243755340576172,161290
1.0014023780822754,161290
1.0782568454742432,161290
1.1556453704833984,161290
1.2325589656829834,161290
1.3094079494476318,161290
1.3863253593444824,161290
1.4633092880249023,161290
1.5402445793151855,161290
1.617100715637207,161290
1.694228172302246,161290
1.7710936069488525,161290
1.8480098247528076,161290
1.9251015186309814,161290
1.9251086711883545,161290
