Time,Objective value
0.07798027992248535,161374
0.07798624038696289,161374
0.15551137924194336,161374
0.23361754417419434,161374
0.31125926971435547,161374
0.3887369632720947,161374
0.4663383960723877,161374
0.543860673904419,161374
0.6213958263397217,161374
0.6989195346832275,161374
0.7764315605163574,161374
0.8540074825286865,161374
0.9317333698272705,161374
1.0092620849609375,161374
1.0867187976837158,161374
1.1642370223999023,161374
1.2422432899475098,161374
1.3199317455291748,161374
1.3977601528167725,161374
1.475426435470581,161374
1.5530612468719482,161374
1.6306047439575195,161366
1.7077465057373047,161366
1.7847089767456055,161366
1.8617734909057617,161366
1.939276933670044,161366
1.9392921924591064,161366
