Time,Objective value
0.0804283618927002,162428
0.08043551445007324,162428
0.15746426582336426,160480
0.2346940040588379,160480
0.3117399215698242,160480
0.3889939785003662,160480
0.4661993980407715,160480
0.5433411598205566,160480
0.6204681396484375,160480
0.6975569725036621,160480
0.774735689163208,160480
0.8517937660217285,160480
0.9288530349731445,160480
1.0059192180633545,160480
1.0829508304595947,160480
1.1600229740142822,160480
1.237217664718628,160480
1.3142898082733154,160480
1.3913276195526123,160480
1.468404769897461,160480
1.5457167625427246,160480
1.6228070259094238,160480
1.6999561786651611,160480
1.7770020961761475,160480
1.8540644645690918,160480
1.9312078952789307,160480
1.931215763092041,160480
