Time,Objective value
27.716171503067017,44932444
27.716302633285522,44932444
42.56391191482544,44892094
55.31853699684143,44892094
69.34069609642029,44892094
84.50305438041687,44892094
96.33257961273193,44892094
111.38524270057678,44868772
127.34897470474243,44868772
139.17642426490784,44868772
155.61542320251465,44868772
174.6294937133789,44857540
188.47506976127625,44857540
202.5293834209442,44857540
214.44708371162415,44857540
226.69051432609558,44853200
240.87869334220886,44853200
254.40315651893616,44853200
266.47737431526184,44853200
278.34815764427185,44853200
293.56500363349915,44853200
307.6345043182373,44853200
325.1431086063385,44853200
340.7975673675537,44853200
355.94878005981445,44853200
368.04348850250244,44853200
379.99607491493225,44853200
392.06096029281616,44853200
403.9274272918701,44853200
415.81916880607605,44853200
429.62132000923157,44853200
441.66308212280273,44853200
459.1107590198517,44853200
471.64272451400757,44853200
482.96509528160095,44853200
494.28486347198486,44853200
505.5926764011383,44853200
516.951064825058,44853200
528.2684893608093,44853200
539.5744833946228,44853200
550.8842594623566,44853200
562.1983830928802,44853200
573.5077238082886,44853200
584.8172340393066,44853200
596.1268661022186,44853200
607.4420683383942,44853200
618.7560296058655,44853200
630.0750908851624,44853200
641.3821482658386,44853200
652.7137711048126,44853200
664.0257005691528,44853200
664.0258157253265,44853200
