Time,Objective value
21.996131658554077,44950650
21.996262073516846,44950650
35.20537090301514,44907752
46.88964891433716,44907752
58.56569576263428,44896232
71.05159115791321,44896232
82.82374978065491,44896232
95.02683448791504,44896232
106.85691571235657,44884264
118.71907877922058,44884264
130.56239366531372,44884264
144.25759887695312,44884264
156.51658082008362,44884264
168.42716884613037,44884264
180.81431984901428,44884264
192.71936655044556,44884264
205.3595676422119,44884264
219.11881375312805,44884264
231.05880761146545,44884264
243.6622817516327,44884264
259.6939628124237,44884264
271.55091762542725,44884264
284.1878459453583,44884264
298.6692707538605,44884264
315.2893342971802,44884264
329.0218331813812,44884264
344.24775743484497,44884264
358.5216805934906,44884264
370.47130513191223,44884264
382.4257321357727,44884264
396.11939787864685,44884264
415.5941174030304,44884264
430.35307240486145,44884264
442.24364972114563,44884264
457.92236065864563,44884264
471.23452734947205,44884264
482.5679466724396,44884264
493.9026403427124,44884264
505.2261278629303,44884264
516.5492272377014,44884264
527.9328496456146,44884264
539.2572796344757,44884264
550.5781781673431,44884264
561.9082617759705,44884264
573.2298560142517,44884264
584.5571947097778,44884264
595.8788945674896,44884264
607.2100777626038,44884264
618.5395002365112,44884264
629.8734724521637,44884264
641.1952633857727,44884264
652.5440213680267,44884264
663.8773612976074,44884264
663.8774855136871,44884264
