Time,Objective value
0.04165935516357422,36490
0.04166579246520996,36490
0.08292603492736816,36490
0.12422966957092285,36490
0.16548657417297363,36490
0.20686936378479004,36370
0.24820566177368164,36212
0.2895193099975586,36212
0.33078980445861816,36212
0.37206125259399414,35974
0.4133439064025879,35974
0.45459675788879395,35974
0.49586939811706543,35974
0.5372295379638672,35974
0.5785272121429443,35974
0.6198728084564209,35974
0.661144495010376,35974
0.7024309635162354,35974
0.7437307834625244,35974
0.7850582599639893,35974
0.8263542652130127,35974
0.9137229919433594,35974
1.0010380744934082,35974
1.084792137145996,35974
1.1348812580108643,35974
1.176281213760376,35974
1.1762893199920654,35974
