Time,Objective value
0.04160022735595703,36530
0.04160618782043457,36530
0.08301353454589844,36296
0.12431216239929199,36296
0.16603565216064453,36296
0.20733118057250977,36296
0.24861788749694824,36296
0.28990769386291504,36296
0.3311729431152344,36296
0.3725278377532959,36296
0.41375064849853516,36296
0.4550209045410156,36170
0.49640870094299316,36170
0.5377655029296875,36170
0.5790586471557617,36170
0.6204133033752441,36170
0.6618106365203857,36170
0.7031741142272949,36170
0.7445633411407471,36170
0.7859318256378174,36170
0.8272387981414795,36170
0.8686461448669434,36170
0.9100446701049805,36170
0.9671375751495361,36170
1.052812099456787,36170
1.1388890743255615,36170
1.1389048099517822,36170
