Time,Objective value
0.04385113716125488,36306
0.04385852813720703,36306
0.08546757698059082,35642
0.12683558464050293,35556
0.16840052604675293,35556
0.2099611759185791,35556
0.25147056579589844,35556
0.2929229736328125,35556
0.33452367782592773,35556
0.37604451179504395,35556
0.41759777069091797,35556
0.45909738540649414,35556
0.5007588863372803,35556
0.5422804355621338,35556
0.5837907791137695,35556
0.6252882480621338,35556
0.6668775081634521,35556
0.7083523273468018,35556
0.7498483657836914,35556
0.7913792133331299,35556
0.83298659324646,35556
0.8744981288909912,35556
0.9159691333770752,35556
0.9574689865112305,35556
0.9991278648376465,35556
1.040654182434082,35556
1.040663242340088,35556
