Time,Objective value
0.042493581771850586,36490
0.042500972747802734,36490
0.08384251594543457,36490
0.12516236305236816,36490
0.16645145416259766,36490
0.20772910118103027,36370
0.24896836280822754,36212
0.29025721549987793,36212
0.331573486328125,36212
0.3728916645050049,35974
0.41415905952453613,35974
0.455399751663208,35974
0.4966299533843994,35974
0.5379073619842529,35974
0.5792033672332764,35974
0.6206450462341309,35974
0.6620955467224121,35974
0.703392744064331,35974
0.7446498870849609,35974
0.7859134674072266,35974
0.8271284103393555,35974
0.868377685546875,35974
0.9096300601959229,35974
0.9509108066558838,35974
0.9921231269836426,35974
1.0333364009857178,35974
1.0333442687988281,35974
