Time,Objective value
0.04155421257019043,36350
0.041559457778930664,36350
0.08331871032714844,36100
0.12466025352478027,36100
0.16613554954528809,36100
0.2074134349822998,36100
0.24877381324768066,36100
0.29015636444091797,36100
0.331653356552124,36100
0.37293362617492676,36100
0.4143660068511963,36100
0.45566606521606445,36100
0.4971468448638916,36100
0.5384731292724609,36100
0.5799567699432373,36100
0.6212620735168457,36100
0.6627094745635986,35992
0.7043159008026123,35494
0.7457504272460938,35494
0.7873005867004395,35494
0.8290979862213135,35494
0.8705408573150635,35494
0.9123287200927734,35494
0.9534816741943359,35494
0.9937663078308105,35494
1.0332791805267334,35494
1.0332856178283691,35494
