Time,Objective value
0.23424124717712402,15207612
0.23424863815307617,15207612
0.46736669540405273,15184243
0.7248256206512451,15184243
0.9393527507781982,15184243
1.1658275127410889,15111918
1.3801672458648682,15111918
1.572279930114746,15111918
1.8094258308410645,15111918
2.031939744949341,15111918
2.2591962814331055,15111918
2.490769863128662,15111918
2.715116500854492,15111918
2.961456060409546,15111918
3.1920368671417236,15111918
3.4390571117401123,15111918
3.6485042572021484,15111918
3.882270097732544,15111918
4.110233783721924,15111918
4.52685284614563,15111918
4.859955787658691,15111918
5.09980034828186,15111918
5.337519884109497,15111918
5.553107500076294,15111918
5.757751703262329,15111918
6.10500168800354,15111918
6.105013370513916,15111918
