Time,Objective value
0.2540590763092041,15182702
0.25406622886657715,15182702
0.4775710105895996,15182702
0.6989550590515137,15182702
0.9343407154083252,15182702
1.1535236835479736,15175677
1.39263916015625,15175677
1.6106154918670654,15175677
1.8383450508117676,15163160
2.0667128562927246,15163160
2.311183452606201,15156194
2.528104066848755,15156194
2.752685308456421,15156194
2.968562364578247,15156194
3.2013094425201416,15156194
3.4274866580963135,15156194
3.662567138671875,15156194
3.886641025543213,15156194
4.117687225341797,15156194
4.334722518920898,15156194
4.5441575050354,15156194
4.7804741859436035,15156194
5.006213665008545,15156194
5.223325252532959,15156194
5.424065589904785,15156194
5.667637348175049,15156194
5.667644739151001,15156194
