Time,Objective value
0.4070580005645752,15200185
0.40706706047058105,15200185
0.7966821193695068,15200185
1.2002089023590088,15200185
1.587090253829956,15200185
1.948310375213623,15148973
2.3461263179779053,15148973
2.733130931854248,15148973
3.068732261657715,15148973
3.4245221614837646,15144874
3.8117904663085938,15144874
4.182100296020508,15144874
4.554538726806641,15144874
4.9287731647491455,15144874
5.353432893753052,15144874
5.758605003356934,15144874
6.115017890930176,15144874
6.4742066860198975,15144874
6.82452917098999,15144874
7.2097227573394775,15144874
7.608393907546997,15144874
7.9833598136901855,15144874
8.354591369628906,15144874
8.756868839263916,15144874
9.097001791000366,15144874
9.493200302124023,15144874
9.493212938308716,15144874
