Time,Objective value
0.24436140060424805,15184494
0.24436712265014648,15184494
0.45412635803222656,15184494
0.686974048614502,15184494
0.9123795032501221,15184494
1.1376824378967285,15184494
1.3700687885284424,15184494
1.5915906429290771,15184494
1.8327043056488037,15184494
2.0800442695617676,15184494
2.2982709407806396,15184494
2.531493663787842,15165010
2.7578375339508057,15165010
3.100287914276123,15165010
3.459078550338745,15165010
3.86110782623291,15165010
4.233478307723999,15164934
4.601210832595825,15164934
4.883489370346069,15164934
5.0974037647247314,15164934
5.311854124069214,15164934
5.549887418746948,15164934
5.783303499221802,15164934
6.015575408935547,15164934
6.2506043910980225,15164934
6.486207008361816,15137805
6.48621678352356,15137805
