Time,Objective value
0.002425670623779297,3904
0.002433300018310547,3904
0.0024404525756835938,3904
