Time,Objective value
0.0030052661895751953,3824
0.0030128955841064453,3824
0.003021717071533203,3824
