Time,Objective value
0.0035181045532226562,3816
0.0035300254821777344,3816
0.0035407543182373047,3816
