Time,Objective value
0.0022437572479248047,3910
0.002253293991088867,3910
0.0022614002227783203,3910
