Time,Objective value
0.0021352767944335938,3818
0.002142190933227539,3818
0.0021491050720214844,3818
