Time,Objective value
0.0022344589233398438,3868
0.0022423267364501953,3868
0.002249002456665039,3868
