Time,Objective value
0.11776423454284668,151512
0.11777186393737793,151512
0.20247673988342285,151318
0.33660435676574707,151318
0.4242098331451416,150960
0.49489450454711914,150960
0.579941987991333,150960
0.6672847270965576,150960
0.7537992000579834,150960
0.8220021724700928,150960
0.9387784004211426,150960
1.0542516708374023,150960
1.1534998416900635,150960
1.254514455795288,150960
1.3550801277160645,150960
1.484198808670044,150960
12.802969455718994,150692
22.05379056930542,150288
31.472909212112427,150142
40.86079502105713,150118
51.48402976989746,150002
62.86124610900879,149818
73.43188834190369,149732
82.80841779708862,149726
93.13963866233826,149682
102.4795310497284,149664
102.47954225540161,149664
