Time,Objective value
0.0015587806701660156,3614
0.0015659332275390625,3614
0.0015726089477539062,3614
