Time,Objective value
0.0017635822296142578,3614
0.00177001953125,3614
0.0017764568328857422,3614
