Time,Objective value
0.001695394515991211,3514
0.0017025470733642578,3514
0.0017101764678955078,3514
