Time,Objective value
3.2704150676727295,151358
3.2706222534179688,151358
6.174975633621216,150940
9.07044506072998,150906
12.294385194778442,150480
14.111212968826294,150468
16.4768123626709,150468
20.290807485580444,150468
23.413634538650513,150448
26.62772035598755,150400
28.99443483352661,150306
30.604369163513184,150268
32.59446978569031,150268
34.585055351257324,150268
36.74137496948242,150218
39.398186683654785,150218
41.69767642021179,150210
43.530911445617676,150210
45.0840847492218,150210
46.30249500274658,150210
47.86077880859375,150204
49.6928129196167,150154
51.29396629333496,150130
52.90714192390442,150130
54.25085759162903,150130
55.73866081237793,150130
57.29795432090759,150124
58.68330907821655,150118
60.09439039230347,150104
61.710532426834106,150104
63.084396839141846,150104
64.79138255119324,150104
67.29634618759155,150104
70.9303777217865,150104
73.4441237449646,150104
76.75626826286316,150104
79.82936787605286,150104
83.11161589622498,150104
86.12377786636353,150056
88.91891431808472,150054
90.55025553703308,150054
92.69865727424622,150054
94.42177271842957,150054
96.2462317943573,150054
99.2183198928833,150054
102.01882433891296,150044
102.01903080940247,150044
