Time,Objective value
3.5305798053741455,151076
3.5307908058166504,151076
5.412575006484985,150890
7.0706329345703125,150624
8.729551315307617,150508
10.50255537033081,150462
11.943602323532104,150462
13.603851795196533,150384
15.174369096755981,150372
17.29307985305786,150334
19.10180401802063,150334
20.85413408279419,150172
22.540655851364136,150172
24.012158393859863,150172
25.384981632232666,150172
26.800631761550903,150172
28.629210472106934,150172
30.44319772720337,150172
32.0304753780365,150120
34.014013051986694,150120
35.70405673980713,150120
37.588984966278076,150120
39.245978593826294,150120
40.63081479072571,150120
42.349393367767334,150120
43.687525033950806,150062
45.12861251831055,150062
46.56437921524048,150062
48.272857427597046,150062
49.72787404060364,150012
51.41766381263733,150012
53.187082052230835,150012
54.648096561431885,150012
56.05939841270447,150012
57.81407594680786,150012
59.613178730010986,150012
61.151861906051636,150012
62.60221028327942,150012
64.03674030303955,150012
65.73641991615295,150012
67.46510148048401,150012
69.08212637901306,150012
70.503342628479,150012
72.08673143386841,150012
73.96860313415527,150012
75.75871777534485,150012
77.36254692077637,150012
79.06288385391235,150012
80.78800630569458,150012
82.52248358726501,150012
84.19349336624146,150012
85.97252583503723,150012
87.34753799438477,150012
88.70799899101257,150012
90.26058650016785,150012
91.63991737365723,150012
93.044917345047,150012
94.63763332366943,150012
96.30793523788452,150012
97.85183906555176,150012
99.6330919265747,150012
100.92990064620972,150012
100.9301028251648,150012
