Time,Objective value
0.07753276824951172,162240
0.07753872871398926,162240
0.155029296875,162092
0.23229193687438965,162092
0.30953216552734375,162092
0.3866767883300781,162092
0.46389317512512207,162092
0.5411355495452881,162024
0.6185803413391113,162024
0.6960086822509766,162024
0.7735002040863037,162024
0.8508408069610596,162024
0.9282610416412354,162024
1.005681037902832,162024
1.0830838680267334,162024
1.1604194641113281,162024
1.2378716468811035,162024
1.3152551651000977,162024
1.3927273750305176,162024
1.470130205154419,162024
1.547541856765747,162024
1.6249189376831055,161956
1.7063782215118408,161956
1.872286319732666,161956
2.0410382747650146,161956
2.132122039794922,161956
2.1321299076080322,161956
