Time,Objective value
0.17180728912353516,163124
0.17181682586669922,163124
0.3374316692352295,163124
0.5030124187469482,163124
0.668830156326294,163124
0.8348371982574463,163124
1.0005109310150146,163124
1.1663763523101807,163124
1.3324620723724365,163124
1.4984798431396484,161996
1.6676557064056396,161996
1.8371310234069824,161996
2.0101606845855713,161996
2.1826422214508057,161996
2.3518431186676025,161996
2.521397113800049,161996
2.68915057182312,161996
2.8513269424438477,161996
3.008988380432129,161996
3.121171236038208,161996
3.196039915084839,161996
3.27018404006958,161996
3.344434976577759,161996
3.4180538654327393,161996
3.491894245147705,161996
3.5659196376800537,161996
3.5659265518188477,161996
