Time,Objective value
0.07718062400817871,164338
0.07718801498413086,164338
0.15432953834533691,164338
0.23126935958862305,164032
0.3084101676940918,164032
0.38548946380615234,162236
0.4626030921936035,162236
0.539618730545044,162236
0.6166365146636963,162236
0.6936075687408447,162236
0.7706236839294434,162236
0.8477544784545898,162236
0.9248306751251221,162236
1.0018868446350098,161624
1.0788941383361816,161624
1.1558663845062256,161624
1.2327167987823486,161624
1.3098251819610596,161624
1.3867261409759521,161624
1.4636783599853516,161624
1.5406839847564697,161624
1.6176948547363281,161624
1.6945979595184326,161624
1.7714645862579346,161624
1.8484737873077393,161624
1.9255003929138184,161624
1.9255127906799316,161624
