Time,Objective value
0.0861365795135498,163700
0.08614301681518555,163700
0.163254976272583,162954
0.24045252799987793,162914
0.3173542022705078,162914
0.39436984062194824,162914
0.4712646007537842,161676
0.5481715202331543,161676
0.6249253749847412,161676
0.7018136978149414,161676
0.7788333892822266,161676
0.855640172958374,161676
0.9325485229492188,161676
1.0093812942504883,161676
1.1706860065460205,161676
1.3358607292175293,161676
1.5012381076812744,161676
1.6669437885284424,161676
1.8326747417449951,161676
1.9989979267120361,161676
2.1654868125915527,161676
2.3316352367401123,161676
2.4976885318756104,161676
2.661545991897583,161676
2.820551633834839,161676
2.9797403812408447,161676
2.9797513484954834,161676
