Time,Objective value
0.07726716995239258,162340
0.07727408409118652,162340
0.15418386459350586,162340
0.2311384677886963,162340
0.3079521656036377,162128
0.38486671447753906,162128
0.4616825580596924,162128
0.538522481918335,162128
0.6154930591583252,162128
0.6923210620880127,162128
0.7691664695739746,162128
0.8461940288543701,162128
0.9231059551239014,162128
0.9998762607574463,162128
1.0768170356750488,162128
1.153723955154419,162128
1.2307019233703613,162128
1.3075532913208008,162128
1.384448766708374,162128
1.4613206386566162,162128
1.5382099151611328,162128
1.6150245666503906,162128
1.691957950592041,162128
1.7689237594604492,162128
1.8459022045135498,162128
1.9229464530944824,162128
1.9229583740234375,162128
