Time,Objective value
0.16566777229309082,165656
0.16567730903625488,165656
0.33168458938598633,165656
0.49733829498291016,162312
0.6653187274932861,162312
0.8331210613250732,162312
0.9923825263977051,162312
1.0693364143371582,162312
1.146268367767334,162312
1.2231438159942627,162312
1.3000483512878418,162312
1.377027988433838,162312
1.453944206237793,162312
1.530810832977295,162312
1.6077148914337158,162312
1.6889739036560059,162312
1.818601369857788,162312
1.9875307083129883,162312
2.100510358810425,162312
2.1777467727661133,162312
2.2548749446868896,162312
2.3322463035583496,162312
2.4094414710998535,162312
2.486422300338745,162312
2.5633809566497803,162312
2.6402173042297363,162312
2.6402246952056885,162312
