Time,Objective value
0.08610701560974121,152268
0.08611583709716797,152268
0.08612298965454102,152268
