Time,Objective value
0.08586668968200684,152764
0.08587431907653809,152764
0.08588099479675293,152764
