Time,Objective value
0.23849034309387207,152374
0.23850321769714355,152374
0.23851561546325684,152374
