Time,Objective value
0.10260796546936035,151188
0.1026158332824707,151188
0.10262250900268555,151188
