Time,Objective value
0.11803531646728516,151958
0.11804389953613281,151958
0.11805176734924316,151958
