Time,Objective value
0.11553001403808594,152042
0.11553812026977539,152042
0.11554527282714844,152042
