Time,Objective value
0.10170578956604004,151192
0.10171341896057129,151192
0.10172057151794434,151192
