Time,Objective value
0.08797359466552734,152788
0.08798098564147949,152788
0.08798813819885254,152788
