Time,Objective value
0.002149343490600586,17997928
0.0021581649780273438,17997928
0.002167224884033203,17997928
