Time,Objective value
0.002070903778076172,17997928
0.0020799636840820312,17997928
0.002093076705932617,17997928
