Time,Objective value
0.0023527145385742188,17997928
0.0023627281188964844,17997928
0.0023734569549560547,17997928
