Time,Objective value
0.0022933483123779297,17997928
0.002299785614013672,17997928
0.002306699752807617,17997928
