Time,Objective value
0.0017957687377929688,18039214
0.0018050670623779297,18039214
0.0018129348754882812,18039214
