Time,Objective value
0.1166846752166748,150926
0.11669254302978516,150926
0.1166994571685791,150926
