Time,Objective value
0.2210676670074463,151836
0.22107601165771484,151836
0.2210838794708252,151836
