Time,Objective value
0.2769334316253662,150024
0.2769460678100586,150024
0.2769584655761719,150024
