Time,Objective value
0.18386197090148926,150628
0.18387389183044434,150628
0.18388605117797852,150628
