Time,Objective value
0.09930562973022461,151288
0.09931421279907227,151288
0.09932184219360352,151288
