Time,Objective value
0.0001468658447265625,844574675
0.0010204315185546875,577607039
0.0020363330841064453,543634845
0.003027200698852539,510351729
0.0040357112884521484,505037260
0.0051000118255615234,496740207
0.006073474884033203,495679589
0.007077217102050781,478510500
0.008020401000976562,478510500
0.009051084518432617,476945750
0.010049104690551758,471595914
0.011128664016723633,471595914
0.01219034194946289,471595914
0.013164043426513672,471595914
0.014218330383300781,471595914
0.015069723129272461,471595914
0.016195297241210938,471595914
0.017046213150024414,471595914
0.01826786994934082,471595914
0.019217967987060547,471595914
0.020152568817138672,471595914
0.021165132522583008,471595914
0.02219080924987793,471595914
0.02302074432373047,471595914
0.02413630485534668,471595914
0.02524852752685547,471595914
0.026118755340576172,471595914
0.027016878128051758,471595914
0.028309345245361328,471595914
0.029149770736694336,471595914
0.030043363571166992,471595914
0.031223297119140625,471056280
0.032064199447631836,468409472
0.03325390815734863,468409472
0.034201622009277344,468409472
0.03518486022949219,468297965
0.036333322525024414,468297965
0.037030935287475586,468297965
0.038028717041015625,467865645
0.039205312728881836,467865645
0.04032158851623535,467865645
0.04129171371459961,467865645
0.04234790802001953,466900011
0.04313206672668457,466900011
0.044286489486694336,466900011
0.0450899600982666,466900011
0.04509735107421875,466900011
