Time,Objective value
0.00013399124145507812,779625971
0.0010216236114501953,643036542
0.0020105838775634766,526978141
0.003141641616821289,504364331
0.004097938537597656,497397077
0.0050046443939208984,495146672
0.006194114685058594,494622053
0.0070760250091552734,486949686
0.008131980895996094,480515647
0.009084939956665039,478260289
0.010152339935302734,478260289
0.011111259460449219,478260289
0.012115955352783203,478260289
0.013185262680053711,478260289
0.01427149772644043,478260289
0.015200614929199219,478260289
0.01606011390686035,478260289
0.017302274703979492,478260289
0.018041133880615234,476015185
0.019272327423095703,476015185
0.020119905471801758,475910395
0.021431684494018555,475910395
0.02234935760498047,475467563
0.023088932037353516,475467563
0.024356603622436523,474192936
0.025333642959594727,474192936
0.026185274124145508,474192936
0.02737116813659668,474192936
0.028247356414794922,472691402
0.029313325881958008,470891560
0.030400514602661133,469649925
0.031563758850097656,468675621
0.03211712837219238,468675621
0.0334627628326416,468675621
0.03452777862548828,468675621
0.035241127014160156,468675621
0.03645968437194824,468675621
0.037036895751953125,468675621
0.03801250457763672,468675621
0.03924202919006348,468675621
0.04038190841674805,468675621
0.04101705551147461,468675621
0.042170047760009766,468675621
0.04315638542175293,468675621
0.04439496994018555,468675621
0.045505523681640625,468675621
0.046262502670288086,468675621
0.047598838806152344,468266311
0.04821062088012695,468266311
0.04949831962585449,468266311
0.05023074150085449,468266311
0.05110335350036621,468266311
0.052344560623168945,468266311
0.05357813835144043,468266311
0.054289817810058594,468266311
0.05549931526184082,468266311
0.0563199520111084,467121917
0.057791948318481445,467121917
0.058568477630615234,467121917
0.059213876724243164,467121917
0.06058073043823242,467121917
0.061356306076049805,467121917
0.06231212615966797,467121917
0.06369948387145996,467121917
0.06421470642089844,467121917
0.06557655334472656,467121917
0.06635212898254395,467121917
0.0671846866607666,467121917
0.06807732582092285,467089223
0.06956171989440918,467089223
0.07005929946899414,467089223
0.07125663757324219,467089223
0.0722663402557373,467089223
0.07322978973388672,467089223
0.07404661178588867,467089223
0.07510709762573242,467089223
0.07554984092712402,466878913
