Time,Objective value
0.0001373291015625,820957959
0.0010533332824707031,591805162
0.0020952224731445312,535347815
0.003073453903198242,520806851
0.004009246826171875,500984963
0.0051729679107666016,483776081
0.006172657012939453,483776081
0.007154703140258789,483776081
0.008065462112426758,483776081
0.009150981903076172,483776081
0.010052204132080078,483776081
0.011212348937988281,483776081
0.012133598327636719,483776081
0.013008594512939453,483776081
0.014151811599731445,478495615
0.015121698379516602,476231300
0.01600813865661621,475924936
0.0172121524810791,475484244
0.018159151077270508,475484244
0.01906609535217285,475484244
0.020030736923217773,475484244
0.02112412452697754,475484244
0.02208876609802246,472047238
0.023174285888671875,472047238
0.024052143096923828,471168177
0.025174856185913086,470549482
0.026270389556884766,470549482
0.027020692825317383,470549482
0.028130292892456055,470549482
0.02902984619140625,470042176
0.03020620346069336,468808143
0.031182289123535156,468808143
0.03203630447387695,468808143
0.03331494331359863,468726207
0.0342106819152832,467255288
0.03513216972351074,467255288
0.03604435920715332,467255288
0.03728175163269043,467255288
0.03813314437866211,467255288
0.039168596267700195,467255288
0.04019618034362793,467255288
0.04121112823486328,467255288
0.04201984405517578,467255288
0.04334568977355957,466862472
0.0442814826965332,466862472
0.04524707794189453,466862472
0.04525399208068848,466862472
