Time,Objective value
0.00014066696166992188,778144039
0.0010344982147216797,578719710
0.0020411014556884766,542476368
0.0031218528747558594,536851261
0.004044055938720703,508893862
0.005171775817871094,504279608
0.006123065948486328,490084575
0.007126331329345703,488392958
0.008071422576904297,488392958
0.00912332534790039,486513672
0.010128021240234375,484102399
0.01109623908996582,484102399
0.012061357498168945,483984780
0.013015270233154297,480509087
0.014269828796386719,480509087
0.015237808227539062,478127399
0.01600956916809082,478127399
0.017238378524780273,477496585
0.018175601959228516,477496585
0.01916027069091797,477496585
0.020055055618286133,477496585
0.021119117736816406,477012869
0.022141456604003906,477012869
0.023250102996826172,474349254
0.024114608764648438,474349254
0.025311708450317383,474349254
0.026148080825805664,474349254
0.02704787254333496,474349254
0.028150081634521484,474349254
0.029247760772705078,474349254
0.030091285705566406,474349254
0.03119063377380371,474349254
0.03231334686279297,474349254
0.03304266929626465,473772157
0.03408646583557129,471970074
0.035274505615234375,471970074
0.03618764877319336,471970074
0.03723621368408203,471970074
0.03803563117980957,471970074
0.03911924362182617,471970074
0.040224313735961914,471970074
0.04130983352661133,471970074
0.04225444793701172,471970074
0.0432896614074707,471970074
0.04407048225402832,471848099
0.04515695571899414,471848099
0.0451655387878418,471848099
