Time,Objective value
0.00020599365234375,796687147
0.0010986328125,671030362
0.0020971298217773438,579377578
0.003209829330444336,530275301
0.004233837127685547,530275301
0.005021810531616211,530275301
0.006090879440307617,525991071
0.007020235061645508,502838148
0.008019208908081055,497120893
0.009006500244140625,497120893
0.010087013244628906,492108830
0.011113643646240234,492108830
0.012344121932983398,492108830
0.013041496276855469,487816049
0.014405965805053711,477900141
0.01529693603515625,477900141
0.016097545623779297,474976908
0.017026185989379883,474976908
0.018393993377685547,474976908
0.019169330596923828,474976908
0.02008843421936035,474976908
0.021253108978271484,474976908
0.022181272506713867,471972628
0.023168325424194336,471972628
0.02410268783569336,471972628
0.025095462799072266,471972628
0.026082992553710938,471972628
0.027210235595703125,471972628
0.028040170669555664,471972628
0.029118776321411133,471972628
0.030088424682617188,471972628
0.031142473220825195,471972628
0.03215742111206055,471631959
0.03303837776184082,471631959
0.03408980369567871,471631959
0.0350489616394043,471631959
0.03626561164855957,471631959
0.03703713417053223,471631959
0.03820466995239258,471631959
0.03908061981201172,471631959
0.04001474380493164,471631959
0.04119110107421875,471631959
0.04220318794250488,471631959
0.04319906234741211,471631959
0.04426860809326172,471326794
0.04532790184020996,471326794
0.04625248908996582,471326794
0.047258615493774414,471294627
0.048036813735961914,470856135
0.04925394058227539,470856135
0.0500185489654541,470856135
0.0510556697845459,470856135
0.05218815803527832,470856135
0.05315709114074707,470856135
0.05410361289978027,470856135
0.05512690544128418,470856135
0.055135488510131836,470856135
