Time,Objective value
0.00014066696166992188,780472267
0.001013040542602539,626175786
0.002003908157348633,537317091
0.003025531768798828,520385240
0.0041408538818359375,520385240
0.0050318241119384766,502511024
0.006025075912475586,496476316
0.007173776626586914,491934039
0.00804591178894043,491403298
0.009112358093261719,491403298
0.010026931762695312,486401968
0.011004209518432617,483859139
0.012197017669677734,483859139
0.01308131217956543,483859139
0.014243125915527344,483859139
0.015195369720458984,483859139
0.016065359115600586,483859139
0.017023324966430664,483859139
0.01807117462158203,483859139
0.019224166870117188,483859139
0.020032644271850586,482074694
0.021063566207885742,482074694
0.02214837074279785,482074694
0.02304673194885254,482074694
0.024175405502319336,482074694
0.025010108947753906,482074694
0.026124954223632812,482074694
0.027004241943359375,482074694
0.028235435485839844,481030123
0.029173612594604492,481030123
0.03012704849243164,481030123
0.03114032745361328,479240279
0.032083988189697266,479240279
0.033090829849243164,479240279
0.03411984443664551,479240279
0.03515291213989258,479240279
0.0360560417175293,479240279
0.03721451759338379,479240279
0.038192033767700195,479240279
0.039092302322387695,479240279
0.04020810127258301,479240279
0.04125046730041504,478316566
0.042336463928222656,477855536
0.04321599006652832,477855536
0.04400491714477539,477855536
0.04515886306762695,477855536
0.045467376708984375,477855536
