Time,Objective value
0.00017142295837402344,844574675
0.0010097026824951172,577607039
0.002105236053466797,560593124
0.003046274185180664,543634845
0.004149198532104492,510351729
0.005097389221191406,505037260
0.006177425384521484,500027051
0.007134437561035156,496740207
0.008076906204223633,493585626
0.009006261825561523,478510500
0.010216712951660156,476945750
0.011226415634155273,476945750
0.01217031478881836,471595914
0.01308894157409668,471595914
0.014025449752807617,471595914
0.015058517456054688,471595914
0.016257047653198242,471595914
0.017063140869140625,471595914
0.01817154884338379,471595914
0.019073486328125,471595914
0.020136594772338867,471595914
0.021052122116088867,471595914
0.022042036056518555,471595914
0.023226261138916016,471595914
0.02424168586730957,471595914
0.025259017944335938,471595914
0.026087522506713867,471595914
0.02722477912902832,471595914
0.028039932250976562,471595914
0.029196739196777344,471595914
0.03009486198425293,471595914
0.0310666561126709,471595914
0.03222370147705078,471595914
0.033116817474365234,471595914
0.034004926681518555,471056280
0.0351414680480957,468409472
0.036356449127197266,468409472
0.037004709243774414,468409472
0.03829193115234375,468297965
0.03908681869506836,468297965
0.04014110565185547,468297965
0.04113459587097168,467865645
0.042047977447509766,467865645
0.04310297966003418,467865645
0.04407978057861328,467865645
0.04510855674743652,467865645
0.04625296592712402,466900011
0.04700469970703125,466900011
0.048217058181762695,466900011
0.04822349548339844,466900011
