Time,Objective value
0.0001342296600341797,711143949
0.0010309219360351562,587508384
0.002095460891723633,533458067
0.0030355453491210938,513960336
0.004086494445800781,509173280
0.005072355270385742,509173280
0.006082057952880859,505855296
0.007058382034301758,505469061
0.00814366340637207,505469061
0.009142875671386719,505084080
0.010156393051147461,503860532
0.011074066162109375,502918888
0.012092113494873047,495408651
0.01304316520690918,495130606
0.014062643051147461,495130606
0.015266180038452148,495130606
0.016170263290405273,495130606
0.017145156860351562,493989678
0.01806020736694336,493240042
0.019179582595825195,492493123
0.020066022872924805,492241692
0.021065950393676758,492241692
0.02219080924987793,492241692
0.023029088973999023,492241692
0.024200916290283203,491030961
0.02509021759033203,491030961
0.026021480560302734,491030961
0.0270843505859375,491030961
0.028110980987548828,490103149
0.02911520004272461,490103149
0.030139684677124023,488374870
0.03125429153442383,488374870
0.0322268009185791,488052352
0.03319096565246582,488052352
0.03409385681152344,488052352
0.03530454635620117,488052352
0.036321163177490234,488001951
0.037023305892944336,488001951
0.038231611251831055,486585347
0.03902411460876465,486585347
0.04018735885620117,486585347
0.04138374328613281,486585347
0.04226231575012207,486585347
0.043024539947509766,486585347
0.044310808181762695,486585347
0.045024871826171875,486585347
0.04503321647644043,486585347
