Time,Objective value
0.00013756752014160156,715548939
0.0010499954223632812,596624409
0.002111196517944336,556248044
0.0030248165130615234,518594366
0.0041544437408447266,501127483
0.0050656795501708984,501127483
0.006071805953979492,494811709
0.007193803787231445,494811709
0.00805211067199707,494811709
0.009047508239746094,494811709
0.010221004486083984,491654276
0.011181831359863281,488240415
0.012139558792114258,488240415
0.013248443603515625,488240415
0.01424264907836914,488240415
0.01524806022644043,488240415
0.016016721725463867,485999195
0.01709127426147461,485999195
0.018270492553710938,485999195
0.019087553024291992,485999195
0.02018284797668457,485846127
0.021131515502929688,484975259
0.022196054458618164,484975259
0.02300548553466797,484975259
0.024158477783203125,481838062
0.02508378028869629,481838062
0.026042699813842773,481838062
0.02722907066345215,481838062
0.02808380126953125,481838062
0.029181241989135742,481838062
0.030079364776611328,481838062
0.031024932861328125,481838062
0.03214693069458008,481838062
0.033101797103881836,481838062
0.034215450286865234,481838062
0.03516411781311035,481838062
0.03631281852722168,481838062
0.03714132308959961,481838062
0.03821587562561035,481838062
0.039330482482910156,481838062
0.04009842872619629,481838062
0.041272878646850586,480472149
0.042003631591796875,480472149
0.043245792388916016,480472149
0.04433083534240723,480472149
0.04505467414855957,480472149
0.04506397247314453,480472149
