Time,Objective value
0.00015425682067871094,796687147
0.001051187515258789,623090766
0.0021140575408935547,530275301
0.003045320510864258,530275301
0.004067897796630859,502838148
0.0050847530364990234,497120893
0.006134748458862305,492108830
0.0072138309478759766,492108830
0.00821375846862793,482881919
0.009048938751220703,474976908
0.010175466537475586,474976908
0.011062860488891602,474976908
0.01217198371887207,474976908
0.013049840927124023,474555200
0.014080286026000977,471972628
0.01507425308227539,471972628
0.016236543655395508,471972628
0.0170443058013916,471972628
0.018018245697021484,471972628
0.019173383712768555,471972628
0.02025151252746582,471972628
0.021199941635131836,471972628
0.022246599197387695,471972628
0.023018836975097656,471631959
0.024105072021484375,471631959
0.025151491165161133,471631959
0.026119709014892578,471631959
0.027007579803466797,471631959
0.02809619903564453,471631959
0.029268980026245117,471631959
0.030141830444335938,471631959
0.031070947647094727,471631959
0.03201460838317871,471631959
0.03325057029724121,471631959
0.03424215316772461,471631959
0.035317420959472656,471326794
0.036376237869262695,471326794
0.037288665771484375,471326794
0.03801608085632324,471326794
0.03905034065246582,470856135
0.040259361267089844,470856135
0.04101705551147461,470856135
0.04204392433166504,470856135
0.04315519332885742,470856135
0.04411959648132324,470856135
0.045055389404296875,470856135
0.046068429946899414,470856135
0.046074867248535156,470856135
