Time,Objective value
0.09134101867675781,151424
0.09134697914123535,151424
0.18253111839294434,151080
0.2738780975341797,150444
0.3656885623931885,149232
0.45706725120544434,149232
0.5491704940795898,149232
0.6408190727233887,149232
0.7327616214752197,149232
0.8239536285400391,149232
0.9158916473388672,149232
1.0070254802703857,149232
1.0988857746124268,149232
1.1899712085723877,149232
1.2821760177612305,149232
1.372100591659546,149232
1.464357614517212,149232
1.5553255081176758,149232
1.647078514099121,149232
1.7384307384490967,149232
1.830334186553955,149232
1.922469139099121,149192
2.0135746002197266,149192
2.1050643920898438,149192
2.1966326236724854,149192
2.288074016571045,149192
2.2880852222442627,149192
