Time,Objective value
15.191512823104858,152822
15.194312334060669,152822
25.347416162490845,150940
33.043882846832275,150766
41.28973150253296,150558
49.365617752075195,150558
56.826819896698,150344
64.77476406097412,150270
73.6517539024353,150270
82.1918842792511,150244
95.29306077957153,150184
106.92507457733154,150162
106.92757511138916,150162
