Time,Objective value
19.82787322998047,152518
19.830524921417236,152518
26.83228850364685,150844
33.97036123275757,150738
40.96847605705261,150652
47.44668006896973,150572
56.72502040863037,150400
63.36388921737671,150356
72.63902187347412,150298
79.18173336982727,150228
85.69094252586365,150228
92.73301815986633,150204
103.34056329727173,150204
103.34317350387573,150204
