Time,Objective value
19.407247304916382,151448
19.409873008728027,151448
26.65373659133911,151166
35.64451885223389,150914
43.368465423583984,150720
51.913405895233154,150652
59.79216194152832,150618
66.83600997924805,150412
73.24437737464905,150412
79.52566289901733,150270
85.93637084960938,150248
91.9434494972229,150204
98.23258209228516,150126
104.50055432319641,150050
104.50314855575562,150050
