Time,Objective value
15.662252187728882,152146
15.666948318481445,152146
26.649383068084717,150758
38.05374264717102,150722
44.91124176979065,150694
53.53074932098389,150628
63.62644171714783,150552
73.05631852149963,150520
80.75907230377197,150468
91.64301228523254,150272
104.60832095146179,150254
104.61299729347229,150254
