Time,Objective value
0.005356788635253906,96870
0.005364894866943359,96870
0.009833335876464844,96870
0.014112234115600586,94850
0.01873922348022461,94850
0.02309894561767578,94850
0.028159379959106445,93640
0.032433271408081055,93640
0.03665471076965332,93640
0.04172086715698242,93110
0.04638409614562988,92350
0.050637245178222656,92350
0.05508232116699219,92350
0.05966687202453613,92350
0.06430840492248535,92350
0.0685110092163086,92350
0.07309913635253906,92350
0.07747912406921387,92350
0.08197450637817383,92350
0.08618664741516113,92350
0.09027290344238281,92350
0.09448552131652832,92350
0.09910368919372559,92350
0.10418391227722168,92350
0.1083383560180664,92350
0.11252498626708984,92350
0.11253213882446289,92350
