Time,Objective value
0.005303621292114258,97270
0.005311727523803711,97270
0.009602546691894531,97270
0.013822793960571289,97270
0.018964767456054688,95880
0.02347850799560547,94580
0.02770543098449707,94580
0.03186821937561035,94580
0.036157846450805664,94580
0.04070639610290527,94580
0.044954776763916016,94580
0.04949760437011719,94580
0.05411362648010254,94140
0.05830574035644531,94140
0.06290841102600098,94140
0.06714963912963867,94140
0.07119560241699219,94140
0.07578754425048828,94140
0.08008646965026855,94140
0.08418655395507812,94140
0.08836555480957031,94140
0.09258604049682617,94140
0.09734702110290527,94140
0.10158729553222656,94140
0.10578465461730957,94140
0.11045145988464355,94140
0.11046099662780762,94140
