Time,Objective value
0.005410909652709961,99930
0.005418062210083008,99930
0.01038670539855957,94640
0.01509404182434082,94640
0.019769668579101562,94040
0.024759769439697266,94040
0.029275894165039062,94040
0.033557891845703125,94040
0.03820037841796875,94040
0.04275965690612793,94040
0.04736804962158203,94040
0.05151772499084473,94000
0.05574798583984375,94000
0.05994057655334473,94000
0.06411910057067871,94000
0.06869077682495117,94000
0.07302689552307129,94000
0.0776057243347168,94000
0.08190584182739258,94000
0.08658957481384277,93700
0.0917963981628418,93700
0.09609317779541016,93700
0.10113358497619629,93700
0.10586309432983398,93700
0.11038804054260254,93700
0.11478281021118164,93700
0.11479520797729492,93700
