Time,Objective value
0.008133172988891602,98970
0.008141040802001953,98970
0.016202688217163086,94590
0.02481985092163086,94590
0.03163743019104004,94590
0.039321184158325195,94590
0.04692363739013672,94590
0.054368019104003906,94590
0.06176137924194336,94590
0.0691976547241211,94590
0.07737517356872559,94590
0.08494734764099121,94590
0.09257245063781738,94590
0.09990191459655762,93240
0.10706758499145508,93240
0.11569929122924805,93240
0.12380814552307129,93240
0.13146114349365234,93240
0.13924813270568848,93240
0.14710688591003418,93240
0.1549680233001709,93240
0.16237974166870117,93240
0.17046427726745605,93240
0.1778268814086914,92910
0.1853775978088379,92910
0.19331145286560059,92910
0.1933305263519287,92910
