Time,Objective value
0.008791685104370117,94490
0.008801460266113281,94490
0.01623249053955078,94490
0.022947072982788086,94490
0.031883955001831055,93720
0.039453983306884766,93720
0.046866416931152344,93720
0.05422210693359375,93720
0.061936140060424805,93720
0.06933093070983887,93720
0.07627224922180176,93720
0.08370184898376465,93720
0.09120035171508789,93720
0.09883379936218262,93720
0.10653257369995117,93720
0.11348509788513184,93720
0.12250256538391113,93720
0.12955141067504883,93720
0.13800835609436035,93720
0.1461472511291504,93720
0.1544661521911621,93720
0.16339898109436035,93720
0.1704390048980713,93720
0.17820954322814941,93720
0.18384933471679688,93720
0.18850445747375488,93720
0.18851613998413086,93720
