Time,Objective value
0.004743814468383789,93010
0.004751682281494141,93010
0.009577512741088867,93010
0.014279365539550781,93010
0.01848435401916504,93010
0.0226743221282959,93010
0.027327537536621094,93010
0.03192257881164551,93010
0.03622841835021973,93010
0.04048800468444824,93010
0.044806480407714844,93010
0.04992222785949707,93010
0.05454063415527344,93010
0.05910849571228027,93010
0.06336331367492676,93010
0.06758475303649902,93010
0.07223367691040039,93010
0.07685661315917969,93010
0.08110451698303223,93010
0.08528780937194824,93010
0.08952140808105469,93010
0.09401845932006836,93010
0.09846735000610352,93010
0.1026449203491211,93010
0.10741281509399414,93010
0.11203956604003906,93010
0.11204981803894043,93010
