Time,Objective value
0.10323095321655273,150704
0.10323858261108398,150704
0.26340174674987793,150676
0.3486952781677246,150676
0.4484281539916992,150676
0.5638928413391113,150676
0.7111167907714844,150434
0.8122220039367676,150100
0.913081169128418,150100
1.0012750625610352,150100
1.0857632160186768,150100
1.1892449855804443,150100
1.3206076622009277,150100
1.3885242938995361,150100
1.4866163730621338,150100
1.6021225452423096,150100
10.432360410690308,148648
19.719001054763794,148648
28.054166316986084,148648
36.776655435562134,148540
45.75567102432251,148540
54.69485330581665,148540
63.714784145355225,148540
72.92355728149414,148530
78.86251473426819,148530
87.5852472782135,148520
96.03814458847046,148510
105.72461867332458,148488
105.7246298789978,148488
