Time,Objective value
0.11578512191772461,150146
0.11579298973083496,150146
0.21738123893737793,150146
0.3050229549407959,150076
0.3905768394470215,150076
0.5062127113342285,150076
0.6222059726715088,150076
0.7230095863342285,150076
0.8099067211151123,150076
0.926180362701416,150076
1.0559031963348389,150076
1.1549324989318848,150076
1.2559707164764404,150076
1.3731281757354736,150076
1.4759066104888916,150076
1.5612215995788574,150076
9.03893756866455,149326
17.370568990707397,149118
25.440677881240845,148888
33.7515344619751,148628
43.464643478393555,148340
51.30292844772339,148340
61.16897416114807,148340
70.07011222839355,148334
79.88890027999878,148334
88.16473531723022,148248
97.7888412475586,148218
106.32109594345093,148218
106.32110738754272,148218
