Time,Objective value
0.07292795181274414,151534
0.07293462753295898,151534
0.07294154167175293,151534
