Time,Objective value
0.10079193115234375,152592
0.100799560546875,152592
0.10080671310424805,152592
