Time,Objective value
0.16794824600219727,151088
0.16795778274536133,151088
0.16796541213989258,151088
