Time,Objective value
0.08721184730529785,152246
0.0872182846069336,152246
0.08722496032714844,152246
