Time,Objective value
0.1167137622833252,151516
0.11671972274780273,151516
0.11672639846801758,151516
