Time,Objective value
31.516767263412476,8256842
31.517675161361694,8256842
46.61144757270813,8246922
60.998507022857666,8239752
75.21100854873657,8237212
90.03526878356934,8237212
103.04827880859375,8226284
122.34084391593933,8226258
138.73962116241455,8226258
155.87017154693604,8226258
171.48226952552795,8222646
184.53764581680298,8222646
197.49476289749146,8219128
213.20720052719116,8217770
225.51043915748596,8216912
225.511296749115,8216912
