Time,Objective value
36.17021107673645,8300222
36.17109799385071,8300222
51.46748399734497,8244254
69.34710955619812,8233170
91.96992468833923,8214270
106.74097180366516,8206550
127.35370445251465,8203620
149.4646816253662,8202860
165.78344821929932,8194860
181.78759956359863,8194860
198.43557858467102,8190886
211.34366059303284,8190886
226.2650225162506,8190886
226.2665615081787,8190886
