Time,Objective value
29.857815265655518,8247282
29.85867404937744,8247282
44.99422359466553,8226790
58.52975583076477,8215830
76.16565942764282,8212266
93.67494010925293,8208426
110.24514293670654,8208426
128.49608659744263,8208426
149.45693969726562,8206524
168.86583161354065,8206524
187.31035208702087,8203456
203.96793127059937,8203456
218.7816309928894,8203456
234.3143835067749,8202370
234.31522965431213,8202370
