Time,Objective value
0.0018322467803955078,6872
0.0018389225006103516,6872
0.0018453598022460938,6872
