Time,Objective value
0.002918720245361328,6602
0.002931356430053711,6602
0.002943754196166992,6602
