Time,Objective value
0.002011537551879883,6602
0.002019643783569336,6602
0.0020263195037841797,6602
