Time,Objective value
0.0019450187683105469,6602
0.0019521713256835938,6602
0.0019588470458984375,6602
