Time,Objective value
0.0005283355712890625,42360
0.0010216236114501953,37506
0.0021910667419433594,36518
0.003361225128173828,36090
0.004535198211669922,35874
0.0051233768463134766,35840
0.006308078765869141,35726
0.007483243942260742,35652
0.008064746856689453,35584
0.009228706359863281,35566
0.010408163070678711,35516
0.011584997177124023,35452
0.012166976928710938,35404
0.013328075408935547,35394
0.014505386352539062,35376
0.015084981918334961,35352
0.016245126724243164,35352
0.01742100715637207,35352
0.018003463745117188,35352
0.019164323806762695,35352
0.020328760147094727,35352
0.02150702476501465,35352
0.022086620330810547,35352
0.023244142532348633,35352
0.024403810501098633,35352
0.02555990219116211,35352
0.026137590408325195,35352
0.02729201316833496,35352
0.028451204299926758,35352
0.02902841567993164,35352
0.030182838439941406,35352
0.03134608268737793,35352
0.03250479698181152,35352
0.033082008361816406,35352
0.03423666954040527,35352
0.03539466857910156,35352
0.036550283432006836,35352
0.03712749481201172,35352
0.0382843017578125,35352
0.03944087028503418,35352
0.040018320083618164,35352
0.041179656982421875,35352
0.04233431816101074,35352
0.04349255561828613,35352
0.04406929016113281,35352
0.04522538185119629,35352
0.04638504981994629,35352
0.047539472579956055,35352
0.048116207122802734,35352
0.04927229881286621,35352
0.05044674873352051,35352
0.051026105880737305,35352
0.05218315124511719,35352
0.05276894569396973,35352
