Time,Objective value
0.0005207061767578125,42732
0.0012521743774414062,37468
0.002427339553833008,36330
0.003018617630004883,36200
0.0041849613189697266,35926
0.005352497100830078,35608
0.006515979766845703,35516
0.007097721099853516,35460
0.00826263427734375,35394
0.009437799453735352,35374
0.010021448135375977,35366
0.011185884475708008,35346
0.012378454208374023,35338
0.013543367385864258,35272
0.014122486114501953,35256
0.015293121337890625,35210
0.016463279724121094,35182
0.01704549789428711,35182
0.018207311630249023,35182
0.01937103271484375,35182
0.020532608032226562,35182
0.021111249923706055,35182
0.022284507751464844,35182
0.023444175720214844,35182
0.024024248123168945,35182
0.02518463134765625,35182
0.026351213455200195,35182
0.027512788772583008,35182
0.028092384338378906,35182
0.02925562858581543,35182
0.030415773391723633,35182
0.03158092498779297,35182
0.03216290473937988,35182
0.03332829475402832,35182
0.03448772430419922,35182
0.03506660461425781,35182
0.03623175621032715,35182
0.03739356994628906,35182
0.03855419158935547,35182
0.03913426399230957,35182
0.0402982234954834,35182
0.04146432876586914,35182
0.04204368591308594,35182
0.04320406913757324,35182
0.04436850547790527,35182
0.04552888870239258,35182
0.04610943794250488,35182
0.047272682189941406,35182
0.04843282699584961,35182
0.049012184143066406,35182
0.05017352104187012,35182
0.05134391784667969,35182
0.05251169204711914,35182
0.05309939384460449,35182
0.05310630798339844,35182
