Time,Objective value
0.0004756450653076172,41718
0.0013968944549560547,36968
0.002558469772338867,36130
0.003136157989501953,35982
0.004305839538574219,35842
0.005464792251586914,35596
0.00604557991027832,35596
0.0072019100189208984,35544
0.008358955383300781,35544
0.009539604187011719,35544
0.01012563705444336,35544
0.011285066604614258,35542
0.012441158294677734,35542
0.013021230697631836,35542
0.014178752899169922,35540
0.01533651351928711,35540
0.016491413116455078,35540
0.017072677612304688,35540
0.01822829246520996,35540
0.019405364990234375,35540
0.0205686092376709,35540
0.02114701271057129,35540
0.02230358123779297,35540
0.02345895767211914,35540
0.024040699005126953,35540
0.025196313858032227,35540
0.026353120803833008,35540
0.02750849723815918,35540
0.028100252151489258,35540
0.029267549514770508,35540
0.03042459487915039,35540
0.031011581420898438,35540
0.03217029571533203,35540
0.0333251953125,35540
0.03455305099487305,35540
0.035135746002197266,35540
0.03632807731628418,35540
0.03749823570251465,35540
0.03808140754699707,35540
0.0392458438873291,35540
0.04041886329650879,35540
0.0415806770324707,35540
0.042157888412475586,35540
0.04332590103149414,35540
0.044490814208984375,35540
0.04507327079772949,35540
0.04623103141784668,35540
0.04740333557128906,35540
0.048583030700683594,35540
0.04916501045227051,35540
0.050328969955444336,35540
0.051492929458618164,35540
0.052077531814575195,35540
0.052666664123535156,35540
