Time,Objective value
0.00047588348388671875,42778
0.0015425682067871094,36950
0.0021216869354248047,36184
0.003294706344604492,35866
0.00445866584777832,35578
0.005038261413574219,35570
0.006196737289428711,35372
0.007366180419921875,35294
0.008546113967895508,35286
0.009126901626586914,35282
0.010286092758178711,35282
0.01146078109741211,35282
0.012040376663208008,35282
0.0131988525390625,35282
0.014355659484863281,35282
0.015515804290771484,35282
0.01609516143798828,35282
0.017252206802368164,35282
0.01843404769897461,35282
0.019012451171875,35282
0.020169973373413086,35282
0.021326303482055664,35282
0.022484540939331055,35282
0.023062467575073242,35282
0.02421855926513672,35282
0.025375843048095703,35282
0.026543617248535156,35282
0.027122974395751953,35282
0.028289079666137695,35282
0.029448986053466797,35282
0.03002786636352539,35282
0.031184911727905273,35282
0.03234148025512695,35282
0.03351163864135742,35282
0.03408980369567871,35282
0.03524613380432129,35282
0.03642010688781738,35282
0.03758573532104492,35282
0.03817343711853027,35282
0.03936886787414551,35282
0.04056072235107422,35282
0.04114842414855957,35282
0.04233121871948242,35282
0.04351663589477539,35282
0.04410839080810547,35282
0.04528927803039551,35282
0.04647040367126465,35282
0.047057390213012695,35282
0.04824471473693848,35282
0.049424171447753906,35282
0.05001235008239746,35282
0.05118584632873535,35282
0.052361249923706055,35282
0.052956342697143555,35282
