Time,Objective value
0.023215770721435547,91540
0.02322244644165039,91540
0.04725170135498047,91540
0.07135772705078125,91540
0.09526681900024414,91540
0.11963963508605957,91540
0.1436021327972412,91540
0.1675877571105957,91540
0.19189238548278809,91540
0.21601390838623047,91540
0.24026894569396973,91540
0.26387810707092285,91540
0.2877161502838135,91540
0.31226158142089844,91540
0.33629941940307617,91540
0.360889196395874,91540
0.38488030433654785,91540
0.40928220748901367,91540
0.43352532386779785,91540
0.4575824737548828,91540
0.4817812442779541,91540
0.5055713653564453,91540
0.5298705101013184,91540
0.5540511608123779,91540
0.5782678127288818,91540
0.6023721694946289,91540
0.6023831367492676,91540
