Time,Objective value
0.023271560668945312,92710
0.02327704429626465,92710
0.04776620864868164,92630
0.0722498893737793,92630
0.09684348106384277,92210
0.12196993827819824,92210
0.1462705135345459,92210
0.17068886756896973,91580
0.1953446865081787,91580
0.21988797187805176,91580
0.244429349899292,91580
0.2684895992279053,91580
0.2929537296295166,91580
0.31711483001708984,91580
0.3413126468658447,91580
0.365342378616333,91580
0.38988256454467773,91580
0.41408848762512207,91580
0.4378077983856201,91580
0.462355375289917,91580
0.48656368255615234,91580
0.5107967853546143,91580
0.5348701477050781,91580
0.5591449737548828,91540
0.583470344543457,91540
0.6074960231781006,91540
0.6075026988983154,91540
