Time,Objective value
0.0037658214569091797,725271599
0.0037758350372314453,725271599
0.0037832260131835938,725271599
