Time,Objective value
0.0024633407592773438,730002485
0.0024704933166503906,730002485
0.0024771690368652344,730002485
