Time,Objective value
0.004633188247680664,728887914
0.004641532897949219,728887914
0.004650592803955078,728887914
