Time,Objective value
0.003225088119506836,728846389
0.003233194351196289,728846389
0.0032401084899902344,728846389
