Time,Objective value
0.003750324249267578,725571177
0.0037577152252197266,725571177
0.0037653446197509766,725571177
