Time,Objective value
0.002811908721923828,728269992
0.0028188228607177734,728269992
0.0028252601623535156,728269992
