Time,Objective value
0.00505828857421875,797009074
0.00506901741027832,797009074
0.005078315734863281,797009074
