Time,Objective value
0.0016002655029296875,19702644
0.0016074180603027344,19702644
0.0016140937805175781,19702644
