Time,Objective value
0.0017766952514648438,18039214
0.0017852783203125,18039214
0.0017921924591064453,18039214
