Time,Objective value
0.0027213096618652344,18039214
0.0027313232421875,18039214
0.002742290496826172,18039214
