Time,Objective value
0.001743316650390625,17997928
0.0017502307891845703,17997928
0.0017571449279785156,17997928
