Time,Objective value
0.0026140213012695312,17997928
0.0026264190673828125,17997928
0.002637624740600586,17997928
