Time,Objective value
0.27931833267211914,52106912
0.2793262004852295,52106912
0.5597164630889893,51532094
0.8394641876220703,51072734
1.1191229820251465,50296168
1.3998847007751465,50114062
1.6843295097351074,49446672
1.9646050930023193,49446672
2.2448768615722656,49446672
2.525634765625,48529528
2.8105180263519287,47953512
3.0916476249694824,47422244
3.376250982284546,47422244
3.6588218212127686,47422244
3.9696884155273438,47422244
4.25982403755188,47413092
4.540127754211426,47059708
4.82523512840271,47059708
5.1105756759643555,46698332
5.391808271408081,46698332
5.674621105194092,46312930
5.961774587631226,46312930
6.25106143951416,46097416
6.533057928085327,46031066
6.81914496421814,45986472
7.102141380310059,45812230
7.10215163230896,45812230
