Time,Objective value
0.5260217189788818,51020948
0.5260324478149414,51020948
1.0055656433105469,50616460
1.286867380142212,50085070
1.5693633556365967,50085070
1.8537352085113525,49191880
2.134650230407715,48979606
2.416698694229126,48637608
2.6974246501922607,48088664
2.9773612022399902,48088664
3.25717830657959,48088664
3.537031412124634,48088664
3.818849563598633,47982514
4.103106498718262,47687762
4.386214971542358,47687762
4.669363498687744,47687762
4.954860687255859,47181374
5.2340123653411865,47029036
5.583503246307373,46952504
6.111238718032837,46405248
6.656555414199829,46246234
6.972192049026489,46246234
7.252480506896973,46133054
7.5242578983306885,45695810
7.795576333999634,45518584
8.067693710327148,45303844
8.067703485488892,45303844
