Time,Objective value
0.38538694381713867,50737946
0.3853950500488281,50737946
0.6660804748535156,49952994
0.9959166049957275,49533702
1.5273630619049072,49256898
1.9739789962768555,49256898
2.499659776687622,49256898
2.9639816284179688,49256898
3.243602752685547,48773120
3.5253384113311768,48386930
3.8041305541992188,48056462
4.2499377727508545,47873962
4.5287230014801025,47873962
4.807846784591675,47538264
5.261700391769409,47120086
5.786278486251831,46814154
6.314695358276367,46814154
6.848325490951538,46558254
7.376053094863892,46558254
7.8899760246276855,46376294
8.409773588180542,46376294
8.916276216506958,46273702
9.397249937057495,46156420
9.664040327072144,45705386
9.921263933181763,45521824
10.177677631378174,45521824
10.177685260772705,45521824
