Time,Objective value
0.370450496673584,51180288
0.37045836448669434,51180288
0.6510829925537109,49871382
1.0053796768188477,49871382
1.5355534553527832,49871382
2.04103422164917,49468804
2.5661914348602295,48838878
3.0963079929351807,48626232
3.6249942779541016,48423042
4.16357421875,48423042
4.4491801261901855,48111950
4.728441476821899,48111950
5.009517431259155,47648348
5.290920972824097,47258756
5.5703794956207275,47008982
5.850201845169067,46792870
6.13092303276062,46792870
6.411073923110962,46612756
6.692962646484375,46271956
6.972915410995483,46271956
7.252151727676392,46271956
7.527722120285034,46176354
7.7981836795806885,45972062
8.07041621208191,45690660
8.34168291091919,45690660
8.608561754226685,45533586
8.60857081413269,45533586
