Time,Objective value
0.2785055637359619,50775352
0.27851414680480957,50775352
0.557990550994873,50216484
0.8410584926605225,49653202
1.2848296165466309,49653202
1.8168997764587402,49653202
2.1878559589385986,49204730
2.468557834625244,48685752
2.7500498294830322,48238642
3.0307867527008057,47430044
3.312647581100464,47054228
3.594244956970215,47054228
3.8763744831085205,46671188
4.159704208374023,46448850
4.4416303634643555,46281098
4.724777698516846,45882968
5.064513921737671,45882968
5.3465564250946045,45619538
5.72697901725769,45490570
6.254694223403931,45417142
6.785717248916626,45286380
7.32065224647522,45286380
7.841716051101685,45286380
8.353679895401001,45286380
8.865833759307861,45286380
9.363113641738892,45286380
9.363128900527954,45286380
