Time,Objective value
0.027827739715576172,35536
0.02783656120300293,35536
0.056816816329956055,35510
0.08179211616516113,35510
0.11156392097473145,35510
0.14101481437683105,35186
0.16462016105651855,35186
0.19889330863952637,35054
0.23270153999328613,35054
0.2625081539154053,35054
0.2908658981323242,35054
0.31523942947387695,35054
0.3398873805999756,35054
0.37404537200927734,35054
0.40364861488342285,35054
0.43308281898498535,35054
0.46293067932128906,35054
0.4824249744415283,35054
0.4987528324127197,35054
0.515007495880127,35054
0.5277862548828125,35054
0.5405912399291992,35054
0.5581941604614258,35054
0.5710635185241699,35054
0.5861377716064453,35054
0.5989606380462646,35054
0.5989689826965332,35054
