Time,Objective value
0.02073812484741211,35666
0.02074432373046875,35666
0.038041114807128906,35070
0.05310463905334473,35070
0.06798887252807617,35070
0.08545947074890137,35012
0.0977330207824707,35012
0.10964107513427734,35012
0.12421751022338867,35012
0.13870882987976074,35012
0.15158867835998535,35012
0.16389751434326172,35012
0.1788473129272461,35012
0.19402360916137695,35012
0.2115025520324707,35012
0.2265784740447998,35012
0.2415316104888916,35012
0.25911831855773926,35012
0.27234625816345215,35012
0.28513240814208984,35012
0.30272555351257324,35012
0.31517481803894043,35012
0.32793211936950684,35012
0.33986401557922363,35012
0.3523521423339844,35012
0.3649442195892334,35012
0.36495113372802734,35012
