Time,Objective value
0.01307368278503418,35748
0.013080120086669922,35748
0.025876760482788086,35438
0.04309511184692383,35132
0.05557727813720703,35094
0.07057070732116699,35094
0.08320021629333496,35094
0.10559678077697754,35094
0.1206977367401123,35094
0.1327042579650879,35094
0.14786338806152344,35094
0.16029977798461914,35094
0.17577695846557617,35094
0.1885395050048828,35000
0.2010788917541504,35000
0.21340465545654297,35000
0.2262287139892578,35000
0.23861026763916016,35000
0.25823521614074707,35000
0.2734079360961914,35000
0.29066944122314453,35000
0.30305981636047363,34958
0.31787681579589844,34958
0.3298366069793701,34958
0.3450334072113037,34958
0.36022377014160156,34958
0.36023521423339844,34958
