Time,Objective value
0.015618085861206055,35818
0.015629053115844727,35818
0.03524160385131836,35258
0.06467461585998535,35258
0.08878636360168457,35258
0.1189737319946289,34818
0.1592416763305664,34800
0.18786311149597168,34800
0.21322870254516602,34800
0.2473914623260498,34800
0.2718820571899414,34800
0.30238842964172363,34800
0.33728981018066406,34800
0.3616321086883545,34800
0.3912038803100586,34800
0.41522216796875,34800
0.44101548194885254,34800
0.4759328365325928,34800
0.49994993209838867,34800
0.5255200862884521,34800
0.5406887531280518,34800
0.5533576011657715,34800
0.5683164596557617,34800
0.5813896656036377,34800
0.594249963760376,34800
0.609257698059082,34800
0.6092660427093506,34800
