Time,Objective value
0.018265485763549805,35326
0.018271207809448242,35326
0.035987138748168945,35326
0.050830841064453125,35266
0.06597685813903809,35266
0.08132743835449219,35266
0.09339261054992676,35266
0.1087038516998291,34986
0.12586236000061035,34986
0.14056110382080078,34986
0.16302061080932617,34986
0.18301033973693848,34986
0.19753026962280273,34986
0.207291841506958,34986
0.21997642517089844,34986
0.23481535911560059,34986
0.24690842628479004,34986
0.26243090629577637,34986
0.27744174003601074,34986
0.29253339767456055,34986
0.3077578544616699,34986
0.32321715354919434,34986
0.3354682922363281,34986
0.3552548885345459,34986
0.3717153072357178,34986
0.39066624641418457,34986
0.39067769050598145,34986
