Time,Objective value
0.016018390655517578,35470
0.01602482795715332,35470
0.030871868133544922,35254
0.04566025733947754,35232
0.060813188552856445,35232
0.07787752151489258,35232
0.0897672176361084,35232
0.10486865043640137,35062
0.11937880516052246,35062
0.131666898727417,35062
0.15135836601257324,35062
0.1660013198852539,35062
0.1864914894104004,35062
0.2116105556488037,35062
0.2265009880065918,35062
0.2391510009765625,35062
0.25474047660827637,35062
0.26738977432250977,35062
0.28264617919921875,35062
0.2970924377441406,35062
0.3094463348388672,35062
0.32165050506591797,35062
0.3343222141265869,35062
0.34960007667541504,35062
0.36928534507751465,35062
0.3842465877532959,35056
0.38425517082214355,35056
