Time,Objective value
0.016932249069213867,35292
0.016939163208007812,35292
0.03441286087036133,35292
0.04680347442626953,35214
0.05945754051208496,35214
0.07445454597473145,35214
0.08662867546081543,35214
0.1017453670501709,35214
0.11909699440002441,35214
0.13141155242919922,35214
0.14376282691955566,35214
0.15637445449829102,35214
0.16904187202453613,35214
0.18359112739562988,35214
0.19891095161437988,35214
0.21167302131652832,35214
0.23697495460510254,35214
0.25649547576904297,35214
0.271777868270874,35214
0.2844216823577881,35128
0.296489953994751,35128
0.3092048168182373,35128
0.321364164352417,35128
0.33879995346069336,35128
0.3514220714569092,35056
0.37018680572509766,35056
0.3701949119567871,35056
