Time,Objective value
0.026371240615844727,35572
0.026380538940429688,35572
0.05150127410888672,35530
0.08257699012756348,35350
0.10813617706298828,35004
0.13893890380859375,35004
0.17017340660095215,35004
0.21288800239562988,35004
0.2391490936279297,35004
0.2754402160644531,34928
0.30672764778137207,34914
0.3419923782348633,34914
0.3740265369415283,34914
0.41011595726013184,34914
0.44103455543518066,34914
0.4772677421569824,34914
0.5139431953430176,34914
0.54559326171875,34914
0.5585546493530273,34914
0.571434736251831,34914
0.5863549709320068,34914
0.6015644073486328,34914
0.6192576885223389,34914
0.6319997310638428,34914
0.6474971771240234,34914
0.6577239036560059,34914
0.6577322483062744,34914
