Time,Objective value
0.020574331283569336,35310
0.020581483840942383,35310
0.03397226333618164,35310
0.05112600326538086,35310
0.06832385063171387,34922
0.08315634727478027,34922
0.1007225513458252,34922
0.11323857307434082,34922
0.12597131729125977,34922
0.1434030532836914,34922
0.16032910346984863,34922
0.17548704147338867,34922
0.19028067588806152,34922
0.22272992134094238,34922
0.23801946640014648,34922
0.2504291534423828,34922
0.26284098625183105,34922
0.2781822681427002,34922
0.29605770111083984,34922
0.3111565113067627,34922
0.3241243362426758,34922
0.3369474411010742,34922
0.3493213653564453,34922
0.3617212772369385,34922
0.3744533061981201,34922
0.3920786380767822,34922
0.3920924663543701,34922
