Time,Objective value
0.016889095306396484,35470
0.016896486282348633,35470
0.03178262710571289,35254
0.04658102989196777,35232
0.06213784217834473,35232
0.07932829856872559,35232
0.09122633934020996,35232
0.10630941390991211,35062
0.12082362174987793,35062
0.13314294815063477,35062
0.15284276008605957,35062
0.16746282577514648,35062
0.1880509853363037,35062
0.2131643295288086,35062
0.22801566123962402,35062
0.240584135055542,35062
0.25614500045776367,35062
0.2687404155731201,35062
0.2839515209197998,35062
0.29833126068115234,35062
0.3106536865234375,35062
0.3228886127471924,35062
0.3355751037597656,35062
0.35086941719055176,35062
0.37056875228881836,35062
0.38555002212524414,35056
0.3855571746826172,35056
