Time,Objective value
0.11461567878723145,49742
0.1146249771118164,49742
0.22277545928955078,49742
0.3363606929779053,49358
0.4541633129119873,49050
0.5929281711578369,49050
0.6864523887634277,49050
0.747638463973999,49050
0.8232138156890869,49050
0.8852124214172363,49050
0.9550316333770752,49050
1.018240213394165,49050
1.079904317855835,49050
1.14994478225708,49050
1.2177753448486328,49050
1.2836966514587402,49050
1.3393611907958984,49050
1.4321560859680176,49050
1.5151283740997314,49050
1.5829339027404785,49050
1.6444430351257324,49050
1.7123363018035889,49050
1.776261806488037,49050
1.8476204872131348,49050
1.9083552360534668,49050
1.9662182331085205,49050
1.9662261009216309,49050
