Time,Objective value
0.06995177268981934,49582
0.06995892524719238,49582
0.13132071495056152,49512
0.19318556785583496,49512
0.2565648555755615,49512
0.3189690113067627,49512
0.38165974617004395,49512
0.44621849060058594,49512
0.5140953063964844,49512
0.5754671096801758,49512
0.6500382423400879,49512
0.732673168182373,49512
0.8040547370910645,49150
0.8812413215637207,49150
0.9522662162780762,49150
1.0207710266113281,49150
1.0816583633422852,49150
1.152597188949585,49150
1.2181830406188965,49150
1.2827072143554688,49150
1.357283115386963,49062
1.4249801635742188,49062
1.49204683303833,49062
1.5584044456481934,49062
1.6263582706451416,49062
1.6872639656066895,49062
1.6872713565826416,49062
