Time,Objective value
0.08084583282470703,49526
0.08085155487060547,49526
0.14647412300109863,49468
0.2297496795654297,49468
0.29869627952575684,49468
0.36531901359558105,49468
0.4297068119049072,49468
0.49962615966796875,49218
0.5727024078369141,49218
0.6473171710968018,49218
0.7136368751525879,49218
0.7794833183288574,49218
0.8456344604492188,49218
0.9169628620147705,49218
0.9769363403320312,49218
1.0449113845825195,49210
1.1144051551818848,49210
1.1798770427703857,49128
1.2424027919769287,49128
1.3099348545074463,49128
1.370920181274414,49128
1.4398555755615234,49128
1.5160672664642334,49128
1.5879285335540771,49128
1.6550579071044922,49128
1.7219350337982178,48986
1.7219483852386475,48986
