Time,Objective value
0.06795930862426758,49466
0.06796550750732422,49466
0.1356656551361084,49466
0.21283936500549316,49466
0.2777829170227051,49466
0.3407254219055176,49466
0.40760302543640137,49466
0.46676111221313477,49466
0.5401003360748291,49220
0.602278470993042,49220
0.6701974868774414,49220
0.7381799221038818,49220
0.8061068058013916,49220
0.8833663463592529,49220
0.9434239864349365,49220
1.0081288814544678,49220
1.0740203857421875,49220
1.1361634731292725,49220
1.2022771835327148,49220
1.2820966243743896,49220
1.3538224697113037,49220
1.4197602272033691,49220
1.4789988994598389,49220
1.5453834533691406,49220
1.6046836376190186,49220
1.6658732891082764,49220
1.6658804416656494,49220
