Time,Objective value
0.06076622009277344,49638
0.06077313423156738,49638
0.13810467720031738,49150
0.20676064491271973,49150
0.2806730270385742,49150
0.3406407833099365,49150
0.4106571674346924,49150
0.48214268684387207,49150
0.5445489883422852,49150
0.623429536819458,49150
0.6973779201507568,49150
0.7706587314605713,49150
0.834092378616333,49150
0.9033093452453613,49150
0.9740183353424072,49150
1.0372545719146729,49150
1.1007592678070068,49150
1.1610469818115234,49150
1.2198565006256104,49150
1.2835958003997803,49150
1.3437411785125732,49150
1.4164848327636719,49150
1.4870178699493408,49150
1.5504109859466553,49150
1.62369966506958,49150
1.6863315105438232,49150
1.6863384246826172,49150
