Time,Objective value
0.11129522323608398,49612
0.11130285263061523,49612
0.2400667667388916,49612
0.35800623893737793,49612
0.4729940891265869,49612
0.5838520526885986,49344
0.7039132118225098,49344
0.8238577842712402,49344
0.9566361904144287,49344
1.089345932006836,49344
1.2041585445404053,49344
1.3176167011260986,49344
1.4345405101776123,49344
1.5609042644500732,49192
1.6746711730957031,49192
1.7977871894836426,49192
1.9216716289520264,49108
2.032268524169922,49108
2.1708579063415527,49108
2.2860543727874756,49108
2.363032102584839,49108
2.432405948638916,49108
2.497720241546631,49108
2.562946319580078,49108
2.620939016342163,49108
2.6791045665740967,49108
2.679112195968628,49108
