Time,Objective value
0.0017452239990234375,3886
0.0017514228820800781,3886
0.0017578601837158203,3886
