Time,Objective value
0.0036270618438720703,3882
0.0036385059356689453,3882
0.0036516189575195312,3882
