Time,Objective value
0.0021924972534179688,3794
0.0022001266479492188,3794
0.0022077560424804688,3794
