Time,Objective value
0.002353668212890625,3830
0.002361297607421875,3830
0.002367734909057617,3830
