Time,Objective value
0.0021462440490722656,3932
0.0021529197692871094,3932
0.0021600723266601562,3932
