Time,Objective value
0.1024022102355957,152404
0.10240936279296875,152404
0.20342779159545898,152304
0.32056212425231934,152304
0.45229601860046387,151974
0.5375800132751465,151974
0.6548483371734619,151974
0.7410905361175537,151974
0.8433175086975098,151514
0.945009708404541,151514
1.0304374694824219,151514
1.1497259140014648,151368
1.251279592514038,151368
1.3377015590667725,151368
1.454089879989624,151368
1.5737950801849365,151368
12.77825379371643,151030
25.583001375198364,151030
42.146870851516724,151030
51.338422536849976,151030
62.14818477630615,150730
72.43171381950378,150398
82.34317994117737,150248
90.76288890838623,150236
100.88889241218567,150236
100.8889012336731,150236
