Time,Objective value
0.08928871154785156,152576
0.08929586410522461,152576
0.17611408233642578,151846
0.2769627571105957,151764
0.4226338863372803,151764
0.5080208778381348,151764
0.5934946537017822,151764
0.6946310997009277,151764
0.7818152904510498,151764
0.9269793033599854,151764
1.0455944538116455,151764
1.1317830085754395,151764
1.233867883682251,151764
1.3216807842254639,151764
1.4389636516571045,151764
1.5842995643615723,151764
11.077248811721802,150780
19.83344531059265,150584
29.0855553150177,150428
39.311580181121826,150416
49.08886957168579,150336
62.24128723144531,150336
76.54600811004639,150328
84.21634292602539,150328
95.07139110565186,150328
104.25314331054688,150328
104.25315642356873,150328
