Time,Objective value
0.0025739669799804688,6950
0.0025794506072998047,6950
0.0029990673065185547,6680
0.003989219665527344,6680
0.005282878875732422,6680
0.005646705627441406,6680
0.006234884262084961,6680
0.007138252258300781,6680
0.008048057556152344,6680
0.009269475936889648,6680
0.010240793228149414,6680
0.011084318161010742,6680
0.012782812118530273,6680
0.013399839401245117,6680
0.014399290084838867,6680
0.015563726425170898,6680
0.015573978424072266,6680
