Time,Objective value
0.003770112991333008,7034
0.0037767887115478516,7034
0.004410743713378906,7034
0.004709959030151367,7034
0.00494837760925293,7034
0.005906105041503906,6758
0.006999969482421875,6758
0.007724761962890625,6758
0.008358001708984375,6758
0.009479284286499023,6758
0.010323524475097656,6758
0.011203527450561523,6758
0.012642621994018555,6612
0.01309823989868164,6612
0.014498233795166016,6612
0.015338897705078125,6612
0.016304492950439453,6612
0.01706719398498535,6612
0.018445253372192383,6612
0.01971745491027832,6612
0.019913673400878906,6612
