Time,Objective value
0.0034036636352539062,6722
0.0034117698669433594,6722
0.004183053970336914,6690
0.00487828254699707,6690
0.005223512649536133,6690
0.00630497932434082,6690
0.006970882415771484,6690
0.007860660552978516,6690
0.009273529052734375,6690
0.010058403015136719,6690
0.0106964111328125,6690
0.01108694076538086,6690
0.012130498886108398,6690
0.013109445571899414,6646
0.014300823211669922,6646
0.015100717544555664,6646
0.016188621520996094,6646
0.01619410514831543,6646
