Time,Objective value
0.00115203857421875,6548
0.001157999038696289,6548
0.0028290748596191406,6332
0.003539562225341797,6332
0.005323886871337891,6332
0.00581669807434082,6332
0.00653386116027832,6332
0.007266998291015625,6332
0.008312225341796875,6332
0.009328365325927734,6332
0.010822772979736328,6332
0.011026859283447266,6332
0.012082576751708984,6332
0.013475179672241211,6332
0.014328718185424805,6332
0.014738321304321289,6272
