Time,Objective value
0.0014224052429199219,6784
0.0014302730560302734,6784
0.002363443374633789,6784
0.0034456253051757812,6784
0.004409074783325195,6784
0.006047725677490234,6760
0.00687861442565918,6760
0.007706165313720703,6674
0.008458852767944336,6674
0.009268760681152344,6578
0.010551929473876953,6578
0.011481523513793945,6578
0.012496232986450195,6570
0.013142108917236328,6570
0.014062881469726562,6570
0.01543426513671875,6570
0.015951156616210938,6570
