Time,Objective value
0.0011677742004394531,6918
0.0011737346649169922,6918
0.002426624298095703,6680
0.0033416748046875,6642
0.004284858703613281,6642
0.0051310062408447266,6642
0.0065670013427734375,6600
0.0072820186614990234,6600
0.008554935455322266,6432
0.009078502655029297,6432
0.010357141494750977,6432
0.011451959609985352,6432
0.012178897857666016,6432
0.013386011123657227,6432
0.014019012451171875,6432
0.015052080154418945,6432
0.015058279037475586,6432
