Time,Objective value
0.002566814422607422,6712
0.0025718212127685547,6712
0.0033292770385742188,6712
0.004441261291503906,6712
0.004971504211425781,6712
0.005313873291015625,6712
0.006771087646484375,6712
0.007560014724731445,6712
0.008098602294921875,6706
0.009621381759643555,6692
0.010039806365966797,6692
0.011711597442626953,6692
0.01230931282043457,6692
0.013103723526000977,6692
0.014652252197265625,6626
0.01519155502319336,6626
0.016409873962402344,6542
0.0172574520111084,6542
0.017264604568481445,6542
