Time,Objective value
0.004910469055175781,3854
0.004922389984130859,3854
0.004935741424560547,3854
