Time,Objective value
0.003324747085571289,3894
0.0033338069915771484,3894
0.003344297409057617,3894
