Time,Objective value
0.0023643970489501953,3828
0.002371549606323242,3828
0.002379179000854492,3828
