Time,Objective value
0.0041179656982421875,3870
0.004129171371459961,3870
0.004141092300415039,3870
