Time,Objective value
0.0021026134490966797,3860
0.0021085739135742188,3860
0.0021147727966308594,3860
