Time,Objective value
0.003641366958618164,98710
0.0036497116088867188,98710
0.0036573410034179688,98710
