Time,Objective value
0.0028564929962158203,95210
0.0028638839721679688,95210
0.0028710365295410156,95210
