Time,Objective value
0.003427743911743164,95180
0.0034360885620117188,95180
0.0034437179565429688,95180
