Time,Objective value
0.005709171295166016,97920
0.0057218074798583984,97920
0.0057337284088134766,97920
