Time,Objective value
0.005702972412109375,94040
0.0057125091552734375,94040
0.005723237991333008,94040
