Time,Objective value
0.0037050247192382812,97420
0.0037124156951904297,97420
0.0037202835083007812,97420
