Time,Objective value
0.003824949264526367,98710
0.003832578659057617,98710
0.003840923309326172,98710
