Time,Objective value
0.30516886711120605,8494386
0.305178165435791,8494386
0.6038286685943604,8402708
0.9047117233276367,8397540
1.2073450088500977,8378766
1.5059800148010254,8366036
1.774059534072876,8366036
1.9237444400787354,8366036
2.0746216773986816,8366036
2.2262771129608154,8366036
2.376295804977417,8366036
2.5257911682128906,8366036
2.6752243041992188,8356690
2.8264000415802,8356690
2.9781908988952637,8356690
3.1276516914367676,8356690
3.278257369995117,8356690
3.429652690887451,8356690
3.579169273376465,8356690
3.728666305541992,8356690
3.8791441917419434,8356690
4.028573274612427,8326748
4.179145336151123,8326748
4.328294038772583,8326748
4.477856874465942,8326748
4.628188133239746,8326748
4.628200531005859,8326748
