Time,Objective value
0.15304970741271973,8417318
0.15305662155151367,8417318
0.30515098571777344,8417318
0.4562859535217285,8417318
0.6095664501190186,8417318
0.7610170841217041,8408892
0.913501501083374,8376482
1.0664112567901611,8376482
1.221064805984497,8376482
1.3726353645324707,8376482
1.523667335510254,8376482
1.6747798919677734,8376482
1.8261656761169434,8376482
1.9773731231689453,8376482
2.146770477294922,8376482
2.297729253768921,8317564
2.448883056640625,8317564
2.6009349822998047,8317564
2.7517435550689697,8317564
2.902992010116577,8317564
3.0543198585510254,8317564
3.2060275077819824,8317564
3.3574016094207764,8317564
3.5088491439819336,8317564
3.6615960597991943,8317564
3.8136613368988037,8317564
3.8136746883392334,8317564
