Time,Objective value
0.15183544158935547,8375340
0.15184259414672852,8375340
0.30277180671691895,8375340
0.4535057544708252,8353210
0.6037743091583252,8353210
0.7569434642791748,8353210
0.9066238403320312,8353210
1.056560754776001,8353210
1.2122483253479004,8353210
1.5149798393249512,8353210
1.830385684967041,8353210
2.133742332458496,8353210
2.4413223266601562,8353210
2.7424685955047607,8353210
3.044785737991333,8353210
3.3440985679626465,8341186
3.6450202465057373,8341186
3.9518253803253174,8341186
4.254340648651123,8341186
4.56017541885376,8341186
4.851280689239502,8341186
5.141510486602783,8341186
5.4337122440338135,8341186
5.725289583206177,8341186
6.016538619995117,8341186
6.308751344680786,8341186
6.308762311935425,8341186
