Time,Objective value
0.15483808517456055,8480102
0.1548457145690918,8480102
0.30993103981018066,8440080
0.4635438919067383,8419746
0.6196498870849609,8361426
0.7756927013397217,8361426
0.930394172668457,8361426
1.0867500305175781,8361426
1.2426211833953857,8361426
1.3969237804412842,8361426
1.550401210784912,8361426
1.7047009468078613,8361426
1.8602831363677979,8361426
2.01470947265625,8361426
2.1758832931518555,8361426
2.330385684967041,8361426
2.4857497215270996,8352582
2.640436887741089,8352582
2.7947351932525635,8352582
2.9478600025177,8352582
3.1059064865112305,8352582
3.2592291831970215,8352582
3.4127235412597656,8326058
3.57108998298645,8326058
3.7261478900909424,8326058
3.8813154697418213,8326058
3.8813276290893555,8326058
