Time,Objective value
0.003940105438232422,6450
0.003947019577026367,6450
0.005807638168334961,6450
0.0076177120208740234,6450
0.009408712387084961,6450
0.011414289474487305,6450
0.013418436050415039,6450
0.015430927276611328,6450
0.017418384552001953,6450
0.01937270164489746,6450
0.021506071090698242,6450
0.02336716651916504,6450
0.02519083023071289,6450
0.027029991149902344,6450
0.028841257095336914,6450
0.030634164810180664,6450
0.03258633613586426,6450
0.034548044204711914,6450
0.036359310150146484,6450
0.03814530372619629,6352
0.03991961479187012,6352
0.04190969467163086,6352
0.04372358322143555,6352
0.04571843147277832,6352
0.047528743743896484,6352
0.049340248107910156,6352
0.04934883117675781,6352
