Time,Objective value
0.005586147308349609,7102
0.005594491958618164,7102
0.008202552795410156,7042
0.010541200637817383,7042
0.0128173828125,7000
0.015134811401367188,7000
0.017356395721435547,7000
0.019883394241333008,6660
0.022486209869384766,6660
0.025434494018554688,6660
0.027710914611816406,6660
0.029659748077392578,6660
0.03141474723815918,6660
0.033231496810913086,6660
0.035188913345336914,6604
0.036954641342163086,6604
0.03858685493469238,6604
0.04052543640136719,6604
0.042429447174072266,6604
0.044219970703125,6604
0.04613924026489258,6604
0.04810214042663574,6598
0.05003976821899414,6598
0.051819801330566406,6598
0.05364489555358887,6598
0.05559229850769043,6598
0.05560016632080078,6598
