Time,Objective value
0.0037870407104492188,7152
0.0037927627563476562,7152
0.006026268005371094,7000
0.00818181037902832,6720
0.010055065155029297,6720
0.01210641860961914,6720
0.014032602310180664,6718
0.016212940216064453,6718
0.018105745315551758,6718
0.02019023895263672,6718
0.02219986915588379,6718
0.024194717407226562,6718
0.026059389114379883,6718
0.027955293655395508,6718
0.02981734275817871,6672
0.03194403648376465,6672
0.03379368782043457,6672
0.03596091270446777,6672
0.03778195381164551,6672
0.0395665168762207,6672
0.041379451751708984,6672
0.043204545974731445,6672
0.0450284481048584,6672
0.046829938888549805,6672
0.04868316650390625,6672
0.05066275596618652,6672
0.05067181587219238,6672
