Time,Objective value
0.004025697708129883,6676
0.004039287567138672,6676
0.0058786869049072266,6676
0.007723331451416016,6676
0.009542703628540039,6676
0.011359691619873047,6676
0.013219118118286133,6676
0.01520848274230957,6676
0.017058610916137695,6676
0.01890087127685547,6676
0.02091240882873535,6676
0.023592472076416016,6632
0.025440454483032227,6632
0.02725386619567871,6632
0.029066801071166992,6632
0.030848264694213867,6632
0.032648563385009766,6632
0.03447985649108887,6632
0.0364377498626709,6632
0.038520097732543945,6452
0.04063010215759277,6452
0.04244565963745117,6452
0.044261932373046875,6452
0.04624032974243164,6452
0.048232078552246094,6452
0.05004382133483887,6452
0.05005192756652832,6452
