Time,Objective value
0.00746607780456543,7008
0.007477760314941406,7008
0.011458873748779297,6790
0.016238689422607422,6790
0.019627809524536133,6790
0.023027896881103516,6790
0.025984525680541992,6626
0.028964757919311523,6626
0.03192138671875,6626
0.03460192680358887,6626
0.037618160247802734,6626
0.04114985466003418,6626
0.04483461380004883,6626
0.04782748222351074,6626
0.05101418495178223,6626
0.054180145263671875,6626
0.05732846260070801,6626
0.06045794486999512,6626
0.06365418434143066,6626
0.06656765937805176,6626
0.07004761695861816,6626
0.07368278503417969,6626
0.07684016227722168,6626
0.07998085021972656,6626
0.08359885215759277,6626
0.0868995189666748,6626
0.08691692352294922,6626
