Time,Objective value
0.003693103790283203,7190
0.00370025634765625,7190
0.005520820617675781,7190
0.00753331184387207,6804
0.009375333786010742,6804
0.011210918426513672,6804
0.01298213005065918,6804
0.014981269836425781,6804
0.016805171966552734,6540
0.018648862838745117,6540
0.020331144332885742,6540
0.022333145141601562,6540
0.02440476417541504,6540
0.026439428329467773,6464
0.0281527042388916,6464
0.030185222625732422,6464
0.03250622749328613,6464
0.0341954231262207,6464
0.03602433204650879,6464
0.037889957427978516,6464
0.03957772254943848,6464
0.04148387908935547,6464
0.04333853721618652,6464
0.045185089111328125,6464
0.04725813865661621,6464
0.04912209510803223,6464
0.04913210868835449,6464
