Time,Objective value
0.5063228607177734,158316
0.5063290596008301,158316
0.8720269203186035,156334
1.2298846244812012,156334
1.5988349914550781,156334
1.956615924835205,155960
2.305220365524292,155960
2.6592984199523926,155960
3.0063765048980713,155960
3.5573158264160156,155960
4.131291389465332,155960
4.724820613861084,155960
5.185464143753052,155960
5.537274122238159,155960
5.8979551792144775,155960
6.384364128112793,155960
6.737679719924927,155960
7.15980863571167,155960
7.717438697814941,155468
8.160674810409546,155468
8.488467693328857,155468
8.843337297439575,155468
9.19442343711853,155468
9.541619777679443,155336
9.873189449310303,155336
10.24097228050232,155336
10.240984678268433,155336
