Time,Objective value
0.5878100395202637,156548
0.5878193378448486,156548
1.2280757427215576,156340
1.8146512508392334,156340
2.4374170303344727,156340
3.051035165786743,156340
3.6560394763946533,156340
4.275094985961914,155654
4.640223026275635,155654
4.998072385787964,155654
5.360571384429932,155654
5.7095465660095215,155654
6.049038887023926,155654
6.402968406677246,155654
6.728542327880859,155654
7.094927787780762,155654
7.430361032485962,155654
7.7906129360198975,155654
8.14779782295227,155654
8.478529453277588,155654
8.903963327407837,155654
9.239403009414673,155654
9.58235788345337,155654
9.898412942886353,155654
10.23836898803711,155654
10.55502724647522,155654
10.55503511428833,155654
