Time,Objective value
0.5904052257537842,155978
0.5904138088226318,155978
1.1992814540863037,155978
1.7802321910858154,155978
2.3691213130950928,155978
2.9525506496429443,155978
3.541534900665283,155978
3.9604294300079346,155978
4.317412614822388,155870
4.832685947418213,155870
5.444403886795044,155870
6.04584264755249,155870
6.674699068069458,155870
7.295490264892578,155870
7.808134317398071,155870
8.161463260650635,155870
8.51692247390747,155870
8.860318183898926,155870
9.191007852554321,155870
9.55096983909607,155870
9.907785654067993,155870
10.249002456665039,155870
10.585933208465576,155870
10.91395878791809,155870
11.256029605865479,155870
11.588217496871948,155870
11.588227272033691,155870
