Time,Objective value
0.5899720191955566,157242
0.5899803638458252,157242
1.1665759086608887,157242
1.576033592224121,156356
1.9353134632110596,156356
2.2753632068634033,156206
2.7744057178497314,156206
3.3624491691589355,156206
3.7377610206604004,156206
4.101040840148926,155584
4.4775238037109375,155584
5.067124128341675,155584
5.5316033363342285,155584
5.879565954208374,155584
6.213175535202026,155584
6.552200078964233,155584
6.874475479125977,155584
7.2201478481292725,155584
7.547462463378906,155584
7.891228675842285,155584
8.236088991165161,155584
8.582516431808472,155584
8.945125341415405,155584
9.285158395767212,155584
9.62400507926941,155584
9.988823652267456,155584
9.988837480545044,155584
