Time,Objective value
1.1780588626861572,44971110
1.1780674457550049,44971110
1.178074598312378,44971110
