Time,Objective value
0.0038640499114990234,93560
0.0038704872131347656,93560
0.003877878189086914,93560
