Time,Objective value
0.0032684803009033203,97750
0.0032777786254882812,97750
0.0032858848571777344,97750
