Time,Objective value
0.0045964717864990234,98750
0.0046083927154541016,98750
0.004620790481567383,98750
