Time,Objective value
0.004728078842163086,95830
0.004736900329589844,95830
0.004747152328491211,95830
