Time,Objective value
0.005493640899658203,94280
0.005505800247192383,94280
0.005517482757568359,94280
