Time,Objective value
0.0050504207611083984,99580
0.005059719085693359,99580
0.00507044792175293,99580
