Time,Objective value
0.27277159690856934,9254462
0.2727828025817871,9254462
0.5415410995483398,9166520
0.8122384548187256,9140112
1.0809237957000732,9140112
1.2354052066802979,9140112
1.3655130863189697,9125356
1.4970300197601318,9093790
1.6275315284729004,9055952
1.7587499618530273,9051238
1.8891205787658691,9023384
2.020176649093628,8955242
2.150529146194458,8955242
2.2810091972351074,8955242
2.411344289779663,8955242
2.541433334350586,8955242
2.6717100143432617,8955242
2.8023364543914795,8955242
2.9326205253601074,8947506
3.0635833740234375,8947506
3.194730520248413,8947506
3.3278768062591553,8947506
3.462643623352051,8947506
3.593536376953125,8936024
3.7235920429229736,8936024
3.85398530960083,8936024
3.853998899459839,8936024
