Time,Objective value
0.13143539428710938,9249348
0.13144183158874512,9249348
0.26041436195373535,9239982
0.39244937896728516,9148388
0.5211918354034424,9083816
0.7341690063476562,9083816
0.9515793323516846,9061348
1.0804004669189453,9061348
1.2090950012207031,9061348
1.3379638195037842,9061348
1.4665868282318115,9061348
1.595207691192627,9061348
1.7239229679107666,9061348
1.8530027866363525,9061348
1.981609582901001,9061348
2.1101152896881104,9061348
2.2388904094696045,9061348
2.3675127029418945,9061348
2.4961905479431152,9052230
2.6280620098114014,9052230
2.7600784301757812,9052230
2.8922200202941895,9052230
3.023744821548462,9052230
3.1556077003479004,9052230
3.288281202316284,9052230
3.420044183731079,9040752
3.4200520515441895,9040752
