Time,Objective value
0.2663099765777588,9316790
0.26631999015808105,9316790
0.5327358245849609,9282800
0.8003506660461426,9282800
1.0684070587158203,9233464
1.3360087871551514,9174610
1.5126862525939941,9090340
1.6415715217590332,9053206
1.770482063293457,9053206
1.899055004119873,9053206
2.0279057025909424,9053206
2.156751871109009,9007702
2.2853450775146484,9007702
2.414077043533325,9007702
2.5428194999694824,8992786
2.671633005142212,8992786
2.800506830215454,8992786
2.9293384552001953,8992786
3.0582311153411865,8971428
3.1866798400878906,8971428
3.3817851543426514,8971428
3.513489246368408,8971428
3.6423633098602295,8971428
3.77432918548584,8970148
3.9036481380462646,8970148
4.032371282577515,8970148
4.032378673553467,8970148
