Time,Objective value
0.26148056983947754,9166030
0.2614893913269043,9166030
0.3916449546813965,9166030
0.5215795040130615,9161946
0.6535184383392334,9093840
0.7834954261779785,9093840
0.9134116172790527,9071196
1.0452632904052734,9071196
1.17689847946167,9071196
1.309000015258789,9071196
1.4407894611358643,9000088
1.57066011428833,9000088
1.7005252838134766,9000088
1.8303134441375732,8985402
1.9619519710540771,8985402
2.0938222408294678,8985402
2.2257118225097656,8969576
2.355644464492798,8969576
2.4855027198791504,8969576
2.6152148246765137,8969576
2.744980573654175,8942982
2.8767454624176025,8942982
3.008671998977661,8942982
3.1403250694274902,8942982
3.2720024585723877,8942982
3.4043190479278564,8942982
3.4043304920196533,8942982
