Time,Objective value
0.12926101684570312,9309996
0.12926793098449707,9309996
0.2604978084564209,9186542
0.3911583423614502,9141056
0.5222129821777344,9141056
0.6531522274017334,9116962
0.7837071418762207,9116962
0.9143760204315186,9106172
1.0917718410491943,9106172
1.363391637802124,9083594
1.6355066299438477,9048602
1.9065370559692383,9038154
2.172281503677368,9031800
2.3029682636260986,9031800
2.4334137439727783,9031800
2.5640225410461426,9031800
2.694685459136963,9031800
2.825180768966675,9031800
3.0239806175231934,9031800
3.2920284271240234,9031800
3.5608971118927,9031800
3.829915761947632,9031800
4.098610162734985,9031800
4.366501092910767,9031800
4.596338510513306,9031800
4.724772691726685,9031800
4.724785089492798,9031800
