Time,Objective value
0.26968884468078613,9222800
0.2696988582611084,9222800
0.541046142578125,9117630
0.713843822479248,9117630
0.8458058834075928,9106006
0.9797873497009277,9101522
1.11171555519104,9090784
1.2447476387023926,9062256
1.3766939640045166,9062256
1.5084726810455322,9062256
1.6403791904449463,9062256
1.772416353225708,9058572
1.9054903984069824,9058572
2.037898063659668,9058572
2.17060923576355,9058572
2.303192138671875,9058572
2.435894012451172,9025772
2.567779541015625,9025772
2.699708938598633,9009990
2.8323051929473877,9009990
2.965489387512207,9009990
3.0979995727539062,9009990
3.2308292388916016,9009990
3.3639109134674072,9009990
3.4969139099121094,8933278
3.628605842590332,8933278
3.6286137104034424,8933278
