Time,Objective value
0.10328006744384766,149720
0.1032872200012207,149720
0.10329413414001465,149720
