Time,Objective value
0.07295083999633789,149566
0.07296061515808105,149566
0.0729672908782959,149566
