Time,Objective value
0.10294270515441895,152290
0.1029512882232666,152290
0.10295891761779785,152290
