Time,Objective value
0.1289386749267578,151370
0.1289513111114502,151370
0.12896442413330078,151370
