Time,Objective value
0.007935523986816406,732871385
0.007941246032714844,732871385
0.012535333633422852,722643641
0.022511005401611328,722643641
0.03622937202453613,710371531
0.049230098724365234,710371531
0.06299161911010742,710371531
0.07215261459350586,701083094
0.08438992500305176,653308402
0.09992432594299316,653308402
0.10991215705871582,645523001
0.12206649780273438,645523001
0.13053345680236816,645523001
0.14192748069763184,645523001
0.15220880508422852,645523001
0.16577553749084473,645523001
0.17571425437927246,645523001
0.18817782402038574,645523001
0.19778847694396973,645523001
0.2107686996459961,645523001
0.2185051441192627,645523001
0.22945117950439453,645523001
0.24156904220581055,645523001
0.2564277648925781,645523001
0.2711067199707031,645523001
0.28359174728393555,645523001
0.2836029529571533,645523001
