Time,Objective value
0.008320331573486328,665350095
0.008325576782226562,665350095
0.013928890228271484,665350095
0.020089149475097656,650701979
0.026730060577392578,650701979
0.03236794471740723,649174955
0.03856611251831055,649174955
0.04513144493103027,649174955
0.04891252517700195,649174955
0.053629159927368164,649174955
0.0615234375,649174955
0.06659054756164551,649174955
0.07271552085876465,649174955
0.079681396484375,649174955
0.08575320243835449,649174955
0.09043622016906738,649174955
0.09678864479064941,649174955
0.10122299194335938,649174955
0.1076514720916748,649174955
0.1147611141204834,649174955
0.12390303611755371,649174955
0.1294264793395996,649174955
0.1336216926574707,649174955
0.14093637466430664,649174955
0.14540696144104004,649174955
0.15352153778076172,649174955
0.1535325050354004,649174955
