Time,Objective value
0.009104728698730469,725926851
0.009111166000366211,725926851
0.015648841857910156,724753320
0.020660877227783203,724753320
0.026039838790893555,654598406
0.0305635929107666,654598406
0.03809952735900879,654598406
0.04387688636779785,654598406
0.05072522163391113,654598406
0.0580446720123291,654598406
0.06455850601196289,654598406
0.0700981616973877,654598406
0.07634902000427246,654598406
0.08314967155456543,654598406
0.08925294876098633,638968654
0.09377241134643555,638968654
0.09946656227111816,638968654
0.1048285961151123,638968654
0.10895276069641113,638968654
0.11647772789001465,638968654
0.12328624725341797,638968654
0.12849855422973633,638968654
0.13692116737365723,638968654
0.14233636856079102,638968654
0.1478409767150879,638968654
0.15444159507751465,638968654
0.15445399284362793,638968654
