Time,Objective value
0.006093263626098633,664563617
0.006099700927734375,664563617
0.011728286743164062,664563617
0.019250154495239258,664563617
0.024341344833374023,664563617
0.030080795288085938,664563617
0.03550553321838379,664563617
0.04265594482421875,664563617
0.050055742263793945,664563617
0.05646777153015137,652973147
0.06091189384460449,652973147
0.06631278991699219,652973147
0.07406067848205566,652973147
0.08013129234313965,652973147
0.08748149871826172,652973147
0.09268712997436523,652973147
0.09942197799682617,652973147
0.10541868209838867,652973147
0.11195206642150879,652973147
0.11904382705688477,652973147
0.12424039840698242,652973147
0.1291053295135498,652973147
0.13359618186950684,652973147
0.1409904956817627,652973147
0.14864277839660645,652973147
0.15399622917175293,652973147
0.15400290489196777,652973147
