Time,Objective value
0.012254714965820312,655803422
0.012263298034667969,655803422
0.0226747989654541,655803422
0.03454422950744629,655803422
0.04346656799316406,655803422
0.054372549057006836,655803422
0.06973004341125488,655803422
0.08314228057861328,655803422
0.0973505973815918,655803422
0.10868310928344727,655803422
0.12120318412780762,651464364
0.12965774536132812,651464364
0.1461191177368164,651464364
0.156843900680542,651464364
0.168839693069458,651464364
0.17903852462768555,651464364
0.18816757202148438,651464364
0.20389461517333984,651464364
0.21516084671020508,651464364
0.22475790977478027,651464364
0.2393336296081543,651464364
0.25229406356811523,651464364
0.2621142864227295,651464364
0.2713944911956787,651464364
0.2793464660644531,651464364
0.28845810890197754,651464364
0.2884697914123535,651464364
