Time,Objective value
0.0016851425170898438,18039214
0.0016930103302001953,18039214
0.001699686050415039,18039214
