Time,Objective value
0.0016231536865234375,18039214
0.0016295909881591797,18039214
0.0016362667083740234,18039214
