Time,Objective value
0.0016345977783203125,19698842
0.0016417503356933594,19698842
0.0016486644744873047,19698842
