Time,Objective value
0.0016083717346191406,17997928
0.001615285873413086,17997928
0.0016269683837890625,17997928
