Time,Objective value
0.0017249584197998047,17997928
0.0017323493957519531,17997928
0.001739501953125,17997928
