Time,Objective value
0.0015974044799804688,17997928
0.0016040802001953125,17997928
0.0016107559204101562,17997928
