Time,Objective value
0.0016787052154541016,18039214
0.0016872882843017578,18039214
0.0017175674438476562,18039214
