Time,Objective value
0.0017049312591552734,19779710
0.0017118453979492188,19779710
0.0017192363739013672,19779710
