Time,Objective value
0.0035123825073242188,6602
0.003520488739013672,6602
0.0035276412963867188,6602
