Time,Objective value
0.0021033287048339844,6602
0.0021114349365234375,6602
0.002118349075317383,6602
