Time,Objective value
0.0033118724822998047,6602
0.0033233165740966797,6602
0.003335237503051758,6602
