Time,Objective value
0.0029363632202148438,6728
0.0029485225677490234,6728
0.002959728240966797,6728
