Time,Objective value
0.0019450187683105469,6602
0.0019512176513671875,6602
0.001958131790161133,6602
