Time,Objective value
59.87010622024536,44958178
59.870689868927,44958178
99.8247001171112,44874670
131.61049437522888,44874670
168.5945646762848,44874670
202.67462015151978,44857700
236.0419204235077,44857700
261.75006890296936,44857700
298.56809067726135,44857700
327.6003098487854,44857700
361.76693630218506,44857700
399.3495674133301,44857700
427.58966636657715,44857700
456.09044337272644,44857700
481.3638572692871,44857700
511.56202125549316,44857700
547.7043340206146,44857700
578.1649761199951,44857700
606.8284945487976,44857700
639.9043233394623,44857700
682.6127088069916,44857700
682.6132497787476,44857700
