Time,Objective value
0.029041767120361328,682918300
0.02904677391052246,682918300
0.05768990516662598,682918300
0.08622431755065918,647622089
0.11524677276611328,647622089
0.14405536651611328,647622089
0.17261886596679688,647622089
0.20147490501403809,647622089
0.2299976348876953,647622089
0.2585897445678711,647622089
0.2877662181854248,647622089
0.31632351875305176,638972536
0.34496593475341797,638832273
0.3735320568084717,638832273
0.40270304679870605,638832273
0.4313395023345947,638832273
0.459885835647583,638832273
0.4884946346282959,638832273
0.5169830322265625,638832273
0.5455689430236816,638832273
0.5741691589355469,638832273
0.6026349067687988,638832273
0.6311612129211426,638832273
0.6599256992340088,638832273
0.6886107921600342,638832273
0.7176187038421631,638832273
0.7176287174224854,638832273
