Time,Objective value
0.028998136520385742,665806342
0.029002904891967773,665806342
0.05774688720703125,657668721
0.08624768257141113,652607314
0.11457371711730957,652607314
0.14309358596801758,652607314
0.17155027389526367,652607314
0.20040059089660645,652607314
0.2288377285003662,652607314
0.2573363780975342,652607314
0.2857522964477539,652607314
0.3141665458679199,652607314
0.34260034561157227,652607314
0.37143492698669434,639940422
0.39988160133361816,639940422
0.42826056480407715,639940422
0.4566073417663574,639940422
0.48503875732421875,639397012
0.5136048793792725,639397012
0.5420751571655273,639397012
0.570504903793335,639397012
0.5988879203796387,639397012
0.6271450519561768,639397012
0.6556248664855957,639397012
0.6841235160827637,639127549
0.7127993106842041,638866489
0.7128105163574219,638866489
