Time,Objective value
0.03162956237792969,708821678
0.03163647651672363,708821678
0.06011700630187988,653099441
0.08889245986938477,653099441
0.11746740341186523,652896558
0.14595532417297363,652896558
0.1743781566619873,652896558
0.20317792892456055,652896558
0.23163342475891113,652896558
0.26004886627197266,652896558
0.2887580394744873,652896558
0.31795454025268555,652896558
0.34649229049682617,652896558
0.37544703483581543,652896558
0.40425920486450195,638228409
0.43319177627563477,638228409
0.46158409118652344,638228409
0.49036502838134766,638228409
0.5187981128692627,638228409
0.5475122928619385,638228409
0.5759658813476562,638228409
0.6044154167175293,638228409
0.633190393447876,638228409
0.6624419689178467,638228409
0.6916806697845459,638228409
0.7209494113922119,638228409
0.7209558486938477,638228409
