Time,Objective value
0.011254549026489258,476136276
0.011262178421020508,476136276
0.011269330978393555,476136276
