Time,Objective value
0.01708841323852539,463135100
0.017096281051635742,463135100
0.01710367202758789,463135100
