Time,Objective value
0.017541170120239258,490709418
0.01754903793334961,490709418
0.01755666732788086,490709418
