Time,Objective value
0.03613543510437012,473058943
0.0361483097076416,473058943
0.03616070747375488,473058943
