Time,Objective value
0.216660737991333,151748
0.2166728973388672,151748
0.21668577194213867,151748
