Time,Objective value
0.26520538330078125,151642
0.2652161121368408,151642
0.2652275562286377,151642
