Time,Objective value
0.015906095504760742,465415069
0.015916109085083008,465415069
0.03783750534057617,465415069
0.06188774108886719,463650435
0.08514165878295898,463650435
0.10728287696838379,463650435
0.12892770767211914,463650435
0.1577281951904297,463650435
0.1791214942932129,463650435
0.20149779319763184,463650435
0.2232964038848877,463650435
0.2450258731842041,463650435
0.2629566192626953,463650435
0.28635478019714355,463650435
0.3072235584259033,463650435
0.3268887996673584,463650435
0.35283613204956055,463650435
0.3693671226501465,463650435
0.38370609283447266,463650435
0.3947594165802002,463103400
0.40888428688049316,463103400
0.41815805435180664,463103400
0.42964959144592285,463103400
0.44091105461120605,463103400
0.4506664276123047,463103400
0.46356987953186035,463103400
0.4635813236236572,463103400
