Time,Objective value
0.013631343841552734,491174904
0.013637781143188477,491174904
0.022918701171875,475498278
0.033820152282714844,475498278
0.04344367980957031,475498278
0.05806374549865723,475498278
0.06767988204956055,464459279
0.07721090316772461,464459279
0.08646702766418457,464459279
0.0976862907409668,464459279
0.10849165916442871,464459279
0.12126541137695312,464459279
0.13268542289733887,464459279
0.14356088638305664,464459279
0.15296697616577148,464459279
0.16205668449401855,464459279
0.17278742790222168,464459279
0.1821134090423584,464459279
0.1953108310699463,464459279
0.2044057846069336,464459279
0.2156965732574463,464459279
0.2292017936706543,464459279
0.24176764488220215,464459279
0.2548222541809082,464459279
0.26613521575927734,464459279
0.27520012855529785,464459279
0.27520751953125,464459279
