Time,Objective value
0.01429438591003418,471580673
0.014301776885986328,471580673
0.02515244483947754,471580673
0.039520263671875,462707730
0.04866790771484375,462707730
0.061127424240112305,462707730
0.0721426010131836,462707730
0.08475327491760254,462707730
0.09568166732788086,462707730
0.10671448707580566,462707730
0.11728572845458984,462707730
0.12813878059387207,462707730
0.1390988826751709,462707730
0.1520674228668213,462707730
0.16315031051635742,462707730
0.17250514030456543,462707730
0.18337273597717285,462707730
0.19423198699951172,462707730
0.21292781829833984,461402633
0.22245454788208008,461402633
0.23360085487365723,461402633
0.24306654930114746,461402633
0.2555515766143799,461402633
0.26660633087158203,461402633
0.27780818939208984,461402633
0.2872793674468994,461402633
0.28728652000427246,461402633
