Time,Objective value
0.01984858512878418,484398539
0.019857168197631836,484398539
0.038748741149902344,481476977
0.059662818908691406,481476977
0.07900834083557129,474109758
0.09994816780090332,474109758
0.1160898208618164,474109758
0.13225102424621582,474109758
0.15620064735412598,474109758
0.1758575439453125,474109758
0.19827055931091309,474109758
0.21960687637329102,474109758
0.2371373176574707,474109758
0.2595651149749756,469955935
0.2811858654022217,469955935
0.3040766716003418,469955935
0.32202792167663574,469955935
0.3437051773071289,469955935
0.36351871490478516,469955935
0.3830864429473877,469955935
0.4047694206237793,469955935
0.4230215549468994,469955935
0.4429502487182617,469955935
0.46098780632019043,469955935
0.4843604564666748,469955935
0.5039401054382324,469955935
0.503953218460083,469955935
