Time,Objective value
0.012561559677124023,483495167
0.012568235397338867,483495167
0.02219700813293457,483495167
0.035134315490722656,482505255
0.04623889923095703,482505255
0.05874967575073242,474505118
0.06965231895446777,463545876
0.0790255069732666,463545876
0.0916743278503418,463545876
0.10278725624084473,463545876
0.11519765853881836,463545876
0.1263730525970459,463545876
0.13910818099975586,463545876
0.1485579013824463,463545876
0.16089153289794922,463545876
0.1720900535583496,463545876
0.1818525791168213,463545876
0.19469928741455078,463545876
0.20589113235473633,463545876
0.22008824348449707,463052333
0.231095552444458,463052333
0.2441699504852295,463052333
0.2549552917480469,463052333
0.2673945426940918,463052333
0.2782297134399414,463052333
0.2895047664642334,463052333
0.28951525688171387,463052333
