Time,Objective value
0.013683319091796875,484430896
0.013688802719116211,484430896
0.024402379989624023,467879706
0.037111759185791016,467879706
0.05007815361022949,467879706
0.06118273735046387,467879706
0.07233881950378418,467879706
0.08328485488891602,467879706
0.09419369697570801,467879706
0.10532212257385254,467879706
0.1161506175994873,464865694
0.12728214263916016,464865694
0.140211820602417,464865694
0.15092015266418457,464865694
0.16009092330932617,464865694
0.17114806175231934,464865694
0.18170857429504395,464865694
0.1909174919128418,464865694
0.20310616493225098,464865694
0.21735310554504395,464865694
0.2246241569519043,464865694
0.24077486991882324,462881289
0.2501335144042969,462881289
0.26091551780700684,462881289
0.27391624450683594,462176961
0.2873249053955078,462176961
0.2873375415802002,462176961
