Time,Objective value
0.017506122589111328,508937693
0.01751708984375,508937693
0.040984392166137695,508937693
0.07113456726074219,470763981
0.0966637134552002,470763981
0.11513781547546387,470763981
0.136702299118042,470763981
0.1582508087158203,470763981
0.17931556701660156,470763981
0.19648075103759766,470763981
0.22079110145568848,470763981
0.23560500144958496,470763981
0.24658584594726562,466395600
0.2560141086578369,466395600
0.26875829696655273,466395600
0.2799673080444336,462001211
0.2915382385253906,462001211
0.3027637004852295,462001211
0.3123281002044678,462001211
0.32355809211730957,462001211
0.3351118564605713,462001211
0.3459799289703369,462001211
0.35962510108947754,462001211
0.36920595169067383,462001211
0.38437843322753906,462001211
0.39356231689453125,462001211
0.39357423782348633,462001211
