Time,Objective value
0.013780593872070312,473376183
0.01378631591796875,473376183
0.02495741844177246,473376183
0.04780745506286621,473376183
0.07205820083618164,464131477
0.0897984504699707,464131477
0.11120486259460449,464131477
0.13231515884399414,464131477
0.15251779556274414,464131477
0.17434906959533691,464131477
0.19240069389343262,464131477
0.21356797218322754,464131477
0.23786163330078125,464131477
0.25525569915771484,464131477
0.28454017639160156,464131477
0.3070509433746338,463864435
0.329833984375,463864435
0.35144782066345215,463864435
0.37025952339172363,463864435
0.3890361785888672,463864435
0.4135887622833252,463864435
0.4356114864349365,463864435
0.4535181522369385,463864435
0.47776198387145996,463864435
0.49518513679504395,463864435
0.5160789489746094,463864435
0.516089916229248,463864435
