Time,Objective value
0.012339115142822266,482402590
0.012346267700195312,482402590
0.023494482040405273,463197569
0.03485822677612305,463197569
0.04772043228149414,463197569
0.05892062187194824,463197569
0.06807160377502441,463197569
0.0791161060333252,462508742
0.08835935592651367,462508742
0.1016244888305664,462508742
0.11107397079467773,462508742
0.12054705619812012,462508742
0.1332230567932129,462508742
0.14245939254760742,462508742
0.15181946754455566,462508742
0.16305160522460938,462463919
0.17410755157470703,462463919
0.18574881553649902,462463919
0.1962757110595703,462463919
0.20516276359558105,462463919
0.21668577194213867,462463919
0.22772812843322754,462463919
0.24245071411132812,462463919
0.25135302543640137,462463919
0.2603795528411865,462463919
0.2746462821960449,462463919
0.27465319633483887,462463919
