Time,Objective value
0.015715599060058594,488563497
0.01572251319885254,488563497
0.03610682487487793,469280221
0.05402565002441406,469280221
0.07381033897399902,469280221
0.10754632949829102,469280221
0.1334073543548584,463143945
0.15279126167297363,463143945
0.19281935691833496,463143945
0.21163153648376465,463143945
0.23442625999450684,463143945
0.2565455436706543,463143945
0.2791430950164795,463143945
0.30600452423095703,463143945
0.32772231101989746,463143945
0.3464055061340332,463143945
0.36469006538391113,463143945
0.3873097896575928,462109742
0.40878987312316895,462109742
0.42733001708984375,462109742
0.4590342044830322,462109742
0.47786784172058105,462109742
0.4967834949493408,462109742
0.5240132808685303,462109742
0.5458366870880127,462109742
0.5684592723846436,462109742
0.568479061126709,462109742
