Time,Objective value
0.08267664909362793,15205164
0.08268213272094727,15205164
0.16490530967712402,15205164
0.24707508087158203,15192132
0.32928967475891113,15192132
0.4114668369293213,15183086
0.49355316162109375,15183086
0.5757031440734863,15183086
0.6577949523925781,15162237
0.7398946285247803,15162237
0.8220069408416748,15162237
0.9041080474853516,15162237
0.9862444400787354,15162237
1.0684123039245605,15162237
1.1506495475769043,15162237
1.2327749729156494,15162237
1.314913034439087,15162237
1.3971812725067139,15162237
1.4793212413787842,15150543
1.5614900588989258,15150543
1.6435973644256592,15150543
1.7257554531097412,15150543
1.8078620433807373,15150543
1.8900072574615479,15150543
1.972341537475586,15150543
2.054501533508301,15150543
2.0545079708099365,15150543
