Time,Objective value
1.825296401977539,49482
1.8263461589813232,49482
2.7987701892852783,49142
3.612487554550171,49062
4.473791837692261,48984
5.4611876010894775,48882
6.28102970123291,48798
7.065281391143799,48690
8.333802700042725,48690
9.112546682357788,48690
10.362897157669067,48690
11.177493572235107,48682
12.125055074691772,48682
13.033708572387695,48682
14.221781015396118,48682
15.021967649459839,48682
15.848084449768066,48682
16.689188241958618,48682
17.66733956336975,48604
19.10572648048401,48604
20.369112968444824,48604
21.228501558303833,48596
22.72200345993042,48596
24.358351230621338,48582
25.640450954437256,48582
26.78598642349243,48582
28.582926750183105,48582
29.964224815368652,48582
31.61215901374817,48582
33.26761484146118,48582
33.95779800415039,48582
34.68717861175537,48582
35.830851793289185,48582
36.70596718788147,48582
37.569287061691284,48582
38.61392307281494,48582
39.36400532722473,48582
40.24424171447754,48562
41.05282235145569,48562
41.05342221260071,48562
