Time,Objective value
1.5716416835784912,49440
1.5722484588623047,49440
2.431562662124634,49002
3.2032971382141113,48928
4.074283599853516,48886
4.854797124862671,48782
5.603771686553955,48776
6.499436140060425,48738
7.282854080200195,48738
8.167197704315186,48738
8.898684978485107,48728
9.646025896072388,48708
10.422313928604126,48656
11.170513153076172,48584
11.916879653930664,48584
12.8257417678833,48584
13.69834566116333,48584
14.620896339416504,48584
15.443400859832764,48582
16.289853811264038,48582
17.252925395965576,48578
18.14913511276245,48560
19.023699283599854,48560
19.91381025314331,48560
20.807196855545044,48552
21.650023937225342,48552
22.4985511302948,48536
23.32958197593689,48536
24.114001750946045,48536
24.80930185317993,48536
25.672306537628174,48522
26.60301113128662,48522
27.39362406730652,48516
28.217822074890137,48516
29.042733430862427,48516
29.823601484298706,48516
30.636095762252808,48516
31.452388048171997,48508
32.27016997337341,48508
33.18556356430054,48508
34.09921169281006,48508
34.98519539833069,48508
35.90998148918152,48508
36.82748794555664,48508
37.65176510810852,48508
38.57042717933655,48508
39.412638664245605,48508
40.34885835647583,48508
41.37108826637268,48508
41.37166690826416,48508
