Time,Objective value
0.08558964729309082,152974
0.08559703826904297,152974
0.186079740524292,151754
0.2709789276123047,151754
0.35540032386779785,151754
0.45514845848083496,151754
0.5406708717346191,151754
0.6252491474151611,151754
0.7144162654876709,151754
0.7988967895507812,151754
0.883730411529541,151754
0.9681041240692139,151754
1.0525732040405273,151754
1.1523125171661377,151754
1.2367756366729736,151754
1.3211517333984375,151754
1.4057385921478271,151754
1.502546787261963,151754
1.6021537780761719,151754
1.7018308639526367,151754
1.7860112190246582,151754
1.885472297668457,151754
1.969714879989624,151754
2.064812183380127,151754
2.162813425064087,151502
2.2554430961608887,151502
2.2554514408111572,151502
