Time,Objective value
0.19437646865844727,151480
0.19438624382019043,151480
0.3842437267303467,151480
0.5811624526977539,151480
0.762099027633667,151480
0.9725615978240967,151480
1.1505987644195557,151390
1.3611562252044678,151390
1.5495691299438477,151390
1.7272746562957764,151390
1.9242546558380127,151390
2.101635217666626,151390
2.279082775115967,151390
2.4564523696899414,151390
2.6646718978881836,151390
2.8425583839416504,151390
3.0420351028442383,151390
3.253019332885742,151390
3.4305238723754883,151390
3.610274076461792,151390
3.7863082885742188,151390
3.9578850269317627,151390
4.12958288192749,151390
4.299317359924316,151390
4.500728130340576,151390
4.671340703964233,151390
4.671354055404663,151390
