Time,Objective value
0.09319925308227539,152876
0.09320616722106934,152876
0.17757034301757812,152610
0.2621021270751953,152436
0.3500216007232666,152436
0.43938517570495605,152122
0.5234971046447754,151612
0.6077737808227539,151612
0.6922132968902588,151612
0.7797741889953613,151612
0.8798496723175049,151612
0.9793283939361572,151612
1.063610315322876,151612
1.14788818359375,151612
1.2319321632385254,151612
1.3315761089324951,151612
1.4180660247802734,151612
1.5092382431030273,151612
1.6089093685150146,151612
1.6855964660644531,151612
1.7695353031158447,151612
1.8543202877044678,151612
1.953601598739624,151612
2.0488662719726562,151612
2.122257709503174,151612
2.2219483852386475,151612
2.2219560146331787,151612
