Time,Objective value
0.18657422065734863,152200
0.1865837574005127,152200
0.3643462657928467,152200
0.5672423839569092,152200
0.7366271018981934,152200
0.9053232669830322,152200
1.1071524620056152,152200
1.292640209197998,152200
1.4604158401489258,152200
1.660374641418457,152200
1.8283588886260986,152086
1.9965412616729736,151558
2.1960911750793457,151558
2.368858814239502,151558
2.5439319610595703,151558
2.7323031425476074,151558
2.9007718563079834,151558
3.069110631942749,151558
3.2446794509887695,151558
3.413689136505127,151558
3.612828254699707,151558
3.812415361404419,151558
4.004465579986572,151368
4.172675132751465,151368
4.336483716964722,151368
4.430324554443359,151368
4.430336952209473,151368
