Time,Objective value
0.10032010078430176,152402
0.1003270149230957,152402
0.1940162181854248,152290
0.27849292755126953,152290
0.3778512477874756,152290
0.46198081970214844,151832
0.546168327331543,151832
0.6380336284637451,151832
0.7220652103424072,151832
0.8215694427490234,151832
0.9064888954162598,151640
0.991058349609375,151640
1.0751705169677734,151640
1.1592741012573242,151640
1.2436068058013916,151640
1.3278558254241943,151640
1.4120430946350098,151640
1.5116934776306152,151640
1.6078104972839355,151640
1.7074193954467773,151640
1.8037388324737549,151640
1.8972079753875732,151640
1.9814822673797607,150986
2.076450824737549,150986
2.1733462810516357,150986
2.2586543560028076,150986
2.258666515350342,150986
