Time,Objective value
0.08956599235534668,151564
0.08957338333129883,151564
0.17402005195617676,151564
0.25814247131347656,151564
0.3553478717803955,151564
0.4398379325866699,151564
0.5251452922821045,151564
0.6245346069335938,151146
0.7239673137664795,151146
0.8081245422363281,151146
0.892681360244751,151146
0.9778478145599365,151146
1.062774658203125,151146
1.1471717357635498,151146
1.2322380542755127,151146
1.3163540363311768,151146
1.391796588897705,151146
1.484384536743164,151146
1.5693037509918213,151146
1.6535935401916504,151146
1.7530109882354736,151146
1.8407008647918701,151146
1.9296679496765137,151146
2.026052713394165,151146
2.1103975772857666,151146
2.194894552230835,151146
2.1949031352996826,151146
