Time,Objective value
0.15042853355407715,153450
0.1504373550415039,153450
0.30542898178100586,151520
0.47250795364379883,151520
0.6391215324401855,151520
0.7473859786987305,151520
0.8466317653656006,151520
0.9307694435119629,151520
1.0244574546813965,151520
1.1241822242736816,151014
1.2235727310180664,151014
1.3229215145111084,151014
1.4071097373962402,151014
1.4943976402282715,151014
1.5784566402435303,151014
1.6711781024932861,151014
1.7553248405456543,151014
1.846405029296875,151014
1.9397201538085938,151014
2.033463716506958,151014
2.1508352756500244,151014
2.2348647117614746,151014
2.3343112468719482,151014
2.423638343811035,151014
2.5176234245300293,151014
2.6033525466918945,151014
2.603363037109375,151014
