Time,Objective value
0.0018181800842285156,2878
0.001825094223022461,2878
0.0018324851989746094,2878
