Time,Objective value
0.0016355514526367188,2962
0.0016429424285888672,2962
0.001649618148803711,2962
