Time,Objective value
0.0017976760864257812,3004
0.0018048286437988281,3004
0.0018126964569091797,3004
