Time,Objective value
0.0017597675323486328,3050
0.0017685890197753906,3050
0.001775979995727539,3050
