Time,Objective value
0.0018856525421142578,2838
0.0018930435180664062,2838
0.0019011497497558594,2838
