Time,Objective value
0.002711057662963867,2894
0.0027208328247070312,2894
0.002732515335083008,2894
