Time,Objective value
0.465595006942749,45156264
0.4656054973602295,45156264
1.1468303203582764,45156264
1.8397700786590576,45090154
2.522357940673828,45090154
3.2020647525787354,45090154
3.9129464626312256,45024796
4.618342876434326,45024796
5.361441135406494,45024796
6.037001609802246,45024796
6.711462020874023,45024796
7.400920391082764,45024796
8.083050012588501,45024796
8.764558792114258,45024796
9.445557594299316,45024796
10.120233535766602,45024796
10.780298709869385,45024796
11.456404447555542,45013072
12.10059928894043,45013072
12.669652938842773,45013072
13.017423629760742,45013072
13.371314764022827,45013072
13.744215965270996,45013072
14.120301961898804,45013072
14.479515790939331,45013072
14.826576232910156,45013072
14.826586961746216,45013072
