Time,Objective value
0.4688084125518799,45138014
0.46881532669067383,45138014
0.8438901901245117,45138014
1.4359915256500244,45138014
2.1139259338378906,45138014
2.7867231369018555,45138014
3.530428171157837,45064760
4.215736389160156,45064760
4.582195997238159,45064760
4.955439567565918,45064760
5.319992780685425,45045342
5.681596994400024,45045342
6.058651924133301,45045342
6.424710988998413,45045342
6.8036298751831055,44995078
7.311420440673828,44995078
7.988829851150513,44995078
8.46391248703003,44995078
8.82977557182312,44995078
9.236450910568237,44995078
9.678218126296997,44995078
10.039207935333252,44995078
10.394739151000977,44995078
10.759682416915894,44995078
11.119539499282837,44995078
11.469237089157104,44995078
11.469244241714478,44995078
