Time,Objective value
0.00016427040100097656,58132
0.0011110305786132812,56442
0.0021469593048095703,55560
0.003055095672607422,55318
0.004102468490600586,54560
0.00510096549987793,54560
0.006131410598754883,53612
0.0071353912353515625,53526
0.008127212524414062,53164
0.009277582168579102,52596
0.010185480117797852,52596
0.011155366897583008,52596
0.012293577194213867,52596
0.013263463973999023,52596
0.01402735710144043,52596
0.015428304672241211,51614
0.0163118839263916,51614
0.017114877700805664,51614
0.018153667449951172,51556
0.019330263137817383,51538
0.02007150650024414,51364
0.02148151397705078,51312
0.02218008041381836,51312
0.023350954055786133,51312
0.024385690689086914,50834
0.025053024291992188,50822
0.026313066482543945,50822
0.02701568603515625,50778
0.02846360206604004,50620
0.0295257568359375,50620
0.03026723861694336,50620
0.031045198440551758,50514
0.03250694274902344,50444
0.033159732818603516,50444
0.03464484214782715,50444
0.0352778434753418,50444
0.03601789474487305,50444
0.0375056266784668,50422
0.038187265396118164,50422
0.039637088775634766,50422
0.04026913642883301,50422
0.04160022735595703,50422
0.0423426628112793,50422
0.04308438301086426,50372
0.04456043243408203,50372
0.045302629470825195,50372
0.046025753021240234,50372
0.047501325607299805,50372
0.04824352264404297,50372
0.049716949462890625,50372
0.05045890808105469,50372
0.05120658874511719,50372
0.05268216133117676,50372
0.05342388153076172,50372
0.05416607856750488,50372
0.0556488037109375,50372
0.0563967227935791,50372
0.05714607238769531,50372
0.05863690376281738,50320
0.05939459800720215,50192
0.0594022274017334,50192
