Time,Objective value
0.00018262863159179688,58568
0.0011038780212402344,56984
0.0020227432250976562,56382
0.0030908584594726562,54928
0.0041217803955078125,54928
0.0051746368408203125,54328
0.0062100887298583984,53566
0.0070459842681884766,53566
0.00823974609375,53118
0.009055852890014648,53118
0.01029825210571289,53118
0.011152029037475586,53118
0.012073755264282227,52530
0.013280868530273438,52358
0.014298677444458008,52254
0.015155315399169922,52254
0.01628851890563965,52254
0.01706671714782715,52254
0.018534421920776367,52018
0.019089698791503906,51964
0.020532846450805664,51658
0.021129846572875977,51456
0.02240300178527832,51456
0.023105859756469727,51456
0.024173259735107422,51280
0.025438547134399414,51168
0.026528358459472656,51168
0.027098655700683594,51168
0.02847576141357422,51168
0.02917623519897461,51168
0.03047943115234375,51164
0.031075000762939453,51164
0.03255057334899902,51164
0.0332798957824707,51164
0.03402090072631836,50856
0.035500288009643555,50618
0.03623604774475098,50618
0.037713050842285156,50618
0.03845405578613281,50412
0.03919029235839844,50412
0.04066729545593262,50412
0.04141402244567871,50412
0.04215049743652344,50412
0.043628692626953125,50412
0.04436898231506348,50412
0.04500889778137207,50412
0.04648733139038086,50412
0.04722309112548828,50412
0.048699140548706055,50412
0.0494387149810791,50412
0.05017518997192383,50412
0.05165982246398926,50412
0.05240058898925781,50412
0.05313563346862793,50412
0.0546114444732666,50312
0.05534815788269043,50250
0.05608725547790527,50250
0.057566165924072266,50250
0.058302879333496094,50250
0.05904412269592285,50250
0.05978822708129883,50250
