Time,Objective value
0.0001842975616455078,58688
0.0010716915130615234,57092
0.0021038055419921875,56386
0.003004789352416992,56160
0.004137277603149414,54984
0.0051364898681640625,54350
0.006066560745239258,54350
0.0072002410888671875,53384
0.008150577545166016,53384
0.009008646011352539,52944
0.010277509689331055,52626
0.01126718521118164,52626
0.012020111083984375,52182
0.013051509857177734,52182
0.014152050018310547,52182
0.015406131744384766,52182
0.016286849975585938,52128
0.01728200912475586,52076
0.01817154884338379,52076
0.019383668899536133,51808
0.02021050453186035,51808
0.021564960479736328,51808
0.022167205810546875,51770
0.0233156681060791,51676
0.024544954299926758,51342
0.025069713592529297,51342
0.026389598846435547,51156
0.027020931243896484,51012
0.028387784957885742,50860
0.029123544692993164,50860
0.030471086502075195,50860
0.03102588653564453,50860
0.03224921226501465,50860
0.03373527526855469,50786
0.03441596031188965,50786
0.03515148162841797,50786
0.036628007888793945,50786
0.03736686706542969,50786
0.03810286521911621,50516
0.039581298828125,50516
0.040322303771972656,50516
0.04105854034423828,50516
0.04250955581665039,50516
0.043245792388916016,50516
0.044728994369506836,50516
0.045468807220458984,50516
0.046205759048461914,50516
0.047632455825805664,50470
0.04837203025817871,50470
0.04906749725341797,50470
0.050458431243896484,50408
0.0511934757232666,50408
0.05267143249511719,50388
0.05341625213623047,50388
0.0541534423828125,50272
0.05563068389892578,50248
0.05637073516845703,50248
0.05710649490356445,50158
0.05858492851257324,50146
0.05933713912963867,50146
0.060075998306274414,50146
0.06008148193359375,50146
