Time,Objective value
0.00016188621520996094,59976
0.0010912418365478516,55458
0.0020139217376708984,55458
0.003108978271484375,55458
0.0040552616119384766,54796
0.005133152008056641,53694
0.006100893020629883,53298
0.0072078704833984375,52916
0.008041143417358398,52916
0.009232521057128906,52916
0.010234594345092773,52328
0.011239290237426758,52124
0.012300491333007812,52124
0.01314401626586914,52124
0.01428675651550293,52030
0.015094518661499023,52030
0.016108989715576172,52030
0.017210721969604492,51744
0.01823282241821289,51744
0.0191800594329834,51630
0.020423412322998047,51630
0.021388530731201172,51630
0.022608041763305664,51412
0.02311420440673828,51412
0.024152040481567383,51412
0.0252687931060791,51412
0.0263824462890625,51412
0.027438879013061523,51412
0.0280148983001709,51412
0.02904677391052246,51412
0.03032231330871582,51412
0.0310671329498291,51384
0.032579660415649414,51246
0.03332066535949707,51246
0.034064292907714844,51246
0.03551316261291504,51134
0.036272287368774414,50864
0.0370180606842041,50592
0.03839898109436035,50476
0.039168357849121094,50340
0.04065227508544922,50268
0.04139089584350586,50268
0.042163848876953125,50268
0.04364609718322754,50268
0.044382333755493164,50268
0.04512143135070801,50268
0.046601057052612305,50268
0.04734230041503906,50268
0.04808688163757324,50268
0.04956936836242676,50130
0.0503077507019043,50130
0.05104851722717285,50130
0.052542924880981445,50130
0.053279876708984375,50130
0.05402040481567383,50130
0.05549788475036621,50130
0.05623769760131836,50130
0.05771231651306152,50130
0.05845022201538086,50130
0.05919170379638672,50130
0.059198617935180664,50130
