Time,Objective value
0.00015974044799804688,58218
0.0010843276977539062,56934
0.0020470619201660156,55948
0.0031375885009765625,55216
0.004026651382446289,54776
0.005120277404785156,54264
0.006142377853393555,53842
0.00719904899597168,53842
0.00804591178894043,53842
0.009198427200317383,52894
0.010092020034790039,52894
0.011130571365356445,52704
0.012016534805297852,52704
0.013059377670288086,52316
0.014385700225830078,51784
0.015208005905151367,51784
0.01602005958557129,51784
0.0172426700592041,51778
0.01812124252319336,51778
0.0193479061126709,51778
0.020366430282592773,51778
0.02138519287109375,51778
0.022431135177612305,51778
0.02353501319885254,51778
0.024161338806152344,51778
0.02532339096069336,51478
0.026064395904541016,50564
0.027512550354003906,50294
0.028090953826904297,50294
0.029466629028320312,50294
0.03021097183227539,50294
0.03147459030151367,50294
0.03213357925415039,50294
0.033551692962646484,50294
0.03429007530212402,50294
0.035027503967285156,50294
0.0364995002746582,50294
0.03723907470703125,50294
0.038712263107299805,50294
0.03944659233093262,50294
0.040191650390625,50294
0.04166221618652344,50294
0.04240059852600098,50294
0.043138980865478516,50294
0.044610023498535156,50294
0.045348167419433594,50294
0.04608798027038574,50294
0.04755878448486328,50294
0.04829812049865723,50294
0.04903674125671387,50294
0.05051469802856445,50144
0.0512540340423584,50098
0.05272841453552246,50098
0.05346250534057617,50098
0.05420064926147461,50098
0.05567598342895508,50018
0.05640983581542969,50018
0.05714774131774902,50018
0.05862116813659668,50018
0.05862784385681152,50018
