Time,Objective value
0.00020265579223632812,58666
0.0010151863098144531,57212
0.0020825862884521484,55986
0.0030264854431152344,55800
0.004191160202026367,54758
0.0050716400146484375,54758
0.0060710906982421875,54758
0.007058143615722656,53470
0.008140802383422852,53470
0.009146690368652344,53202
0.010060787200927734,53202
0.01118779182434082,53010
0.01211237907409668,52114
0.013083696365356445,52114
0.01434183120727539,52114
0.015128135681152344,52114
0.01620793342590332,52114
0.01718592643737793,52114
0.01805567741394043,52114
0.019423961639404297,51860
0.020527362823486328,51860
0.02146148681640625,51860
0.022030353546142578,51338
0.02315521240234375,51236
0.024007797241210938,51236
0.025194168090820312,51236
0.026414871215820312,50992
0.027574777603149414,50992
0.028032302856445312,50992
0.02921438217163086,50992
0.03051471710205078,50992
0.03115534782409668,50992
0.032523393630981445,50992
0.03319501876831055,50992
0.034673213958740234,50992
0.035416603088378906,50868
0.036157846450805664,50868
0.0375208854675293,50710
0.03826284408569336,50710
0.03900313377380371,50710
0.040480852127075195,50482
0.0412290096282959,50458
0.04271245002746582,50458
0.04344987869262695,50458
0.04419302940368652,50458
0.045670509338378906,50458
0.046411991119384766,50458
0.047155141830444336,50458
0.048635244369506836,50458
0.049375057220458984,50458
0.05011892318725586,50458
0.05160117149353027,50458
0.05234169960021973,50458
0.053083181381225586,50458
0.0549321174621582,50458
0.055672407150268555,50458
0.056417226791381836,50458
0.05715823173522949,50458
0.05863547325134277,50458
0.05937838554382324,50458
0.06011962890625,50458
0.060875892639160156,50424
