Time,Objective value
0.10052204132080078,154740
0.10052847862243652,154740
0.21879267692565918,154740
0.4304492473602295,154474
0.6098880767822266,154474
0.7909562587738037,153936
1.0012311935424805,153936
1.1817755699157715,153936
1.3602423667907715,153936
1.5721938610076904,153936
1.7502923011779785,153936
1.9591360092163086,153936
2.147669553756714,153936
2.326594114303589,153936
2.50500750541687,153936
2.707651138305664,153936
2.9024031162261963,153868
3.078728437423706,153868
3.2518303394317627,153868
3.454890727996826,153868
3.6274330615997314,153868
3.8287386894226074,153868
4.012953758239746,153868
4.183600664138794,153868
4.378856658935547,153868
4.549580097198486,153868
4.549591779708862,153868
