Time,Objective value
0.19161462783813477,154524
0.19162416458129883,154524
0.3171248435974121,153698
0.527052640914917,153698
0.7389066219329834,153698
0.9421157836914062,153698
1.0920891761779785,153698
1.19142746925354,153698
1.2776341438293457,153698
1.3744277954101562,153698
1.4737329483032227,153698
1.5577547550201416,153698
1.6571156978607178,153698
1.7413544654846191,153698
1.8348069190979004,153698
1.9342310428619385,153698
2.0099563598632812,153698
2.1099629402160645,153698
2.1940088272094727,153698
2.2848610877990723,153698
2.373809814453125,153698
2.460299491882324,153698
2.5597288608551025,153698
2.6592180728912354,153698
2.743619203567505,153698
2.837858200073242,153698
2.8378653526306152,153698
