Time,Objective value
0.08698582649230957,154058
0.08699274063110352,154058
0.18659090995788574,154058
0.2806117534637451,154058
0.4459075927734375,154058
0.6550240516662598,154058
0.8345427513122559,154058
1.041203498840332,154058
1.152552604675293,154058
1.2519419193267822,154058
1.336214542388916,154058
1.4355039596557617,153474
1.5195910930633545,153474
1.6098642349243164,153474
1.6938939094543457,153474
1.7800979614257812,153474
1.8744277954101562,153474
1.9627258777618408,153474
2.051919460296631,153474
2.146860122680664,153474
2.2309648990631104,153474
2.3151347637176514,153474
2.4001667499542236,153474
2.4957404136657715,153474
2.580919027328491,153474
2.6803205013275146,153474
2.680328369140625,153474
