Time,Objective value
0.17666292190551758,153862
0.17667245864868164,153862
0.35550451278686523,153862
0.5649902820587158,153862
0.768592119216919,153862
0.9472794532775879,153862
1.1294379234313965,153862
1.3194186687469482,153862
1.493591070175171,153862
1.5781879425048828,153862
1.6637752056121826,153862
1.7579350471496582,153862
1.85709547996521,153862
1.9436187744140625,153862
2.038010597229004,153862
2.1225173473358154,153862
2.2248470783233643,153862
2.405794143676758,153604
2.616424322128296,153604
2.7954235076904297,153604
2.9689862728118896,153604
3.144148111343384,153604
3.320772886276245,153604
3.5316407680511475,153604
3.713646411895752,153604
3.8915224075317383,153604
3.8915343284606934,153604
