Time,Objective value
0.08571457862854004,154866
0.08572196960449219,154866
0.17012429237365723,154866
0.2644944190979004,154866
0.34887194633483887,154866
0.43366456031799316,154622
0.5330314636230469,154622
0.6170394420623779,154622
0.7011687755584717,154622
0.7854769229888916,154622
0.8698627948760986,153834
0.9693057537078857,153834
1.0601699352264404,153834
1.1597049236297607,153834
1.2591629028320312,153834
1.4548823833465576,153834
1.653660535812378,153834
1.8448848724365234,153834
2.0560173988342285,153834
2.2337002754211426,153834
2.412487745285034,153834
2.5964393615722656,153834
2.784592628479004,153834
2.9749398231506348,153804
3.1765003204345703,153804
3.3541481494903564,153804
3.3541622161865234,153804
