Time,Objective value
0.10024857521057129,154534
0.10025501251220703,154534
0.19858884811401367,153996
0.28523921966552734,153996
0.37131524085998535,153996
0.46550488471984863,153996
0.5649771690368652,153996
0.6491072177886963,153996
0.7331192493438721,153996
0.8174219131469727,153996
0.9167461395263672,153996
1.0112402439117432,153996
1.095242977142334,153996
1.1926743984222412,153996
1.2947099208831787,153996
1.3815250396728516,153996
1.4811396598815918,153996
1.5652310848236084,153996
1.6645479202270508,153996
1.75917387008667,153996
1.8435330390930176,153996
1.9428801536560059,153996
2.0271522998809814,153996
2.112154006958008,153876
2.2119271755218506,153876
2.3047540187835693,153770
2.304764986038208,153770
