Time,Objective value
0.16556239128112793,165596
0.165571928024292,165596
0.33112573623657227,163128
0.49743175506591797,163128
0.6635966300964355,163128
0.8298301696777344,162376
0.9954452514648438,162376
1.1609668731689453,162376
1.3265061378479004,162376
1.4920074939727783,162376
1.6574125289916992,162376
1.8228552341461182,162376
1.9897725582122803,162376
2.084613800048828,162376
2.1617114543914795,162376
2.2388439178466797,162376
2.3158576488494873,162376
2.392971992492676,162376
2.46989369392395,162376
2.547024965286255,162376
2.6239335536956787,162376
2.7009754180908203,162376
2.7780349254608154,162376
2.8551666736602783,162376
2.9322450160980225,162376
3.0093839168548584,162376
3.0093915462493896,162376
