Time,Objective value
0.16737055778503418,162310
0.16738009452819824,162310
0.33335232734680176,162310
0.4993114471435547,162310
0.6651303768157959,162310
0.8311989307403564,162310
0.9969630241394043,162310
1.1645278930664062,162310
1.332231044769287,162310
1.499920129776001,162310
1.6676950454711914,162310
1.8337211608886719,162310
2.0011370182037354,162310
2.163480520248413,162310
2.3225901126861572,162310
2.481464385986328,162310
2.6404006481170654,162310
2.7990617752075195,162310
2.9577951431274414,162310
3.1184403896331787,162310
3.277320146560669,162310
3.4358928203582764,162310
3.594663381576538,162310
3.753525733947754,162310
3.9121570587158203,162310
4.070091724395752,162310
4.070099592208862,162310
