Time,Objective value
0.07886767387390137,162030
0.07887506484985352,162030
0.15619897842407227,162030
0.23339080810546875,162030
0.31064867973327637,162030
0.3878030776977539,162030
0.4649491310119629,162030
0.5420229434967041,162030
0.6611206531524658,162030
0.8272650241851807,162030
0.9937896728515625,162030
1.160083532333374,162030
1.3266425132751465,162030
1.493241786956787,162030
1.66005539894104,162030
1.826523780822754,162030
1.9931414127349854,162030
2.159715414047241,162030
2.326280355453491,162030
2.4930779933929443,162030
2.6549949645996094,162030
2.814113140106201,162030
2.973445415496826,162030
3.132575035095215,162030
3.2919390201568604,162030
3.417232036590576,162030
3.417243003845215,162030
