Time,Objective value
0.005178928375244141,724636814
0.00518798828125,724636814
0.005201101303100586,724636814
