Time,Objective value
0.0036163330078125,725209621
0.0036237239837646484,725209621
0.0036308765411376953,725209621
