Time,Objective value
0.0028314590454101562,720357463
0.002840280532836914,720357463
0.0028476715087890625,720357463
