Time,Objective value
0.0004889965057373047,1413670341
0.001186370849609375,740320659
0.0021393299102783203,715138681
0.003102540969848633,714448267
0.004073381423950195,714448267
0.005029439926147461,714448267
0.0061833858489990234,714448267
0.00716853141784668,714448267
0.008133411407470703,714448267
0.009096860885620117,714448267
0.010066032409667969,714448267
0.011027336120605469,714448267
0.012174367904663086,714448267
0.013136148452758789,714448267
0.014100790023803711,714448267
0.015071868896484375,714448267
0.01604604721069336,714448267
0.01702880859375,714448267
0.018190860748291016,714448267
0.019160032272338867,714448267
0.0201265811920166,714448267
0.02109527587890625,714448267
0.022065162658691406,714448267
0.023030996322631836,714448267
0.024188518524169922,714448267
0.025153160095214844,714448267
0.02613067626953125,714448267
0.027111053466796875,714448267
0.028081178665161133,714448267
0.029062986373901367,714448267
0.03002476692199707,714448267
0.031182289123535156,714448267
0.032141685485839844,714448267
0.032911062240600586,714448267
