Time,Objective value
0.0007655620574951172,1363063981
0.0010166168212890625,867016751
0.002027273178100586,756012548
0.0030372142791748047,752877690
0.004076480865478516,752365119
0.0050830841064453125,752365119
0.006087541580200195,752365119
0.007118940353393555,752365119
0.008128881454467773,752365119
0.009136676788330078,752365119
0.010154247283935547,752365119
0.01115560531616211,752365119
0.012160539627075195,752365119
0.013180971145629883,752365119
0.01419210433959961,752365119
0.01520395278930664,752365119
0.016219615936279297,752365119
0.01723504066467285,752365119
0.018248319625854492,752365119
0.019259929656982422,752365119
0.020270824432373047,752365119
0.021286725997924805,752365119
0.022300004959106445,752365119
0.02331376075744629,752365119
0.02433037757873535,752365119
0.025009632110595703,752365119
0.026022672653198242,752365119
0.02703690528869629,752365119
0.028047561645507812,752365119
0.029056072235107422,752365119
0.03006887435913086,752365119
0.0310821533203125,752365119
0.03209066390991211,752365119
0.03309917449951172,752365119
0.03410673141479492,752365119
0.035120248794555664,752365119
0.036132097244262695,752365119
0.03715205192565918,752365119
0.03816723823547363,752365119
0.03918004035949707,752365119
0.040191650390625,752365119
0.04120373725891113,752365119
0.042227983474731445,752365119
0.043243408203125,752365119
0.04425835609436035,752365119
0.04526996612548828,752365119
0.0462796688079834,752365119
0.047307491302490234,752365119
0.04832053184509277,752365119
0.04932713508605957,752365119
0.05000877380371094,752365119
0.051018476486206055,752365119
0.052031755447387695,752365119
0.05304145812988281,752365119
0.054055213928222656,752365119
0.05506253242492676,752365119
0.05607342720031738,752365119
0.057096004486083984,752365119
0.0574336051940918,752365119
