Time,Objective value
0.00043129920959472656,1347206079
0.001127004623413086,784887914
0.002077341079711914,782738843
0.003016948699951172,781846405
0.0041577816009521484,781846405
0.005097866058349609,781846405
0.0060346126556396484,781846405
0.007165431976318359,781846405
0.008103370666503906,781846405
0.009040117263793945,781846405
0.010176420211791992,781846405
0.011115312576293945,781846405
0.012061119079589844,781846405
0.01300668716430664,781846405
0.014131546020507812,781846405
0.015068769454956055,781846405
0.016015052795410156,781846405
0.017149686813354492,781846405
0.018087387084960938,781846405
0.019035816192626953,781846405
0.020173072814941406,781846405
0.021129369735717773,781846405
0.02210068702697754,781846405
0.02305459976196289,781846405
0.02419304847717285,781846405
0.0251617431640625,781846405
0.026120662689208984,781846405
0.027075529098510742,781846405
0.028031110763549805,781846405
0.029175996780395508,781846405
0.030130386352539062,781846405
0.031091928482055664,781846405
0.032052040100097656,781846405
0.03225111961364746,781846405
