Time,Objective value
0.00045609474182128906,1349440211
0.0010046958923339844,769612202
0.002135038375854492,741227930
0.0030748844146728516,741227930
0.004025697708129883,741227930
0.00515437126159668,741227930
0.006094455718994141,741227930
0.007043600082397461,741227930
0.008170843124389648,741227930
0.00911092758178711,741227930
0.010049819946289062,741227930
0.011175394058227539,741227930
0.012113571166992188,741227930
0.013067483901977539,741227930
0.014017581939697266,741227930
0.015144109725952148,741227930
0.0160825252532959,741227930
0.01702141761779785,741227930
0.018146276473999023,741227930
0.01909351348876953,741227930
0.02003192901611328,741227930
0.02115607261657715,741227930
0.02210259437561035,741227930
0.023041248321533203,741227930
0.024171829223632812,741227930
0.025110960006713867,741227930
0.02604961395263672,741227930
0.02717304229736328,741227930
0.028111696243286133,741227930
0.029050350189208984,741227930
0.030175447463989258,741227930
0.03111433982849121,741227930
0.03186964988708496,741227930
