Time,Objective value
0.0007035732269287109,1249146871
0.001268625259399414,852337589
0.002145051956176758,849706566
0.0031096935272216797,849496549
0.0040743350982666016,849268786
0.00503993034362793,848996636
0.0060214996337890625,848972577
0.007169485092163086,848972577
0.008116960525512695,848972577
0.009064674377441406,848972577
0.010010957717895508,848972577
0.011145830154418945,848972577
0.01209115982055664,848972577
0.013037681579589844,848972577
0.014182329177856445,848972577
0.015130996704101562,848972577
0.016061782836914062,848972577
0.017035245895385742,848972577
0.018169403076171875,848972577
0.019113540649414062,848972577
0.020058393478393555,848972577
0.02100348472595215,848972577
0.022136449813842773,848972577
0.023081064224243164,848972577
0.024026155471801758,848972577
0.02516007423400879,848972577
0.026113271713256836,848972577
0.02705979347229004,848972577
0.028005123138427734,848972577
0.029139280319213867,848972577
0.03008437156677246,848972577
0.031039953231811523,848972577
0.032175302505493164,848972577
0.03312087059020996,848972577
0.03406548500061035,848972577
0.03501152992248535,848972577
0.035018205642700195,848972577
