Time,Objective value
6.88487982749939,67378
6.887203693389893,67378
9.255955934524536,66968
13.823771953582764,66860
18.175062656402588,66830
20.442610502243042,66688
22.702908754348755,66652
24.888565063476562,66646
28.51850938796997,66596
31.463253498077393,66576
33.72267937660217,66558
37.782137632369995,66558
39.94672393798828,66554
42.15782189369202,66506
44.38405632972717,66506
48.89977264404297,66500
51.58907747268677,66482
55.08704233169556,66482
55.08929705619812,66482
