Time,Objective value
4.46455979347229,67734
4.466879606246948,67734
8.910397052764893,66904
11.321767091751099,66844
13.753774881362915,66766
17.000486135482788,66668
21.33025574684143,66640
23.578931093215942,66640
26.930155515670776,66420
29.777079820632935,66420
31.9537250995636,66420
34.03621697425842,66402
36.224114418029785,66402
38.505306243896484,66402
40.89382314682007,66402
45.52554798126221,66402
48.183828353881836,66402
50.594202756881714,66402
52.75813627243042,66402
52.760422468185425,66402
