Time,Objective value
6.768761396408081,152504
6.7694549560546875,152504
13.692389488220215,150076
18.687203884124756,149740
23.206405639648438,149720
28.537864923477173,149680
32.18540382385254,149624
35.23901987075806,149608
40.637938022613525,149608
43.79919910430908,149570
47.01345658302307,149570
52.55883765220642,149568
56.98082637786865,149536
59.84604811668396,149536
62.702789068222046,149536
65.34284353256226,149536
68.39735627174377,149536
71.07323479652405,149532
74.95220446586609,149532
77.82394909858704,149530
81.0579001903534,149480
84.35096144676208,149480
87.19749760627747,149480
90.11614608764648,149480
94.21686720848083,149480
97.33254194259644,149480
100.01718187332153,149480
100.01786828041077,149480
