Time,Objective value
0.00019812583923339844,177568
0.0011887550354003906,175148
0.0020227432250976562,174864
0.0031325817108154297,174156
0.0040891170501708984,171554
0.005102396011352539,171554
0.006230592727661133,171554
0.007135629653930664,171202
0.008086681365966797,170174
0.009169340133666992,168868
0.010251045227050781,168868
0.011024236679077148,168420
0.012075185775756836,168420
0.013185739517211914,168420
0.014072418212890625,168420
0.01513671875,166778
0.016086578369140625,166532
0.017543792724609375,166006
0.018102645874023438,166006
0.01933598518371582,165720
0.020571231842041016,165426
0.021143674850463867,165426
0.022228002548217773,165426
0.023340225219726562,165426
0.02466893196105957,164644
0.025316238403320312,164644
0.026114940643310547,163276
0.02780318260192871,162982
0.029302120208740234,162982
0.03045940399169922,162982
0.032067060470581055,162982
0.033445119857788086,162982
0.034732818603515625,162982
0.03572392463684082,162982
0.0366520881652832,162982
0.03743243217468262,162982
0.03835630416870117,162640
0.039223432540893555,162498
0.04002571105957031,162498
0.04095649719238281,162498
0.0417170524597168,162498
0.0426480770111084,161992
0.04354596138000488,161074
0.044628143310546875,161074
0.04558849334716797,161074
0.04662466049194336,161074
0.04744911193847656,161074
0.048395395278930664,161074
0.04946756362915039,161058
0.050392866134643555,161058
0.05128145217895508,161058
0.052197933197021484,161058
0.05322408676147461,161058
0.05420994758605957,161058
0.05520057678222656,161058
0.05622577667236328,161058
0.05727982521057129,161058
0.05831265449523926,161058
0.059560298919677734,161058
0.060827016830444336,160818
0.06215381622314453,160592
0.06351494789123535,160378
0.06480264663696289,160024
0.06637835502624512,160024
0.06778073310852051,160024
0.06892919540405273,160024
0.06993722915649414,160024
0.07103681564331055,160024
0.07236742973327637,160024
0.07374978065490723,160024
0.07513546943664551,160024
0.07666826248168945,160024
0.07846736907958984,158446
0.0798337459564209,158142
0.08140277862548828,158142
0.08292365074157715,158142
0.08440613746643066,158142
0.08611464500427246,158142
0.08753347396850586,158142
0.08903670310974121,158142
0.09067225456237793,158142
0.09246444702148438,158126
0.09429645538330078,158126
0.09613418579101562,158126
0.0961446762084961,158126
