Time,Objective value
0.00020456314086914062,175918
0.0011954307556152344,175530
0.002036571502685547,174550
0.00319671630859375,172324
0.004144906997680664,172324
0.005097627639770508,172324
0.0062482357025146484,171560
0.007137298583984375,171560
0.008035659790039062,170360
0.009052515029907227,170306
0.010145187377929688,170098
0.011319875717163086,168848
0.012134313583374023,168848
0.01337885856628418,168738
0.014255762100219727,167480
0.015262365341186523,166184
0.016411781311035156,166184
0.017410755157470703,166144
0.018530607223510742,164952
0.019038915634155273,164952
0.020200252532958984,164952
0.021229267120361328,164952
0.022414684295654297,164934
0.023151159286499023,163604
0.02472853660583496,163192
0.02527642250061035,163192
0.026535987854003906,163192
0.027144908905029297,163192
0.02851557731628418,163192
0.029154300689697266,163192
0.03066420555114746,163192
0.031392812728881836,163192
0.03238487243652344,162260
0.0332033634185791,162260
0.034052133560180664,162260
0.03592085838317871,160646
0.03724241256713867,159992
0.038105010986328125,159992
0.038928985595703125,159992
0.039812564849853516,159992
0.04074740409851074,159992
0.04169011116027832,159992
0.04252266883850098,159992
0.04349112510681152,159992
0.044397830963134766,159992
0.04552173614501953,159992
0.04653120040893555,159992
0.04770040512084961,159992
0.04880046844482422,159992
0.049706459045410156,159992
0.05089998245239258,159992
0.05206179618835449,159992
0.05326080322265625,159992
0.054241180419921875,159992
0.055353403091430664,159992
0.05649256706237793,159992
0.057567596435546875,159992
0.05883932113647461,159992
0.06050682067871094,159778
0.06190371513366699,159778
0.06325888633728027,159778
0.06454658508300781,159778
0.0656888484954834,159778
0.06699085235595703,159778
0.06840085983276367,159778
0.06981563568115234,159778
0.07124114036560059,159308
0.07256531715393066,159308
0.07388091087341309,159308
0.07518672943115234,159308
0.07645583152770996,159308
0.07777047157287598,159308
0.07927250862121582,159308
0.0809175968170166,159308
0.08235597610473633,159308
0.08396172523498535,159092
0.08571147918701172,158306
0.08745908737182617,158306
0.08920168876647949,158306
0.08920836448669434,158306
