Time,Objective value
0.00018978118896484375,177890
0.0011932849884033203,176314
0.0020079612731933594,175130
0.003093719482421875,175130
0.004012346267700195,173596
0.005084037780761719,172078
0.006227254867553711,169900
0.007132530212402344,169822
0.008050680160522461,169822
0.009313821792602539,169822
0.010011434555053711,169680
0.011210918426513672,167046
0.0120697021484375,167046
0.013398170471191406,167046
0.014264345169067383,167046
0.015118122100830078,166552
0.01613593101501465,166506
0.017142295837402344,166506
0.018180370330810547,165004
0.01912856101989746,165004
0.02015519142150879,165004
0.02131342887878418,165004
0.022628307342529297,165004
0.023321866989135742,164886
0.024113893508911133,163606
0.025542259216308594,163606
0.026252269744873047,163606
0.027560710906982422,163606
0.02813243865966797,163606
0.029476404190063477,163606
0.030245065689086914,163606
0.03166079521179199,163606
0.03258013725280762,163496
0.03322315216064453,163496
0.034696102142333984,163208
0.03574371337890625,162932
0.03668022155761719,162932
0.03762507438659668,162680
0.0386199951171875,162680
0.03964424133300781,160888
0.0408320426940918,160888
0.041899919509887695,160888
0.04276299476623535,160888
0.043749094009399414,160888
0.04470682144165039,160888
0.045827627182006836,160888
0.04685187339782715,160888
0.04796147346496582,160888
0.048931121826171875,160888
0.049936532974243164,160888
0.050809383392333984,160888
0.05190324783325195,160888
0.053037405014038086,160888
0.05420660972595215,160888
0.055432796478271484,160888
0.056394100189208984,160888
0.05766487121582031,160522
0.05900168418884277,160384
0.06015157699584961,160384
0.0616762638092041,159868
0.06299328804016113,159734
0.06436610221862793,159734
0.0656743049621582,159442
0.0669708251953125,159442
0.06819820404052734,159442
0.06949663162231445,159442
0.07070159912109375,159442
0.07184243202209473,159442
0.0731043815612793,159442
0.07458686828613281,159442
0.0760047435760498,159442
0.07720661163330078,159442
0.07863664627075195,159442
0.07977962493896484,159442
0.0814979076385498,158498
0.08315420150756836,158498
0.08440947532653809,158498
0.08592057228088379,158498
0.0876913070678711,158498
0.08930802345275879,158498
0.09070110321044922,158498
0.09070777893066406,158498
