Time,Objective value
1.7752833366394043,150894
1.775369644165039,150894
2.6210074424743652,149758
3.4729230403900146,149488
5.481436491012573,149488
7.155240774154663,149340
8.653778076171875,149314
10.526236772537231,149314
12.386664867401123,148930
14.476260662078857,148930
16.222466230392456,148876
18.30851411819458,148764
20.1316237449646,148728
21.855910301208496,148582
23.460968255996704,148566
25.419204473495483,148554
26.89142370223999,148514
28.672595977783203,148514
30.492427825927734,148504
31.980891227722168,148504
33.35022711753845,148504
35.241506576538086,148452
36.79415154457092,148324
38.40570259094238,148324
39.73721194267273,148278
40.30468416213989,148278
40.87160062789917,148278
41.55585527420044,148278
42.45898962020874,148278
43.3595769405365,148278
44.59838604927063,148228
45.74252772331238,148228
47.2985725402832,148228
49.39163589477539,148228
51.20189666748047,148228
52.12239146232605,148228
52.94292736053467,148228
54.39596152305603,148228
55.94679665565491,148228
56.740473985672,148228
57.84223484992981,148228
59.64726257324219,148228
60.83171463012695,148228
61.70330882072449,148222
62.68449831008911,148222
63.82719802856445,148222
64.42338538169861,148222
65.2777988910675,148222
66.1877691745758,148222
66.99180960655212,148218
67.82684016227722,148218
68.6283221244812,148218
69.4467101097107,148218
70.45091533660889,148218
71.12435603141785,148196
71.7823269367218,148194
72.4069447517395,148194
73.24552726745605,148194
74.11290907859802,148194
74.91364026069641,148194
75.68380808830261,148194
76.48102951049805,148194
77.48965334892273,148194
78.37829375267029,148194
79.22755432128906,148194
80.78523850440979,148194
82.6470718383789,148194
84.00490427017212,148194
84.95403933525085,148194
85.85510873794556,148174
86.57284903526306,148174
87.76512932777405,148156
88.40262699127197,148156
89.13334608078003,148156
90.1902494430542,148156
91.14126348495483,148156
91.81295037269592,148156
92.51023054122925,148156
93.32470273971558,148156
94.14046239852905,148156
95.10329222679138,148156
96.09994745254517,148148
97.56594443321228,148148
99.1588454246521,148148
100.14148473739624,148148
100.14155888557434,148148
