Time,Objective value
0.012016534805297852,470240607
0.012023210525512695,470240607
0.01203012466430664,470240607
