Time,Objective value
0.00019049644470214844,16207421
0.0011591911315917969,16136780
0.002154111862182617,16088960
0.0030281543731689453,16088960
0.004144906997680664,16080663
0.005129337310791016,16058758
0.006113290786743164,16033090
0.007169961929321289,15993686
0.00807046890258789,15993686
0.00905156135559082,15936904
0.010220766067504883,15936904
0.011255025863647461,15936904
0.012044668197631836,15936904
0.013096332550048828,15936904
0.014265060424804688,15893658
0.015282869338989258,15861679
0.016172170639038086,15861679
0.017203330993652344,15843274
0.018152713775634766,15843274
0.01909160614013672,15843274
0.020050048828125,15843274
0.021083593368530273,15843274
0.022222280502319336,15843274
0.023350000381469727,15843274
0.02421402931213379,15843274
0.025133848190307617,15820974
0.026439189910888672,15820974
0.027481794357299805,15785972
0.02834296226501465,15785972
0.02955794334411621,15721337
0.03014969825744629,15721337
0.031137466430664062,15721337
0.03204751014709473,15721337
0.033068180084228516,15721337
0.034271240234375,15690821
0.0350186824798584,15690821
0.03617501258850098,15690821
0.037290096282958984,15690821
0.03849053382873535,15632897
0.039282798767089844,15632897
0.040076255798339844,15632897
0.04128599166870117,15632897
0.042112112045288086,15632897
0.04340934753417969,15632897
0.04404258728027344,15632897
0.045056819915771484,15632897
0.04639315605163574,15632897
0.0477445125579834,15632897
0.04863905906677246,15632897
0.04940938949584961,15632897
0.05024099349975586,15632897
0.051697492599487305,15632897
0.052507877349853516,15632897
0.05351734161376953,15582892
0.05443215370178223,15582892
0.055182456970214844,15582892
0.0560612678527832,15582892
0.05789494514465332,15582892
0.05902504920959473,15582892
0.05988907814025879,15582892
0.06095147132873535,15582892
0.062371253967285156,15582892
0.06379914283752441,15582892
0.06498932838439941,15575299
0.06594395637512207,15575299
0.06669282913208008,15575299
0.06786394119262695,15575299
0.06897211074829102,15575299
0.07022833824157715,15575299
0.07147359848022461,15575299
0.07291603088378906,15508132
0.07432055473327637,15508132
0.0755319595336914,15508132
0.07666921615600586,15508132
0.07809662818908691,15508132
0.07944965362548828,15508132
0.08074378967285156,15508132
0.08183026313781738,15508132
0.08183646202087402,15508132
