Time,Objective value
0.00018835067749023438,16322644
0.0010118484497070312,16184660
0.0020093917846679688,16122197
0.0030362606048583984,16122197
0.004114627838134766,16085794
0.00509953498840332,16005614
0.0061419010162353516,15976197
0.007182121276855469,15976197
0.00800943374633789,15976197
0.009184122085571289,15967880
0.010010242462158203,15928040
0.011064291000366211,15928040
0.012123823165893555,15908960
0.01329183578491211,15879111
0.014114618301391602,15879111
0.015027761459350586,15879111
0.016020536422729492,15879111
0.01732325553894043,15879111
0.01828169822692871,15879111
0.019346237182617188,15846152
0.02004837989807129,15846152
0.021155834197998047,15846103
0.02225470542907715,15846103
0.02304244041442871,15846103
0.02411961555480957,15846103
0.025106191635131836,15830334
0.026048660278320312,15806520
0.027225971221923828,15806520
0.028235912322998047,15732702
0.029275894165039062,15732702
0.030283689498901367,15732702
0.031153202056884766,15732702
0.03207063674926758,15732702
0.03312397003173828,15732702
0.034116506576538086,15732702
0.03516030311584473,15732702
0.03643035888671875,15706013
0.03718733787536621,15704855
0.03833293914794922,15704855
0.03960585594177246,15704855
0.04035377502441406,15684010
0.04104304313659668,15684010
0.042470693588256836,15684010
0.04334521293640137,15684010
0.04405045509338379,15684010
0.04558515548706055,15684010
0.04617619514465332,15684010
0.04700803756713867,15684010
0.04858660697937012,15675589
0.04941725730895996,15675589
0.05052947998046875,15621281
0.051691293716430664,15621281
0.05235004425048828,15621281
0.05311894416809082,15621281
0.05412125587463379,15621281
0.055615901947021484,15621281
0.05644655227661133,15621281
0.057283878326416016,15621281
0.05822587013244629,15621281
0.05914449691772461,15621281
0.060332298278808594,15621281
0.06147146224975586,15621281
0.06227397918701172,15621281
0.06318831443786621,15621281
0.06449532508850098,15615615
0.0653231143951416,15615615
0.0662999153137207,15615615
0.06744933128356934,15615615
0.0685274600982666,15615615
0.06997942924499512,15511160
0.07141709327697754,15511160
0.07287144660949707,15511160
0.07391810417175293,15511160
0.07502460479736328,15511160
0.07594752311706543,15511160
0.07698750495910645,15511160
0.07819747924804688,15511160
0.07930779457092285,15511160
0.08076786994934082,15511160
0.08221316337585449,15504379
0.08222174644470215,15504379
