Time,Objective value
0.017139911651611328,509888142
0.017148733139038086,509888142
0.017157793045043945,509888142
