Time,Objective value
0.023530960083007812,463797959
0.023543834686279297,463797959
0.023555755615234375,463797959
