Time,Objective value
0.016939878463745117,507973108
0.016948223114013672,507973108
0.01695561408996582,507973108
