Time,Objective value
0.021176576614379883,499460185
0.021188974380493164,499460185
0.02120065689086914,499460185
