Time,Objective value
0.02375483512878418,468038528
0.02376723289489746,468038528
0.023778676986694336,468038528
