Time,Objective value
0.012961864471435547,509888142
0.012968063354492188,509888142
0.01297450065612793,509888142
