Time,Objective value
0.0005710124969482422,16316558
0.002210855484008789,15539076
0.003695964813232422,15478702
0.005168437957763672,15423810
0.006636381149291992,15397179
0.008101701736450195,15371489
0.009582042694091797,15369923
0.011060953140258789,15354476
0.012532949447631836,15331270
0.014001607894897461,15312548
0.015471696853637695,15264420
0.016936779022216797,15264420
0.018406391143798828,15264347
0.019870996475219727,15263978
0.02134561538696289,15263978
0.022811412811279297,15263978
0.024278879165649414,15263978
0.02574324607849121,15263978
0.027211427688598633,15263145
0.028677701950073242,15250290
0.03015279769897461,15250290
0.03162193298339844,15250290
0.03308916091918945,15250278
0.03455638885498047,15249095
0.036020755767822266,15249095
0.03748774528503418,15249095
0.03895425796508789,15246201
0.04042983055114746,15246163
0.04189705848693848,15242971
0.043364524841308594,15236708
0.04483222961425781,15231615
0.04629850387573242,15231586
0.04776477813720703,15231586
0.04923415184020996,15222028
0.05070996284484863,15216792
0.05219316482543945,15216792
0.05367445945739746,15216279
0.05515336990356445,15216279
0.056632280349731445,15215003
0.05810999870300293,15213058
0.059587717056274414,15209710
0.06107521057128906,15209710
0.06255483627319336,15209710
0.06402873992919922,15207966
0.06550288200378418,15207966
0.06697750091552734,15207966
0.06846094131469727,15207966
0.06993699073791504,15207966
0.07143115997314453,15207966
0.0729072093963623,15207966
0.07438206672668457,15207966
0.07585525512695312,15207966
0.0773313045501709,15207966
0.07880353927612305,15207966
0.08029055595397949,15207966
0.08175897598266602,15207966
0.08322882652282715,15207966
0.08323550224304199,15207966
