Time,Objective value
0.0005190372467041016,16363070
0.0022187232971191406,15590549
0.003744363784790039,15450501
0.005260944366455078,15404809
0.006769657135009766,15384987
0.008291482925415039,15357559
0.009796380996704102,15354602
0.011307716369628906,15331661
0.012831449508666992,15302666
0.01434469223022461,15290453
0.01585102081298828,15283634
0.017361164093017578,15265570
0.018875598907470703,15260253
0.020383596420288086,15251970
0.021886110305786133,15250925
0.023403167724609375,15250925
0.02492547035217285,15250925
0.026854276657104492,15250925
0.029572725296020508,15250925
0.03214287757873535,15250925
0.03473639488220215,15242802
0.03729701042175293,15242802
0.040168046951293945,15242802
0.043170928955078125,15242802
0.04555511474609375,15242802
0.04706311225891113,15242802
0.04857611656188965,15242802
0.05008125305175781,15242802
0.05158400535583496,15242802
0.05308866500854492,15242802
0.05458950996398926,15242802
0.056092023849487305,15242802
0.05759167671203613,15242802
0.059102535247802734,15242802
0.06060361862182617,15242802
0.06210970878601074,15242802
0.0636136531829834,15242802
0.06511783599853516,15242802
0.0666193962097168,15242802
0.0681300163269043,15242802
0.06963419914245605,15242802
0.07114076614379883,15242802
0.07264304161071777,15242802
0.07414746284484863,15242802
0.07564878463745117,15242802
0.07715272903442383,15242802
0.07866215705871582,15242802
0.08016777038574219,15242802
0.08167076110839844,15242802
0.0831763744354248,15242802
0.08467960357666016,15242802
0.08618330955505371,15242802
0.08768701553344727,15242802
0.08919835090637207,15242802
0.09070062637329102,15242802
0.0922088623046875,15242802
0.09370946884155273,15242802
0.09371590614318848,15242802
