Time,Objective value
0.0005311965942382812,16339861
0.0021715164184570312,15582234
0.0036656856536865234,15496205
0.005138874053955078,15410584
0.006627559661865234,15361544
0.008102178573608398,15351813
0.009587764739990234,15337277
0.011060476303100586,15305105
0.012548446655273438,15286383
0.014027833938598633,15282163
0.015512943267822266,15273103
0.01698589324951172,15271180
0.018468141555786133,15256419
0.019942522048950195,15246985
0.021428823471069336,15246385
0.022907257080078125,15233997
0.024392366409301758,15233997
0.02586507797241211,15206896
0.027332782745361328,15206896
0.02880096435546875,15206896
0.030266284942626953,15206896
0.03173542022705078,15206896
0.03320813179016113,15206896
0.034674882888793945,15206896
0.03614354133605957,15206896
0.03761148452758789,15206896
0.03908252716064453,15206896
0.040549516677856445,15206896
0.04201817512512207,15206896
0.04348921775817871,15206896
0.044957876205444336,15206896
0.046422719955444336,15206896
0.04789137840270996,15206896
0.04935717582702637,15206896
0.050824642181396484,15206896
0.052289724349975586,15206896
0.05376601219177246,15206896
0.05523204803466797,15206896
0.05670285224914551,15206896
0.05816841125488281,15206896
0.05964541435241699,15206896
0.06113481521606445,15206896
0.0626227855682373,15206896
0.0641164779663086,15206896
0.0655968189239502,15206896
0.06707477569580078,15206896
0.06855273246765137,15206896
0.07003307342529297,15206896
0.07150983810424805,15206896
0.07300400733947754,15206896
0.07448291778564453,15206896
0.07595467567443848,15206896
0.07743358612060547,15206896
0.0789339542388916,15206896
0.08041930198669434,15206896
0.08194732666015625,15206896
0.08346223831176758,15206896
0.08347296714782715,15206896
