Time,Objective value
0.0005271434783935547,16284721
0.0022025108337402344,15555371
0.0036759376525878906,15482585
0.0051648616790771484,15455973
0.006636381149291992,15408931
0.008125543594360352,15384619
0.009606122970581055,15368000
0.011101961135864258,15348960
0.012573957443237305,15348659
0.014055728912353516,15310186
0.015526771545410156,15305551
0.01727747917175293,15299843
0.020167112350463867,15297158
0.023051738739013672,15295042
0.025928497314453125,15291954
0.028810501098632812,15288414
0.03170323371887207,15288075
0.03458213806152344,15288075
0.03745746612548828,15288075
0.0403447151184082,15288075
0.04322409629821777,15278573
0.04610848426818848,15277492
0.04899001121520996,15276449
0.051879167556762695,15276449
0.05476069450378418,15274380
0.05763673782348633,15271453
0.060526132583618164,15271453
0.06340646743774414,15271453
0.06628751754760742,15266443
0.06917929649353027,15266294
0.07209348678588867,15266294
0.07499861717224121,15266294
0.07790136337280273,15266112
0.08083128929138184,15266112
0.08375096321105957,15266112
0.08667206764221191,15266112
0.08964753150939941,15266112
0.09263420104980469,15266112
0.09561443328857422,15266112
0.09856963157653809,15266112
0.10154008865356445,15266112
0.10449767112731934,15266112
0.10743093490600586,15266112
0.11038017272949219,15266112
0.11332559585571289,15266112
0.1162722110748291,15266112
0.1192171573638916,15266112
0.12216329574584961,15266112
0.12509632110595703,15266112
0.12806487083435059,15266112
0.13103938102722168,15266112
0.13399386405944824,15266112
0.1369786262512207,15266112
0.13997769355773926,15266112
0.14295387268066406,15266112
0.1459200382232666,15266112
0.1488790512084961,15266112
0.14889836311340332,15266112
