Time,Objective value
0.0008504390716552734,16295686
0.0011799335479736328,16183775
0.0034520626068115234,15598192
0.006402492523193359,15445579
0.009359359741210938,15416849
0.012310028076171875,15395293
0.015262365341186523,15371398
0.018213987350463867,15345499
0.021172285079956055,15335650
0.024122953414916992,15335650
0.027074813842773438,15326309
0.03003525733947754,15311434
0.03298473358154297,15311434
0.035936832427978516,15310614
0.0388941764831543,15303737
0.041849613189697266,15301819
0.044811248779296875,15288362
0.0477900505065918,15288362
0.05077767372131348,15285658
0.05374956130981445,15284402
0.05672883987426758,15284402
0.059732675552368164,15284402
0.06274938583374023,15284402
0.06575417518615723,15284402
0.06877708435058594,15279103
0.07178306579589844,15270801
0.07476949691772461,15270801
0.07779812812805176,15270801
0.08083462715148926,15270801
0.08386683464050293,15270801
0.08692383766174316,15264092
0.08999252319335938,15264092
0.09301972389221191,15264092
0.09604763984680176,15262833
0.09909319877624512,15262833
0.10212135314941406,15262833
0.10515737533569336,15262833
0.10816192626953125,15262833
0.11119747161865234,15262833
0.114227294921875,15262833
0.11724591255187988,15262833
0.12026286125183105,15262833
0.12325859069824219,15262833
0.1262662410736084,15262833
0.1292858123779297,15262833
0.13229966163635254,15262833
0.13530731201171875,15262833
0.1383051872253418,15262833
0.1412978172302246,15262833
0.14428424835205078,15262833
0.14728355407714844,15262833
0.15027856826782227,15262833
0.15325117111206055,15262833
0.15594220161437988,15262833
0.15841197967529297,15262833
0.1615767478942871,15262833
0.16410017013549805,15262833
0.16665053367614746,15262833
0.16666841506958008,15262833
