Time,Objective value
0.18186402320861816,151842
0.18187713623046875,151842
0.18188858032226562,151842
