Time,Objective value
0.08396148681640625,151670
0.0839688777923584,151670
0.08397579193115234,151670
