Time,Objective value
0.15735149383544922,151572
0.15736007690429688,151572
0.15736746788024902,151572
