Time,Objective value
0.00029206275939941406,42418
0.0011279582977294922,41004
0.0020618438720703125,39658
0.003107786178588867,39658
0.004052162170410156,39658
0.005003452301025391,38880
0.00612330436706543,38472
0.007160186767578125,38472
0.00828862190246582,38004
0.009171485900878906,38004
0.010271310806274414,38004
0.011088132858276367,37546
0.012336254119873047,37546
0.013300657272338867,37546
0.014127731323242188,37446
0.015237808227539062,37446
0.016230344772338867,37446
0.017513036727905273,37276
0.018151044845581055,37128
0.019295215606689453,36888
0.020545244216918945,36888
0.021135568618774414,36888
0.022179126739501953,36888
0.02303481101989746,36734
0.024572134017944336,36658
0.025297164916992188,36658
0.02600693702697754,36464
0.027616262435913086,36464
0.02837395668029785,36464
0.02904486656188965,36464
0.030054569244384766,36464
0.03114628791809082,36464
0.03223896026611328,36464
0.03320479393005371,36464
0.03411412239074707,36464
0.03512930870056152,36464
0.036218881607055664,36396
0.03724479675292969,36366
0.038335561752319336,36366
0.03941750526428223,36366
0.04051065444946289,36366
0.04157710075378418,36366
0.04266643524169922,36366
0.043755292892456055,36366
0.0448453426361084,36326
0.045935869216918945,36326
0.04703211784362793,36296
0.04812884330749512,36014
0.04922294616699219,35920
0.05032229423522949,35920
0.051412343978881836,35920
0.05250406265258789,35920
0.05359768867492676,35920
0.054689645767211914,35920
0.055780649185180664,35920
0.056870222091674805,35920
0.057959556579589844,35920
0.059069156646728516,35920
0.0601804256439209,35920
0.06127786636352539,35720
0.06237530708312988,35660
0.06346750259399414,35660
0.06456398963928223,35632
0.0656585693359375,35632
0.06675577163696289,35632
0.06786179542541504,35632
0.06898188591003418,35586
0.07012391090393066,35586
0.07122921943664551,35586
0.07233500480651855,35586
0.07343578338623047,35552
0.07453608512878418,35544
0.07564258575439453,35474
0.07676458358764648,35474
0.07789301872253418,35474
0.07903504371643066,35474
0.08017992973327637,35474
0.08130717277526855,35460
0.0824272632598877,35460
0.0835423469543457,35460
0.08465242385864258,35460
0.08576226234436035,35460
0.08687305450439453,35460
0.08799290657043457,35460
0.08912038803100586,35412
0.09026122093200684,35412
0.09141731262207031,35394
0.09256839752197266,35394
0.09370708465576172,35394
0.09372353553771973,35394
