Time,Objective value
0.00016927719116210938,42964
0.001009225845336914,40930
0.00211334228515625,40096
0.003143310546875,39296
0.004160881042480469,39188
0.0050296783447265625,38370
0.006268024444580078,37864
0.00704646110534668,37666
0.008025407791137695,37666
0.00929880142211914,37238
0.010200738906860352,37238
0.011271238327026367,36884
0.012110233306884766,36884
0.013174772262573242,36824
0.014367818832397461,36308
0.015244483947753906,36308
0.016274452209472656,36308
0.017105579376220703,36308
0.01833820343017578,36308
0.019289493560791016,36308
0.020149946212768555,36308
0.021058320999145508,36308
0.022086143493652344,36308
0.023179054260253906,36196
0.024263620376586914,36196
0.02527761459350586,36196
0.02631354331970215,36178
0.027390480041503906,36012
0.028491497039794922,36012
0.029014110565185547,36012
0.030103683471679688,36012
0.031198740005493164,36012
0.03229093551635742,35942
0.03339743614196777,35942
0.0344996452331543,35942
0.035051584243774414,35828
0.03614354133605957,35730
0.03723764419555664,35594
0.03835177421569824,35594
0.03944587707519531,35594
0.04053759574890137,35544
0.04110217094421387,35544
0.04219675064086914,35544
0.043291330337524414,35492
0.044396162033081055,35492
0.04548907279968262,35492
0.04603934288024902,35492
0.04713249206542969,35492
0.0482330322265625,35440
0.04932427406311035,35440
0.050415992736816406,35440
0.05096912384033203,35440
