Time,Objective value
0.00013971328735351562,42820
0.0010204315185546875,40314
0.0020074844360351562,39428
0.003052234649658203,38682
0.004019260406494141,38642
0.005171537399291992,38212
0.006086587905883789,38212
0.007006406784057617,38158
0.008056163787841797,38122
0.009010791778564453,37190
0.010205745697021484,37138
0.011027812957763672,37138
0.012222528457641602,37138
0.013471364974975586,36698
0.01427602767944336,36698
0.01514124870300293,36596
0.016299009323120117,36370
0.017182588577270508,36370
0.018075227737426758,36370
0.01949310302734375,36334
0.02034449577331543,36302
0.02128911018371582,36302
0.02223491668701172,36292
0.023326635360717773,36098
0.024418354034423828,35992
0.025474071502685547,35992
0.026023149490356445,35992
0.027121543884277344,35992
0.02821183204650879,35992
0.02930164337158203,35992
0.03035140037536621,35992
0.03140735626220703,35992
0.03249859809875488,35992
0.03304910659790039,35852
0.03412628173828125,35852
0.035216569900512695,35852
0.03630542755126953,35852
0.03740406036376953,35676
0.03849387168884277,35612
0.03904271125793457,35612
0.04013347625732422,35584
0.04122567176818848,35534
0.042334794998168945,35456
0.04344964027404785,35456
0.04400992393493652,35456
0.04511308670043945,35456
0.046219825744628906,35456
0.04733014106750488,35456
0.04843306541442871,35456
0.049532413482666016,35396
0.050080060958862305,35382
0.050087928771972656,35382
