Time,Objective value
0.0002319812774658203,42864
0.0010523796081542969,41352
0.0020401477813720703,39966
0.003055572509765625,38974
0.0040132999420166016,38554
0.005063295364379883,38554
0.006089210510253906,37364
0.0070590972900390625,37306
0.008022785186767578,37306
0.009268045425415039,37306
0.010106325149536133,37306
0.011026859283447266,37306
0.012109994888305664,36624
0.01317286491394043,36540
0.014235258102416992,36540
0.015341758728027344,36540
0.016235828399658203,36540
0.01755547523498535,36348
0.01809072494506836,36348
0.01936507225036621,36348
0.0203554630279541,36348
0.02132558822631836,36026
0.02241992950439453,35912
0.023513078689575195,35912
0.024478912353515625,35912
0.02502298355102539,35912
0.026114702224731445,35912
0.027110815048217773,35912
0.028204917907714844,35912
0.029295921325683594,35912
0.03035426139831543,35912
0.03145337104797363,35912
0.03254532814025879,35912
0.03309154510498047,35912
0.034186363220214844,35912
0.035291194915771484,35912
0.036386728286743164,35750
0.03750038146972656,35750
0.03805088996887207,35750
0.03915262222290039,35628
0.04028439521789551,35628
0.0413975715637207,35514
0.0424957275390625,35414
0.0430452823638916,35274
0.044161319732666016,35274
0.04526472091674805,35274
0.046401262283325195,35274
0.047515153884887695,35254
0.04807114601135254,35254
0.04918932914733887,35254
0.05032849311828613,35208
0.05145263671875,35208
0.05146145820617676,35208
