Time,Objective value
0.00023221969604492188,79482
0.0010380744934082031,76854
0.0020368099212646484,76854
0.003185272216796875,75872
0.004178285598754883,74932
0.005068778991699219,74684
0.006013393402099609,74284
0.0072209835052490234,73956
0.008229970932006836,73292
0.009122371673583984,72506
0.010180234909057617,72506
0.01105189323425293,72506
0.012222528457641602,72506
0.013279199600219727,72506
0.014429330825805664,72192
0.015207767486572266,71784
0.01605057716369629,71784
0.017360925674438477,71784
0.018196821212768555,71260
0.019234895706176758,70548
0.020009994506835938,70548
0.021187305450439453,70420
0.02244853973388672,69960
0.02380990982055664,69960
0.024606704711914062,69960
0.025126218795776367,69960
0.026332616806030273,69960
0.027545452117919922,69960
0.02811408042907715,69960
0.029155254364013672,69960
0.031000137329101562,69960
0.031697750091552734,69960
0.03227090835571289,69960
0.03382086753845215,69960
0.03465080261230469,69960
0.035379648208618164,69960
0.03614497184753418,69960
0.03767204284667969,69942
0.038594722747802734,69398
0.03933835029602051,69398
0.040259599685668945,69398
0.0411829948425293,69398
0.04210495948791504,69398
0.043878793716430664,69398
0.04480409622192383,69398
0.045735836029052734,69398
0.046660661697387695,69398
0.04752826690673828,69398
0.04845738410949707,69398
0.04938149452209473,69398
0.05030417442321777,69398
0.05122804641723633,69398
0.05215048789978027,69398
0.05303025245666504,69398
0.05488181114196777,69398
0.05580282211303711,69366
0.05672621726989746,69248
0.05764889717102051,69248
0.058573246002197266,69248
0.05949831008911133,69248
0.06041979789733887,69248
0.06134200096130371,69150
0.062265634536743164,68790
0.06319355964660645,68790
0.06411528587341309,68760
0.065032958984375,68760
0.06687521934509277,68654
0.06688141822814941,68654
