Time,Objective value
0.00017762184143066406,79452
0.0011148452758789062,77888
0.002151012420654297,76510
0.003090381622314453,75768
0.004161834716796875,75218
0.00521540641784668,75218
0.006198406219482422,74130
0.007190227508544922,74130
0.008023262023925781,74130
0.009139776229858398,73380
0.010204792022705078,73380
0.011100530624389648,73380
0.012152433395385742,72286
0.013295173645019531,72286
0.014302968978881836,72286
0.015347480773925781,70898
0.01633477210998535,70670
0.017223596572875977,70670
0.018210411071777344,70670
0.019361495971679688,70474
0.020381689071655273,70474
0.02147054672241211,70474
0.022052764892578125,70474
0.02308201789855957,70474
0.024263620376586914,70474
0.025487422943115234,70474
0.02601027488708496,70474
0.027034282684326172,70474
0.028310775756835938,70474
0.029627561569213867,70094
0.030545473098754883,69128
0.03147125244140625,69128
0.0322566032409668,69128
0.03302907943725586,69128
0.03455829620361328,69128
0.03540468215942383,69128
0.03617691993713379,69128
0.03700733184814453,69128
0.03853249549865723,69128
0.039299726486206055,69128
0.04021787643432617,69128
0.04104804992675781,69128
0.04262137413024902,69128
0.04351091384887695,69128
0.04438018798828125,69128
0.04515337944030762,69128
0.04601287841796875,69128
0.04767560958862305,69128
0.04859423637390137,69128
0.04996633529663086,69128
0.05082964897155762,69128
0.05174398422241211,69128
0.052664995193481445,69128
0.05358481407165527,69128
0.05443263053894043,69128
0.055351972579956055,69128
0.05627036094665527,69128
0.0570988655090332,69128
0.05889439582824707,69128
0.05981326103210449,69128
0.06072735786437988,69128
0.06165194511413574,69128
0.06257176399230957,69128
0.0634908676147461,69128
0.06440997123718262,69128
0.06532907485961914,69128
0.06624698638916016,69128
0.06716632843017578,69128
0.06717276573181152,69128
