Time,Objective value
0.015969038009643555,7525590
0.015978336334228516,7525590
0.015985488891601562,7525590
