Time,Objective value
0.02309250831604004,7502680
0.023103952407836914,7502680
0.023115158081054688,7502680
