Time,Objective value
0.03825783729553223,7453348
0.03826737403869629,7453348
0.03827548027038574,7453348
