Time,Objective value
0.01263570785522461,7603152
0.01264190673828125,7603152
0.012648582458496094,7603152
