Time,Objective value
0.06042957305908203,15164088
0.06043839454650879,15164088
0.06044602394104004,15164088
