Time,Objective value
0.09242892265319824,15155425
0.09244227409362793,15155425
0.09245514869689941,15155425
