Time,Objective value
0.15059947967529297,15196425
0.15061187744140625,15196425
0.15062570571899414,15196425
