Time,Objective value
0.04904317855834961,15209435
0.049051761627197266,15209435
0.049059152603149414,15209435
