Time,Objective value
0.14897632598876953,15228166
0.14898896217346191,15228166
0.1490018367767334,15228166
