Time,Objective value
0.15181279182434082,15155186
0.1518259048461914,15155186
0.151839017868042,15155186
