Time,Objective value
0.05975842475891113,15208841
0.05976700782775879,15208841
0.05977463722229004,15208841
