Time,Objective value
0.025217056274414062,7511976
0.025222301483154297,7511976
0.05539751052856445,7495816
0.0891413688659668,7495816
0.11810517311096191,7495816
0.1393749713897705,7495816
0.1591038703918457,7495816
0.17468571662902832,7495816
0.1981828212738037,7495816
0.2529716491699219,7495816
0.31215596199035645,7474836
0.384493350982666,7474836
0.429546594619751,7474836
0.48294591903686523,7474836
0.5340781211853027,7449122
0.5789988040924072,7449122
0.6349759101867676,7449122
0.6833243370056152,7449122
0.7152385711669922,7449122
0.7455785274505615,7449122
0.780040979385376,7433806
0.8037519454956055,7433806
0.8252081871032715,7433806
0.8383395671844482,7433806
0.854595422744751,7433806
0.8736674785614014,7433806
0.8736782073974609,7433806
