Time,Objective value
0.011898040771484375,7565942
0.011905193328857422,7565942
0.023479223251342773,7565942
0.05437922477722168,7465156
0.08127760887145996,7465156
0.10580992698669434,7465156
0.11439204216003418,7465156
0.14342451095581055,7465156
0.16853070259094238,7465156
0.18634438514709473,7465156
0.2047107219696045,7465156
0.23812651634216309,7446872
0.2582519054412842,7446872
0.27202630043029785,7446872
0.29886555671691895,7446872
0.33562469482421875,7446872
0.3661384582519531,7446872
0.3861362934112549,7446872
0.40803098678588867,7446872
0.43990659713745117,7446872
0.4701220989227295,7446872
0.4955325126647949,7446872
0.5164189338684082,7446872
0.5321245193481445,7446872
0.5640106201171875,7446872
0.5824801921844482,7446872
0.5824873447418213,7446872
