Time,Objective value
0.02869558334350586,7536678
0.028702497482299805,7536678
0.052849769592285156,7490970
0.09735751152038574,7427514
0.11755990982055664,7427514
0.12792158126831055,7427514
0.13932180404663086,7427514
0.1570568084716797,7427514
0.17249798774719238,7427514
0.19402599334716797,7427514
0.21434760093688965,7427514
0.2345719337463379,7427514
0.27449655532836914,7427514
0.30417752265930176,7427514
0.3253200054168701,7427514
0.33982157707214355,7427514
0.3661203384399414,7427514
0.3954453468322754,7427514
0.41269731521606445,7427514
0.4351208209991455,7427514
0.44626283645629883,7427514
0.4658203125,7427514
0.4829385280609131,7427514
0.5032637119293213,7427514
0.5174248218536377,7427514
0.5499210357666016,7427514
0.5499277114868164,7427514
