Time,Objective value
0.025935888290405273,7538508
0.025942325592041016,7538508
0.051142215728759766,7463830
0.08522486686706543,7463830
0.11434698104858398,7463830
0.14853858947753906,7438496
0.17792773246765137,7438496
0.19008493423461914,7438496
0.21123361587524414,7438496
0.24263882637023926,7438496
0.27113819122314453,7438496
0.3012878894805908,7438496
0.3321402072906494,7438496
0.3528599739074707,7438496
0.37900614738464355,7438496
0.3983750343322754,7438496
0.42117977142333984,7438496
0.43860292434692383,7438496
0.45708584785461426,7438496
0.4738810062408447,7438496
0.4998350143432617,7438496
0.5199770927429199,7438496
0.5575351715087891,7438496
0.5815491676330566,7438496
0.6105706691741943,7438496
0.6312828063964844,7438496
0.6312892436981201,7438496
