Time,Objective value
0.02306056022644043,7614756
0.023066282272338867,7614756
0.045181989669799805,7488370
0.0708458423614502,7488370
0.0937659740447998,7483986
0.10775089263916016,7483986
0.13849997520446777,7483986
0.15833306312561035,7483986
0.17115020751953125,7483986
0.18791747093200684,7483986
0.20757746696472168,7483986
0.23481273651123047,7483986
0.25758790969848633,7483986
0.28458690643310547,7481822
0.3094494342803955,7481822
0.3338472843170166,7479462
0.36489272117614746,7479462
0.38052964210510254,7479462
0.39829087257385254,7479462
0.4178290367126465,7479462
0.4397311210632324,7479462
0.4556148052215576,7479462
0.4799492359161377,7479462
0.5011818408966064,7479462
0.533545970916748,7479462
0.5537121295928955,7479462
0.5537183284759521,7479462
