Time,Objective value
0.018248796463012695,7504752
0.018256187438964844,7504752
0.04679083824157715,7504752
0.06767916679382324,7504752
0.08862662315368652,7504752
0.11659479141235352,7504752
0.15023303031921387,7504752
0.17171859741210938,7504752
0.19232988357543945,7503790
0.20756983757019043,7503790
0.2389223575592041,7489344
0.25661420822143555,7489344
0.29003167152404785,7489344
0.3208751678466797,7489344
0.3420603275299072,7474694
0.3664662837982178,7474694
0.3918020725250244,7474694
0.4202127456665039,7472832
0.43226051330566406,7472832
0.46047472953796387,7472832
0.48321008682250977,7472832
0.4979550838470459,7472832
0.5147552490234375,7472832
0.5322036743164062,7472832
0.5580155849456787,7472832
0.5922715663909912,7472832
0.5922796726226807,7472832
