Time,Objective value
0.03752923011779785,2540
0.03753805160522461,2540
0.07475948333740234,2540
0.11188077926635742,2540
0.1494898796081543,2540
0.18630242347717285,2540
0.22108221054077148,2540
0.24376201629638672,2540
0.2662696838378906,2540
0.28877973556518555,2540
0.3113434314727783,2540
0.33385753631591797,2540
0.35636210441589355,2540
0.3788020610809326,2540
0.40131378173828125,2456
0.42378878593444824,2456
0.44636082649230957,2456
0.4689624309539795,2456
0.49204587936401367,2456
0.5147805213928223,2456
0.5375833511352539,2456
0.56009840965271,2456
0.5835702419281006,2456
0.6062512397766113,2456
0.6289224624633789,2456
0.6515882015228271,2456
0.6515967845916748,2456
