Time,Objective value
0.021450519561767578,2694
0.02145528793334961,2694
0.043702125549316406,2694
0.06568336486816406,2518
0.08756279945373535,2518
0.10964441299438477,2518
0.131394624710083,2518
0.15327858924865723,2518
0.17511606216430664,2518
0.19706320762634277,2518
0.2191472053527832,2518
0.24100852012634277,2518
0.2633321285247803,2518
0.2853572368621826,2518
0.30757641792297363,2518
0.3299288749694824,2518
0.35172510147094727,2518
0.37354421615600586,2518
0.3953742980957031,2518
0.41736674308776855,2518
0.4392967224121094,2518
0.4619736671447754,2518
0.48381900787353516,2518
0.5059692859649658,2518
0.5279147624969482,2518
0.550201416015625,2518
0.5502119064331055,2518
