Time,Objective value
0.022338151931762695,2886
0.02234506607055664,2886
0.05415511131286621,2886
0.09378504753112793,2886
0.13226842880249023,2886
0.16323256492614746,2886
0.18448877334594727,2874
0.2055044174194336,2874
0.2264559268951416,2842
0.24843430519104004,2842
0.2702152729034424,2842
0.2912564277648926,2842
0.31217288970947266,2798
0.33295774459838867,2798
0.3538782596588135,2798
0.3746621608734131,2798
0.39557552337646484,2798
0.4164726734161377,2798
0.4374277591705322,2654
0.45884084701538086,2654
0.4797840118408203,2654
0.5006721019744873,2654
0.5217835903167725,2654
0.5426676273345947,2654
0.5637409687042236,2654
0.5846347808837891,2654
0.5846405029296875,2654
