Time,Objective value
0.023578882217407227,2584
0.023585796356201172,2584
0.04517078399658203,2584
0.06728196144104004,2584
0.08954834938049316,2584
0.11221742630004883,2584
0.134171724319458,2584
0.15611743927001953,2584
0.1778721809387207,2584
0.1997663974761963,2584
0.22183561325073242,2584
0.2437598705291748,2482
0.26576781272888184,2482
0.28757739067077637,2482
0.30962562561035156,2482
0.33204174041748047,2482
0.3545670509338379,2482
0.37616968154907227,2482
0.3979942798614502,2482
0.4200093746185303,2482
0.44205784797668457,2482
0.4642179012298584,2482
0.4862089157104492,2482
0.5081160068511963,2482
0.5300657749176025,2482
0.5518343448638916,2482
0.5518403053283691,2482
