Time,Objective value
0.02158641815185547,2790
0.021593332290649414,2790
0.04381370544433594,2790
0.06579041481018066,2554
0.08786511421203613,2554
0.10976576805114746,2554
0.13190007209777832,2554
0.15351033210754395,2554
0.17453551292419434,2554
0.1957380771636963,2554
0.2167811393737793,2554
0.2378222942352295,2554
0.2588331699371338,2554
0.2797715663909912,2554
0.3005988597869873,2554
0.32143688201904297,2554
0.3422849178314209,2554
0.3632686138153076,2554
0.38433265686035156,2554
0.4054298400878906,2554
0.42642641067504883,2466
0.44762182235717773,2466
0.4687387943267822,2466
0.48966455459594727,2466
0.5107743740081787,2466
0.5319030284881592,2466
0.531909704208374,2466
