Time,Objective value
0.49755215644836426,727252458
0.5005545616149902,727252458
0.889944314956665,712524710
1.2923815250396729,712524710
1.694343090057373,710140999
2.098921060562134,710140999
2.4448022842407227,710140999
2.771854877471924,710140999
3.147442579269409,710140999
3.4967591762542725,709838802
3.8551437854766846,709838802
4.227453231811523,709838802
4.5848283767700195,709707585
4.896015405654907,709707585
5.2247490882873535,707840202
5.5383851528167725,646512994
5.716386795043945,646512994
5.902867317199707,646512994
6.085931301116943,646512994
6.373360633850098,646512994
6.7136452198028564,646036371
7.048454761505127,646036371
7.37943959236145,646036371
7.609027624130249,646036371
7.788349866867065,646036371
7.978149890899658,646036371
8.178190469741821,646036371
8.371033430099487,646036371
8.554910898208618,646036371
8.734519958496094,646036371
9.036634683609009,646036371
9.039640426635742,646036371
