Time,Objective value
0.5015740394592285,727252458
0.5044834613800049,727252458
0.8413650989532471,707694334
1.059034824371338,707694334
1.276825189590454,707344016
1.4982645511627197,707344016
1.7076034545898438,707344016
1.9295456409454346,707344016
2.123300313949585,707344016
2.3275465965270996,707344016
2.518747568130493,707344016
2.7199008464813232,707344016
2.9180195331573486,707344016
3.116209030151367,665174463
3.312818765640259,665174463
3.4928791522979736,665174463
3.679093837738037,651187984
3.854097843170166,651187984
4.036733150482178,650747092
4.224304676055908,648335150
4.4147820472717285,648335150
4.593920469284058,647700137
4.766017436981201,646061548
5.044044017791748,646061548
5.376780033111572,646061548
5.710097074508667,646061548
6.069250106811523,646061548
6.29235053062439,646061548
6.493118762969971,646061548
6.693986892700195,646061548
6.8839733600616455,646036371
7.095100402832031,646036371
7.289852857589722,646036371
7.482062101364136,646036371
7.695245981216431,646036371
7.897058725357056,646036371
8.107812404632568,646036371
8.29569387435913,646036371
8.496031761169434,646036371
8.702657461166382,646036371
8.907748460769653,646036371
9.127712726593018,646036371
9.129560470581055,646036371
