Time,Objective value
0.27654194831848145,728259218
0.278353214263916,728259218
0.5139915943145752,712524710
0.7417280673980713,709975817
0.9425866603851318,653267864
1.144052267074585,653267864
1.3401353359222412,653267864
1.5400738716125488,650732142
1.7284605503082275,650732142
1.915292739868164,648966918
2.088383436203003,647897948
2.2565672397613525,647897948
2.434258460998535,646512994
2.619027853012085,646512994
2.804697036743164,646512994
2.983560085296631,646512994
3.1513051986694336,646512994
3.3355753421783447,646512994
3.5254671573638916,646512994
3.7089247703552246,646061548
3.9064385890960693,646061548
4.099959373474121,646061548
4.295486688613892,646061548
4.502238512039185,646061548
4.680797100067139,646036371
4.873998403549194,646036371
5.070173978805542,646036371
5.274338722229004,646036371
5.480339288711548,646036371
5.68181586265564,646036371
5.871124029159546,646036371
6.067788124084473,646036371
6.272932052612305,646036371
6.482658624649048,646036371
6.67783260345459,646036371
6.877862930297852,646036371
7.091053247451782,646036371
7.29224419593811,646036371
7.506794214248657,646036371
7.695443630218506,646036371
7.916286468505859,646036371
8.105885744094849,646036371
8.306102991104126,646036371
8.51749038696289,646036371
8.723023414611816,646036371
8.922790050506592,646036371
9.12041163444519,646036371
9.122179508209229,646036371
