Time,Objective value
0.2776498794555664,727242299
0.2794644832611084,727242299
0.7091484069824219,711301232
1.077998161315918,711301232
1.4773290157318115,711301232
1.861687421798706,709449349
2.2303507328033447,709449349
2.566762924194336,709449349
2.9212279319763184,709449349
3.280479669570923,708582865
3.610769748687744,708582865
3.967405080795288,652864191
4.308913230895996,652864191
4.481088876724243,651384084
4.672125816345215,651382557
4.866337776184082,651382557
5.0498046875,649120714
5.247657775878906,649087713
5.438204288482666,649087713
5.617538213729858,647897948
5.805943727493286,647601702
5.987674713134766,647601702
6.177364349365234,647601702
6.367017030715942,647601702
6.542950868606567,647601702
6.739444732666016,647601702
6.931615829467773,647601702
7.136809825897217,646061548
7.327463388442993,646061548
7.515899181365967,646061548
7.719866037368774,646061548
7.918962478637695,646061548
8.097605466842651,646061548
8.289125680923462,646036371
8.64771294593811,646036371
9.029154777526855,646036371
9.032031774520874,646036371
