Time,Objective value
0.2732727527618408,727252458
0.2750861644744873,727252458
0.5133426189422607,714779553
0.7388455867767334,714543628
1.005314588546753,713579645
1.3582050800323486,709602591
1.7330491542816162,709596104
2.089458465576172,708840744
2.4464073181152344,708840744
2.7867932319641113,708571682
3.1591086387634277,652203830
3.501715660095215,652203830
3.8404035568237305,652203830
4.189966917037964,652203830
4.517468452453613,652203830
4.848265171051025,652203830
5.059235095977783,652203830
5.242474317550659,652203830
5.4208714962005615,652203830
5.600649118423462,652203830
5.78758430480957,652203830
5.973960638046265,652203830
6.163553714752197,652203830
6.357064247131348,652203830
6.541693449020386,652203830
6.727803945541382,651830179
6.90844988822937,651830179
7.0983874797821045,651830179
7.288440942764282,651830179
7.467859745025635,651830179
7.702369213104248,651830179
8.033604383468628,651301106
8.383138418197632,651301106
8.713850736618042,649991458
8.975594758987427,647951532
9.178112506866455,647951532
9.179908990859985,647951532
