Time,Objective value
0.272749662399292,727252458
0.2744925022125244,727252458
0.48578858375549316,713447778
0.6986727714538574,708427727
0.9046378135681152,708219612
1.3138017654418945,689094170
1.6900475025177002,689094170
2.0326144695281982,689094170
2.3612654209136963,689094170
2.6957030296325684,689094170
3.057555675506592,689094170
3.4399659633636475,689094170
3.804246187210083,689094170
4.167670488357544,689094170
4.510734796524048,685979792
4.8211510181427,680289309
5.18355393409729,676036074
5.500300884246826,649991458
5.850046396255493,649991458
6.181577444076538,649991458
6.507762432098389,649991458
6.808261394500732,649991458
7.138721466064453,649991458
7.5017735958099365,649861707
7.839735746383667,649861707
8.077801704406738,646061548
8.264044046401978,646061548
8.447185516357422,646061548
8.640463590621948,646061548
8.813404560089111,646061548
9.049951076507568,646061548
9.051695346832275,646061548
