Time,Objective value
0.1038365364074707,156664
0.10384511947631836,156664
0.10385251045227051,156664
