Time,Objective value
0.07155394554138184,157400
0.07156038284301758,157400
0.07156682014465332,157400
