Time,Objective value
0.08627033233642578,157300
0.08627724647521973,157300
0.08628392219543457,157300
