Time,Objective value
0.13243937492370605,157238
0.1324472427368164,157238
0.13245439529418945,157238
