Time,Objective value
0.12064909934997559,155360
0.12065744400024414,155360
0.12066483497619629,155360
