Time,Objective value
0.03273463249206543,188
0.03274059295654297,188
0.0655360221862793,168
0.10439395904541016,168
0.1384291648864746,168
0.1753232479095459,168
0.21111392974853516,168
0.25232362747192383,168
0.2849874496459961,168
0.3177368640899658,168
0.350477933883667,168
0.38335227966308594,168
0.43303346633911133,168
0.49143028259277344,168
0.5499694347381592,168
0.608330249786377,168
0.6667888164520264,168
0.7251605987548828,168
0.7838778495788574,168
0.8428380489349365,168
0.9015381336212158,168
0.9607791900634766,168
1.0195183753967285,168
1.0782997608184814,168
1.1372182369232178,168
1.1960875988006592,168
1.1961042881011963,168
