Time,Objective value
3.107231378555298,49512
3.109358549118042,49512
4.796756267547607,48992
6.542012691497803,48976
8.21949815750122,48976
9.831458806991577,48878
11.48333740234375,48874
13.151601552963257,48776
15.036015033721924,48770
16.695950508117676,48770
18.476693153381348,48770
20.144134044647217,48718
21.671249866485596,48716
23.387865781784058,48714
25.00397300720215,48712
26.617990732192993,48684
28.25352430343628,48684
29.889063358306885,48680
31.49870228767395,48678
33.01449370384216,48654
34.58671760559082,48648
36.139503717422485,48586
37.60567021369934,48586
39.20850324630737,48586
40.85956597328186,48586
42.385353088378906,48586
42.38745713233948,48586
