Time,Objective value
3.065969944000244,49578
3.0681610107421875,49578
4.711021423339844,49004
6.536587953567505,48910
8.420842409133911,48886
10.073525190353394,48850
11.860503196716309,48806
13.598698854446411,48690
15.770824193954468,48662
18.248324394226074,48662
19.854349613189697,48662
21.518670082092285,48628
23.529419898986816,48598
26.121776342391968,48598
27.851842164993286,48598
29.302944898605347,48598
30.825161695480347,48574
32.36665940284729,48574
33.85962915420532,48574
35.30947160720825,48574
36.78161811828613,48574
38.349446058273315,48568
41.02214956283569,48556
41.02569317817688,48556
