Time,Objective value
4.713244438171387,49518
4.715763330459595,49518
6.492092609405518,48970
8.271510601043701,48930
9.954708814620972,48890
11.62148928642273,48844
13.275629997253418,48844
14.843174934387207,48844
16.492329359054565,48738
18.861151218414307,48738
20.450895309448242,48738
21.977673768997192,48738
23.571885347366333,48738
25.16605257987976,48704
26.671202898025513,48668
28.230666160583496,48668
30.61634111404419,48668
32.380980253219604,48618
34.18410658836365,48600
35.770211935043335,48594
38.14645600318909,48594
40.893580198287964,48594
42.53611087799072,48572
42.538498878479004,48572
