Time,Objective value
3.101722478866577,49178
3.1041224002838135,49178
4.7843451499938965,48844
6.430447578430176,48834
8.09330153465271,48810
10.208592414855957,48810
11.842065334320068,48714
13.448844194412231,48706
15.150191307067871,48706
16.78011441230774,48706
18.400593996047974,48680
20.00553798675537,48638
21.5973482131958,48570
23.16773223876953,48570
25.08859610557556,48570
28.49879503250122,48566
29.959022998809814,48566
31.474875688552856,48566
33.10024166107178,48566
34.73836278915405,48560
36.347907066345215,48560
37.94040107727051,48542
39.524978160858154,48542
41.31176018714905,48542
41.3139967918396,48542
