Time,Objective value
0.061699867248535156,49888
0.0617060661315918,49888
0.12257075309753418,49224
0.18389368057250977,49224
0.24497532844543457,49224
0.3059673309326172,49224
0.366945743560791,49224
0.4280407428741455,49224
0.48901939392089844,49224
0.5497677326202393,49224
0.6106913089752197,49224
0.6713893413543701,49224
0.7323472499847412,49224
0.793328046798706,49224
0.8545820713043213,49224
0.9155175685882568,49208
0.976534366607666,48998
1.0375211238861084,48998
1.0984292030334473,48998
1.1596527099609375,48998
1.2208459377288818,48998
1.2817788124084473,48998
1.3428270816802979,48998
1.4040117263793945,48998
1.4652907848358154,48998
1.526392936706543,48998
1.5263988971710205,48998
