Time,Objective value
0.0610048770904541,49366
0.06101059913635254,49366
0.1219482421875,49366
0.18318939208984375,49366
0.2443697452545166,49366
0.30576062202453613,49366
0.3669698238372803,49366
0.42818117141723633,49366
0.48906493186950684,49366
0.550112247467041,49252
0.6114101409912109,49252
0.6726739406585693,49252
0.7337081432342529,49252
0.794938325881958,49252
0.8561413288116455,49252
0.9171175956726074,49252
0.9784400463104248,49252
1.0394816398620605,49252
1.100517749786377,49252
1.1620008945465088,49160
1.2230947017669678,49160
1.284280776977539,49160
1.3455233573913574,49160
1.4069006443023682,49160
1.4684176445007324,49160
1.5297508239746094,49160
1.5297622680664062,49160
