Time,Objective value
0.06109285354614258,50098
0.06109809875488281,50098
0.12188172340393066,49890
0.18271708488464355,49350
0.2436065673828125,49350
0.30440783500671387,49350
0.36528587341308594,49350
0.4260976314544678,49350
0.4868888854980469,49350
0.5478360652923584,49350
0.6084794998168945,49350
0.6693315505981445,49350
0.7304692268371582,49232
0.7914950847625732,49232
0.8523399829864502,49232
0.9130895137786865,49232
0.9739434719085693,49232
1.0347392559051514,49232
1.0954890251159668,49232
1.1564157009124756,49232
1.2171366214752197,49232
1.2778513431549072,49138
1.338660717010498,49138
1.3995487689971924,49138
1.4604320526123047,49138
1.5216190814971924,49138
1.5216317176818848,49138
