Time,Objective value
0.06139779090881348,49480
0.06140327453613281,49480
0.12215900421142578,49342
0.18293333053588867,49342
0.24398303031921387,49342
0.3047819137573242,49342
0.36582183837890625,49342
0.4266929626464844,49342
0.487415075302124,49342
0.5485455989837646,49342
0.6094372272491455,49342
0.6702392101287842,49342
0.731194019317627,49342
0.7922890186309814,49342
0.8532421588897705,49342
0.9140810966491699,49342
0.9748396873474121,49002
1.0355145931243896,49002
1.0962119102478027,49002
1.1570265293121338,49002
1.218055009841919,49002
1.2790725231170654,49002
1.339935064315796,49002
1.400623083114624,49002
1.4617652893066406,49002
1.522486686706543,49002
1.5224931240081787,49002
