Time,Objective value
0.0988924503326416,67944
0.09890151023864746,67944
0.17447280883789062,67942
0.25012707710266113,67568
0.32508373260498047,67070
0.4037489891052246,67070
0.4568312168121338,67070
0.508765459060669,67070
0.5860590934753418,67070
0.6257669925689697,67070
0.6791915893554688,67070
0.7547645568847656,67070
0.8292183876037598,67070
0.9045200347900391,67070
0.9582555294036865,67070
1.0336763858795166,67070
4.24334979057312,67070
6.40920090675354,66906
8.544796705245972,66906
10.823423624038696,66906
13.485798120498657,66906
16.65564203262329,66858
18.05326223373413,66712
20.441534519195557,66686
22.310704231262207,66668
26.227081537246704,66540
28.667717933654785,66540
32.39734935760498,66540
35.66465210914612,66532
39.09890270233154,66492
41.3155415058136,66492
43.363722801208496,66492
44.830132246017456,66488
46.89602565765381,66488
48.769615650177,66488
50.884578227996826,66488
52.856220722198486,66488
52.85623288154602,66488
