Time,Objective value
0.07374429702758789,67730
0.07375359535217285,67730
0.1382153034210205,67730
0.19226694107055664,67730
0.278656005859375,67444
0.3422064781188965,67444
0.39366626739501953,67444
0.4576854705810547,67444
0.5109622478485107,67444
0.5754108428955078,67444
0.6844203472137451,67368
0.7366077899932861,67368
0.7891068458557129,67368
0.8768742084503174,67368
0.9539992809295654,67368
1.0265483856201172,67368
5.70060133934021,67102
8.797805309295654,67102
10.598736047744751,66894
12.752508640289307,66692
14.676153182983398,66680
16.670103311538696,66648
18.840540647506714,66594
20.80860447883606,66594
22.731584310531616,66594
25.026866912841797,66576
27.11030626296997,66576
29.19589900970459,66576
31.060449361801147,66576
33.85256767272949,66576
36.90331220626831,66576
40.89704155921936,66572
42.91992545127869,66572
44.957239627838135,66572
47.15075969696045,66572
49.03179621696472,66572
51.239161014556885,66572
53.144359827041626,66572
53.14437174797058,66572
