Time,Objective value
0.031426429748535156,68058
0.031433820724487305,68058
0.06257486343383789,67606
0.08810997009277344,67606
0.13444924354553223,67236
0.16413211822509766,67236
0.19547629356384277,67236
0.2310349941253662,67236
0.2672717571258545,67236
0.2873251438140869,67236
0.31920719146728516,67236
0.3732454776763916,67236
0.3986985683441162,67236
0.43026089668273926,67236
0.4621305465698242,67236
0.4984169006347656,67236
2.43638014793396,66898
5.204892635345459,66860
9.117770910263062,66860
12.379263162612915,66778
14.459773778915405,66778
15.856213808059692,66778
20.035354614257812,66778
22.131308794021606,66778
24.4683096408844,66778
26.353004932403564,66778
28.281976222991943,66778
30.015137910842896,66760
32.078160524368286,66760
33.97689247131348,66692
36.82858896255493,66614
39.607369899749756,66614
41.77087712287903,66614
44.064539432525635,66614
46.68054699897766,66614
48.40842008590698,66602
50.15268611907959,66602
52.48973846435547,66602
52.48974680900574,66602
