Time,Objective value
0.0430607795715332,67612
0.04306769371032715,67612
0.08481073379516602,67612
0.1324141025543213,67612
0.1686861515045166,67484
0.19454264640808105,67484
0.21991252899169922,67484
0.24547195434570312,67484
0.27608561515808105,67484
0.3075864315032959,67484
0.3497812747955322,67072
0.38547563552856445,67072
0.42291736602783203,67072
0.45511674880981445,67072
0.49779748916625977,67072
0.5233042240142822,67072
4.300120115280151,66830
7.423320055007935,66830
9.224974870681763,66830
11.89885687828064,66830
15.565763473510742,66808
17.4101722240448,66742
19.257689237594604,66666
21.45886540412903,66610
24.8889262676239,66610
28.10019326210022,66610
31.54662823677063,66610
33.856401205062866,66610
35.77489638328552,66606
37.73811435699463,66606
39.64073920249939,66550
43.382253885269165,66550
45.62195873260498,66544
47.85894012451172,66494
49.8291552066803,66482
52.57833743095398,66482
52.578349351882935,66482
