Time,Objective value
0.043389081954956055,68974
0.0433962345123291,68974
0.08009815216064453,67820
0.1218266487121582,67820
0.15339422225952148,67820
0.19005608558654785,67820
0.22679853439331055,67712
0.2533230781555176,67712
0.2837381362915039,67712
0.31511998176574707,67374
0.34639477729797363,67374
0.3884241580963135,67374
0.4251742362976074,67374
0.46178722381591797,67374
0.4927511215209961,67276
0.5237438678741455,67276
2.4419877529144287,66944
5.387440919876099,66698
7.368211984634399,66682
11.056483030319214,66640
14.995511770248413,66640
19.05848717689514,66486
21.214242935180664,66450
23.772172451019287,66412
25.895338535308838,66412
28.819134950637817,66412
34.03210425376892,66412
36.42162895202637,66412
38.27622079849243,66412
42.274224042892456,66412
46.53562259674072,66412
50.68913125991821,66412
52.764548540115356,66412
52.76456022262573,66412
