Time,Objective value
0.027416706085205078,68224
0.027422666549682617,68224
0.058562278747558594,68130
0.09034228324890137,68130
0.1325523853302002,67828
0.18017196655273438,67828
0.21701908111572266,67452
0.24175715446472168,67452
0.28385138511657715,67404
0.31501245498657227,67404
0.34042787551879883,67404
0.366962194442749,67404
0.4042389392852783,67404
0.4363079071044922,67404
0.4787557125091553,67404
0.5092849731445312,67404
2.6883177757263184,67072
4.8911473751068115,67072
7.228636264801025,66810
8.825328588485718,66608
10.951579332351685,66584
13.134957075119019,66584
15.096844911575317,66584
16.845090866088867,66584
19.91714382171631,66482
22.054215908050537,66482
24.25107717514038,66482
26.780407428741455,66482
28.488334894180298,66482
30.306459188461304,66482
31.952412843704224,66482
33.690191984176636,66482
36.25428819656372,66482
38.686179876327515,66482
41.59507656097412,66482
43.65085196495056,66482
45.66235709190369,66482
47.55229306221008,66346
49.628418922424316,66346
51.60964274406433,66346
53.79693150520325,66346
53.796942472457886,66346
