Time,Objective value
0.001062631607055664,9831280
0.0010716915130615234,9831280
0.008293628692626953,8847284
0.01727771759033203,8708476
0.026231050491333008,8623524
0.035188913345336914,8576024
0.044152021408081055,8548042
0.05310249328613281,8523108
0.06205105781555176,8501054
0.07101106643676758,8471946
0.0799570083618164,8451392
0.08891701698303223,8438788
0.09787344932556152,8426356
0.10682225227355957,8424692
0.11576986312866211,8422998
0.12491846084594727,8416870
0.1340804100036621,8413306
0.14325475692749023,8408606
0.1529543399810791,8399884
0.16254448890686035,8395504
0.17237138748168945,8388262
0.18205022811889648,8382418
0.19147038459777832,8378402
0.20103240013122559,8374166
0.21069812774658203,8372608
0.2199699878692627,8371398
0.2292919158935547,8367300
0.2386324405670166,8364710
0.2476346492767334,8361928
0.2566258907318115,8360888
0.26558685302734375,8360146
0.2746422290802002,8359768
0.2835066318511963,8357754
0.2924535274505615,8355166
0.3013639450073242,8354112
0.30982303619384766,8351990
0.30983614921569824,8351990
