Time,Objective value
0.0010368824005126953,9706206
0.0010454654693603516,9706206
0.007062196731567383,8959522
0.016052961349487305,8701366
0.0250396728515625,8640450
0.0340268611907959,8586178
0.04301190376281738,8566106
0.052007198333740234,8528438
0.06099557876586914,8504352
0.06998205184936523,8481214
0.07897520065307617,8473768
0.08796000480651855,8465354
0.09695243835449219,8457810
0.10593986511230469,8446854
0.11493539810180664,8424008
0.12416672706604004,8406388
0.13393616676330566,8392914
0.14363741874694824,8386326
0.15333199501037598,8373872
0.16289615631103516,8367944
0.17240285873413086,8364686
0.18220019340515137,8361222
0.19185495376586914,8358802
0.20144963264465332,8352326
0.2109067440032959,8350760
0.22020530700683594,8350286
0.2291860580444336,8349566
0.23804974555969238,8347832
0.24669814109802246,8346714
0.2553074359893799,8343846
0.26391005516052246,8342438
0.2724637985229492,8340050
0.28101110458374023,8336078
0.28986430168151855,8334076
0.29878830909729004,8333358
0.3071861267089844,8332282
0.307201623916626,8332282
