Time,Objective value
0.0010106563568115234,9749822
0.0010190010070800781,9749822
0.00805974006652832,8864290
0.016873598098754883,8711944
0.025848865509033203,8561718
0.03482770919799805,8519410
0.04380512237548828,8487640
0.05277085304260254,8462508
0.06174802780151367,8451128
0.07073044776916504,8436902
0.0797123908996582,8420004
0.08867907524108887,8414330
0.09764814376831055,8409378
0.10661697387695312,8400520
0.1155855655670166,8388324
0.12455940246582031,8381426
0.13371634483337402,8369184
0.14317655563354492,8360094
0.15282177925109863,8348866
0.16260910034179688,8342420
0.17207741737365723,8336814
0.18163681030273438,8335164
0.19124746322631836,8331956
0.2009131908416748,8329788
0.2106189727783203,8326964
0.22005558013916016,8323664
0.22939133644104004,8321256
0.2384350299835205,8316936
0.2473926544189453,8315694
0.25630664825439453,8310410
0.2652246952056885,8308400
0.27394914627075195,8306568
0.28278446197509766,8305288
0.2915186882019043,8305288
0.3000466823577881,8301802
0.3086223602294922,8301060
0.30863523483276367,8301060
