Time,Objective value
0.0006673336029052734,9814838
0.0011448860168457031,9690364
0.0038886070251464844,8882274
0.008428812026977539,8656688
0.01296687126159668,8552824
0.017500877380371094,8488844
0.02204108238220215,8448626
0.02660083770751953,8414420
0.03114175796508789,8394656
0.03568696975708008,8378162
0.040229082107543945,8368802
0.044765472412109375,8356430
0.04931354522705078,8351900
0.053846120834350586,8346444
0.05838918685913086,8342640
0.06292414665222168,8336504
0.06746506690979004,8333432
0.07200121879577637,8332240
0.07654500007629395,8329528
0.08108210563659668,8327266
0.08562135696411133,8326056
0.09014773368835449,8323684
0.09467887878417969,8321758
0.09921026229858398,8320032
0.10373854637145996,8317938
0.10827326774597168,8317938
0.11280941963195801,8317648
0.11734533309936523,8315146
0.12188005447387695,8314936
0.1264204978942871,8313392
0.13107776641845703,8313380
0.13573002815246582,8313380
0.14035916328430176,8309470
0.14499998092651367,8309228
0.14966511726379395,8309066
0.15428423881530762,8308014
0.1542959213256836,8308014
