Time,Objective value
0.0006611347198486328,9899736
0.0011606216430664062,9756560
0.004106998443603516,8883316
0.00865793228149414,8707340
0.013206243515014648,8588940
0.017747879028320312,8546422
0.02228093147277832,8514348
0.026872634887695312,8484640
0.03144478797912598,8457956
0.03600287437438965,8451476
0.0405733585357666,8434218
0.045133352279663086,8424744
0.0496981143951416,8420768
0.05426287651062012,8415906
0.058827877044677734,8412188
0.06338715553283691,8409440
0.06795573234558105,8406906
0.07251262664794922,8406556
0.07708263397216797,8401910
0.08163857460021973,8400192
0.0861964225769043,8398662
0.09075570106506348,8395010
0.09531188011169434,8393336
0.09987449645996094,8389828
0.10443234443664551,8386020
0.10899138450622559,8385814
0.1135411262512207,8383258
0.11810421943664551,8381162
0.1226508617401123,8377490
0.12720918655395508,8377490
0.13176417350769043,8377490
0.13631606101989746,8377434
0.14087224006652832,8376398
0.14542555809020996,8376398
0.15006136894226074,8375274
0.15473175048828125,8375274
0.15474319458007812,8375274
