Time,Objective value
0.0022351741790771484,3974
0.0022428035736083984,3974
0.002249002456665039,3974
