Time,Objective value
0.0020699501037597656,3892
0.002076387405395508,3892
0.0020825862884521484,3892
