Time,Objective value
0.002159595489501953,4002
0.002167224884033203,4002
0.0021741390228271484,4002
