Time,Objective value
0.0032873153686523438,3832
0.0032989978790283203,3832
0.003310680389404297,3832
