Time,Objective value
0.002301931381225586,3888
0.0023097991943359375,3888
0.0023164749145507812,3888
