Time,Objective value
0.0005972385406494141,813508500
0.0015537738800048828,548622036
0.002157926559448242,535072025
0.003371715545654297,525256078
0.0046041011810302734,522856616
0.005209684371948242,522396304
0.0064241886138916016,519971732
0.007035493850708008,519826674
0.008116722106933594,519619243
0.009067058563232422,519442547
0.010009050369262695,519321841
0.011415958404541016,519288712
0.012354850769042969,519288712
0.013304471969604492,519288712
0.01424551010131836,519288712
0.015185356140136719,519288712
0.016155242919921875,519288712
0.01709890365600586,519288712
0.018044710159301758,519288712
0.019459962844848633,519288712
0.020400524139404297,519288712
0.02133941650390625,519288712
0.022277116775512695,519288712
0.023215055465698242,519288712
0.024152278900146484,519288712
0.025090932846069336,519288712
0.0260317325592041,519288712
0.027434587478637695,519288712
0.028380870819091797,519288712
0.029320478439331055,519288712
0.0302579402923584,519288712
0.031195640563964844,519288712
0.032135009765625,519288712
0.03307390213012695,519288712
0.0340113639831543,519288712
0.035416364669799805,519288712
0.03635573387145996,519288712
0.037293434143066406,519288712
0.03823733329772949,519288712
0.03917694091796875,519288712
0.040114402770996094,519288712
0.04105257987976074,519288712
0.042456626892089844,519288712
0.043393850326538086,519288712
0.04433274269104004,519288712
0.04527115821838379,519288712
0.04620957374572754,519288712
0.04714608192443848,519288712
0.04809141159057617,519288712
0.04902935028076172,519288712
0.04950547218322754,519288712
