Time,Objective value
8.35048794746399,152206
8.351189136505127,152206
12.128767013549805,150970
15.622994184494019,150738
18.95105528831482,150516
22.383891344070435,150510
25.961095571517944,150490
30.849042177200317,150442
35.33401799201965,150396
41.45397877693176,150396
44.35173010826111,150396
47.56432056427002,150232
50.61156725883484,150140
55.0325653553009,150068
59.0681631565094,150068
62.89657139778137,150068
65.86329174041748,150068
69.11969304084778,150068
72.22312641143799,150068
75.40534377098083,150038
78.41765475273132,150038
81.38044357299805,150036
84.30191397666931,149990
89.69857430458069,149990
93.09869575500488,149990
96.1076226234436,149990
98.90966296195984,149990
101.51906061172485,149990
101.51978158950806,149990
