Time,Objective value
0.9005625247955322,35518
0.9011623859405518,35518
1.4646871089935303,34724
1.960416555404663,34700
2.494128942489624,34700
3.730922222137451,34680
4.778218746185303,34630
5.9286720752716064,34630
6.73834753036499,34578
7.5263991355896,34578
8.21480107307434,34578
8.704912185668945,34566
9.262704372406006,34566
9.75438117980957,34566
10.434664964675903,34566
10.927265405654907,34566
11.44812560081482,34562
11.933881998062134,34562
12.895428657531738,34562
13.607505321502686,34562
14.096359014511108,34554
14.785415649414062,34550
15.51442265510559,34550
16.5996675491333,34550
17.73098921775818,34550
18.591187000274658,34550
19.099599361419678,34550
19.584367036819458,34550
20.08758783340454,34550
20.67089343070984,34550
21.193819999694824,34542
21.753057718276978,34542
22.240944147109985,34542
23.110816478729248,34542
24.11150074005127,34542
25.12790584564209,34542
25.98186731338501,34542
26.75221014022827,34540
27.249558448791504,34540
27.76617121696472,34540
28.252563953399658,34540
28.67547106742859,34534
29.11116600036621,34534
29.59664249420166,34532
30.071171045303345,34532
30.521729469299316,34532
31.039337635040283,34532
31.57706046104431,34532
31.577630043029785,34532
