Time,Objective value
0.9189662933349609,35774
0.9195458889007568,35774
1.527703046798706,34826
2.0257506370544434,34798
2.5186963081359863,34774
3.0219008922576904,34774
3.562199831008911,34772
4.071645498275757,34742
4.678681135177612,34710
5.184222936630249,34678
5.678420543670654,34678
6.235528945922852,34670
6.769604206085205,34668
7.275516033172607,34656
7.772907972335815,34624
8.287195682525635,34624
8.770426988601685,34618
9.2662193775177,34616
9.793317079544067,34606
10.322033882141113,34606
10.834739923477173,34606
11.319706678390503,34606
11.800206184387207,34594
12.209481000900269,34594
12.606809854507446,34594
13.073314666748047,34548
13.510377168655396,34548
13.977230310440063,34548
14.476470470428467,34548
14.973320960998535,34548
15.392715454101562,34548
15.877852201461792,34548
16.320829153060913,34548
16.844053030014038,34548
17.297468423843384,34548
17.737771034240723,34548
18.19227147102356,34548
18.69897770881653,34548
19.224973678588867,34548
19.684150457382202,34548
20.13085150718689,34548
20.618851900100708,34546
21.102551698684692,34546
21.59520649909973,34546
22.119014501571655,34546
22.675055980682373,34546
23.1994891166687,34546
23.655171871185303,34546
24.137656688690186,34546
24.540467262268066,34546
25.006922245025635,34546
25.56995725631714,34546
26.030876874923706,34546
26.504242658615112,34546
26.97769546508789,34546
27.46465563774109,34546
27.929365396499634,34546
28.383719205856323,34546
29.080224752426147,34538
30.07720112800598,34532
31.13704490661621,34532
31.63655400276184,34532
31.63709282875061,34532
