Time,Objective value
0.8740944862365723,35112
0.874671220779419,35112
1.366269826889038,34844
1.8416845798492432,34738
2.3643951416015625,34738
2.9099762439727783,34738
3.370811939239502,34666
3.981740951538086,34666
4.499237775802612,34666
5.027799367904663,34636
5.534361362457275,34622
6.037325620651245,34610
6.761300086975098,34610
7.337553024291992,34610
7.853482246398926,34554
8.942322015762329,34554
9.989773035049438,34546
10.684269666671753,34530
11.204216241836548,34530
11.698766469955444,34530
12.822176933288574,34498
13.990607261657715,34498
15.040316581726074,34498
15.969334125518799,34498
16.93208622932434,34498
18.124797821044922,34498
19.24408793449402,34498
20.351029634475708,34498
21.27880096435547,34498
21.791180849075317,34498
22.552540063858032,34498
23.079564094543457,34496
23.574668407440186,34496
24.143030881881714,34496
24.676939010620117,34468
25.16515278816223,34466
25.671282529830933,34466
26.156850814819336,34466
26.856082677841187,34466
27.388689041137695,34466
28.464585542678833,34466
29.56023669242859,34466
30.49090051651001,34466
31.229378938674927,34466
32.21913290023804,34466
32.21965980529785,34466
