Time,Objective value
0.9844114780426025,35280
0.984987735748291,35280
1.504542589187622,34726
1.9986340999603271,34726
2.57948899269104,34726
3.6418991088867188,34710
4.220032691955566,34690
4.704479694366455,34690
5.6541454792022705,34690
6.836241245269775,34624
7.800169944763184,34624
8.320391178131104,34590
8.817946672439575,34590
9.296705484390259,34584
9.767953157424927,34582
10.325903177261353,34582
10.809297323226929,34566
11.345378875732422,34560
11.867364645004272,34560
12.361891269683838,34560
12.8686363697052,34556
13.41133999824524,34556
13.936421155929565,34508
14.427664995193481,34506
14.971632242202759,34506
15.481022357940674,34506
16.05744957923889,34506
16.62220525741577,34502
17.18025541305542,34502
17.698543787002563,34502
18.229318141937256,34500
18.84773564338684,34500
19.294975757598877,34500
19.866301774978638,34500
20.403599977493286,34500
20.889718532562256,34494
21.39096188545227,34486
21.846196174621582,34486
22.334600925445557,34486
22.807703256607056,34486
23.26919937133789,34486
23.760746479034424,34486
24.240049600601196,34486
24.719959259033203,34486
25.19812512397766,34486
25.75720763206482,34486
26.270573377609253,34486
26.77049231529236,34486
27.29897952079773,34486
27.843770265579224,34486
28.38239598274231,34486
28.900800704956055,34486
29.36877942085266,34486
29.83406400680542,34486
30.301958560943604,34486
30.76944088935852,34486
31.244274854660034,34486
31.73516321182251,34486
31.735721588134766,34486
