Time,Objective value
0.012801408767700195,35494
0.012808561325073242,35494
0.012815475463867188,35494
