Time,Objective value
0.013986349105834961,35078
0.013992786407470703,35078
0.013999700546264648,35078
