Time,Objective value
0.03191423416137695,35178
0.031922101974487305,35178
0.03192901611328125,35178
