Time,Objective value
0.01577615737915039,35182
0.015785932540893555,35182
0.015794038772583008,35182
