Time,Objective value
0.08785867691040039,151678
0.08786606788635254,151678
0.16176629066467285,151678
0.2942209243774414,151678
0.37860679626464844,151678
0.5085978507995605,151678
0.5946893692016602,151678
0.6812005043029785,151678
0.7784461975097656,151678
0.908001184463501,151678
1.0235586166381836,151678
1.106889247894287,151678
1.1940288543701172,151678
1.2668025493621826,151678
1.4124479293823242,151678
1.5124711990356445,151678
10.643286943435669,151232
22.700239658355713,150806
34.510393381118774,150498
42.45418906211853,150498
51.250606536865234,150498
66.35426139831543,150498
76.56505227088928,150456
87.89005970954895,150456
100.13748359680176,150442
100.13750076293945,150442
