Time,Objective value
0.102813720703125,153648
0.10282158851623535,153648
0.1028282642364502,153648
