Time,Objective value
0.08690834045410156,152852
0.08691811561584473,152852
0.08692502975463867,152852
