Time,Objective value
0.10310649871826172,152536
0.10311222076416016,152536
0.1031186580657959,152536
